#rep	gen	Y	X	TEs	silenced	denovo
1	0	1	1	10	n	n
1	0	1	2	10	n	n
1	0	1	3	0	n	n
1	0	1	4	0	n	n
1	0	1	5	0	n	n
1	0	1	6	0	n	n
1	0	1	7	0	n	n
1	0	1	8	0	n	n
1	0	1	9	0	n	n
1	0	1	10	0	n	n
1	0	1	11	0	n	n
1	0	1	12	0	n	n
1	0	1	13	0	n	n
1	0	1	14	0	n	n
1	0	1	15	0	n	n
1	0	1	16	0	n	n
1	0	1	17	0	n	n
1	0	1	18	0	n	n
1	0	1	19	0	n	n
1	0	1	20	0	n	n
1	0	1	21	0	n	n
1	0	1	22	0	n	n
1	0	1	23	0	n	n
1	0	1	24	0	n	n
1	0	1	25	0	n	n
1	0	1	26	0	n	n
1	0	1	27	0	n	n
1	0	1	28	0	n	n
1	0	1	29	0	n	n
1	0	1	30	0	n	n
1	0	1	31	0	n	n
1	0	1	32	0	n	n
1	0	1	33	0	n	n
1	0	1	34	0	n	n
1	0	1	35	0	n	n
1	0	1	36	0	n	n
1	0	1	37	0	n	n
1	0	1	38	0	n	n
1	0	1	39	0	n	n
1	0	1	40	0	n	n
1	0	1	41	0	n	n
1	0	1	42	0	n	n
1	0	1	43	0	n	n
1	0	1	44	0	n	n
1	0	1	45	0	n	n
1	0	1	46	0	n	n
1	0	1	47	0	n	n
1	0	1	48	0	n	n
1	0	1	49	0	n	n
1	0	1	50	0	n	n
1	0	2	1	10	n	n
1	0	2	2	10	n	n
1	0	2	3	0	n	n
1	0	2	4	0	n	n
1	0	2	5	0	n	n
1	0	2	6	0	n	n
1	0	2	7	0	n	n
1	0	2	8	0	n	n
1	0	2	9	0	n	n
1	0	2	10	0	n	n
1	0	2	11	0	n	n
1	0	2	12	0	n	n
1	0	2	13	0	n	n
1	0	2	14	0	n	n
1	0	2	15	0	n	n
1	0	2	16	0	n	n
1	0	2	17	0	n	n
1	0	2	18	0	n	n
1	0	2	19	0	n	n
1	0	2	20	0	n	n
1	0	2	21	0	n	n
1	0	2	22	0	n	n
1	0	2	23	0	n	n
1	0	2	24	0	n	n
1	0	2	25	0	n	n
1	0	2	26	0	n	n
1	0	2	27	0	n	n
1	0	2	28	0	n	n
1	0	2	29	0	n	n
1	0	2	30	0	n	n
1	0	2	31	0	n	n
1	0	2	32	0	n	n
1	0	2	33	0	n	n
1	0	2	34	0	n	n
1	0	2	35	0	n	n
1	0	2	36	0	n	n
1	0	2	37	0	n	n
1	0	2	38	0	n	n
1	0	2	39	0	n	n
1	0	2	40	0	n	n
1	0	2	41	0	n	n
1	0	2	42	0	n	n
1	0	2	43	0	n	n
1	0	2	44	0	n	n
1	0	2	45	0	n	n
1	0	2	46	0	n	n
1	0	2	47	0	n	n
1	0	2	48	0	n	n
1	0	2	49	0	n	n
1	0	2	50	0	n	n
1	0	3	1	10	n	n
1	0	3	2	10	n	n
1	0	3	3	0	n	n
1	0	3	4	0	n	n
1	0	3	5	0	n	n
1	0	3	6	0	n	n
1	0	3	7	0	n	n
1	0	3	8	0	n	n
1	0	3	9	0	n	n
1	0	3	10	0	n	n
1	0	3	11	0	n	n
1	0	3	12	0	n	n
1	0	3	13	0	n	n
1	0	3	14	0	n	n
1	0	3	15	0	n	n
1	0	3	16	0	n	n
1	0	3	17	0	n	n
1	0	3	18	0	n	n
1	0	3	19	0	n	n
1	0	3	20	0	n	n
1	0	3	21	0	n	n
1	0	3	22	0	n	n
1	0	3	23	0	n	n
1	0	3	24	0	n	n
1	0	3	25	0	n	n
1	0	3	26	0	n	n
1	0	3	27	0	n	n
1	0	3	28	0	n	n
1	0	3	29	0	n	n
1	0	3	30	0	n	n
1	0	3	31	0	n	n
1	0	3	32	0	n	n
1	0	3	33	0	n	n
1	0	3	34	0	n	n
1	0	3	35	0	n	n
1	0	3	36	0	n	n
1	0	3	37	0	n	n
1	0	3	38	0	n	n
1	0	3	39	0	n	n
1	0	3	40	0	n	n
1	0	3	41	0	n	n
1	0	3	42	0	n	n
1	0	3	43	0	n	n
1	0	3	44	0	n	n
1	0	3	45	0	n	n
1	0	3	46	0	n	n
1	0	3	47	0	n	n
1	0	3	48	0	n	n
1	0	3	49	0	n	n
1	0	3	50	0	n	n
1	0	4	1	10	n	n
1	0	4	2	10	n	n
1	0	4	3	0	n	n
1	0	4	4	0	n	n
1	0	4	5	0	n	n
1	0	4	6	0	n	n
1	0	4	7	0	n	n
1	0	4	8	0	n	n
1	0	4	9	0	n	n
1	0	4	10	0	n	n
1	0	4	11	0	n	n
1	0	4	12	0	n	n
1	0	4	13	0	n	n
1	0	4	14	0	n	n
1	0	4	15	0	n	n
1	0	4	16	0	n	n
1	0	4	17	0	n	n
1	0	4	18	0	n	n
1	0	4	19	0	n	n
1	0	4	20	0	n	n
1	0	4	21	0	n	n
1	0	4	22	0	n	n
1	0	4	23	0	n	n
1	0	4	24	0	n	n
1	0	4	25	0	n	n
1	0	4	26	0	n	n
1	0	4	27	0	n	n
1	0	4	28	0	n	n
1	0	4	29	0	n	n
1	0	4	30	0	n	n
1	0	4	31	0	n	n
1	0	4	32	0	n	n
1	0	4	33	0	n	n
1	0	4	34	0	n	n
1	0	4	35	0	n	n
1	0	4	36	0	n	n
1	0	4	37	0	n	n
1	0	4	38	0	n	n
1	0	4	39	0	n	n
1	0	4	40	0	n	n
1	0	4	41	0	n	n
1	0	4	42	0	n	n
1	0	4	43	0	n	n
1	0	4	44	0	n	n
1	0	4	45	0	n	n
1	0	4	46	0	n	n
1	0	4	47	0	n	n
1	0	4	48	0	n	n
1	0	4	49	0	n	n
1	0	4	50	0	n	n
1	0	5	1	10	n	n
1	0	5	2	10	n	n
1	0	5	3	0	n	n
1	0	5	4	0	n	n
1	0	5	5	0	n	n
1	0	5	6	0	n	n
1	0	5	7	0	n	n
1	0	5	8	0	n	n
1	0	5	9	0	n	n
1	0	5	10	0	n	n
1	0	5	11	0	n	n
1	0	5	12	0	n	n
1	0	5	13	0	n	n
1	0	5	14	0	n	n
1	0	5	15	0	n	n
1	0	5	16	0	n	n
1	0	5	17	0	n	n
1	0	5	18	0	n	n
1	0	5	19	0	n	n
1	0	5	20	0	n	n
1	0	5	21	0	n	n
1	0	5	22	0	n	n
1	0	5	23	0	n	n
1	0	5	24	0	n	n
1	0	5	25	0	n	n
1	0	5	26	0	n	n
1	0	5	27	0	n	n
1	0	5	28	0	n	n
1	0	5	29	0	n	n
1	0	5	30	0	n	n
1	0	5	31	0	n	n
1	0	5	32	0	n	n
1	0	5	33	0	n	n
1	0	5	34	0	n	n
1	0	5	35	0	n	n
1	0	5	36	0	n	n
1	0	5	37	0	n	n
1	0	5	38	0	n	n
1	0	5	39	0	n	n
1	0	5	40	0	n	n
1	0	5	41	0	n	n
1	0	5	42	0	n	n
1	0	5	43	0	n	n
1	0	5	44	0	n	n
1	0	5	45	0	n	n
1	0	5	46	0	n	n
1	0	5	47	0	n	n
1	0	5	48	0	n	n
1	0	5	49	0	n	n
1	0	5	50	0	n	n
1	0	6	1	10	n	n
1	0	6	2	10	n	n
1	0	6	3	0	n	n
1	0	6	4	0	n	n
1	0	6	5	0	n	n
1	0	6	6	0	n	n
1	0	6	7	0	n	n
1	0	6	8	0	n	n
1	0	6	9	0	n	n
1	0	6	10	0	n	n
1	0	6	11	0	n	n
1	0	6	12	0	n	n
1	0	6	13	0	n	n
1	0	6	14	0	n	n
1	0	6	15	0	n	n
1	0	6	16	0	n	n
1	0	6	17	0	n	n
1	0	6	18	0	n	n
1	0	6	19	0	n	n
1	0	6	20	0	n	n
1	0	6	21	0	n	n
1	0	6	22	0	n	n
1	0	6	23	0	n	n
1	0	6	24	0	n	n
1	0	6	25	0	n	n
1	0	6	26	0	n	n
1	0	6	27	0	n	n
1	0	6	28	0	n	n
1	0	6	29	0	n	n
1	0	6	30	0	n	n
1	0	6	31	0	n	n
1	0	6	32	0	n	n
1	0	6	33	0	n	n
1	0	6	34	0	n	n
1	0	6	35	0	n	n
1	0	6	36	0	n	n
1	0	6	37	0	n	n
1	0	6	38	0	n	n
1	0	6	39	0	n	n
1	0	6	40	0	n	n
1	0	6	41	0	n	n
1	0	6	42	0	n	n
1	0	6	43	0	n	n
1	0	6	44	0	n	n
1	0	6	45	0	n	n
1	0	6	46	0	n	n
1	0	6	47	0	n	n
1	0	6	48	0	n	n
1	0	6	49	0	n	n
1	0	6	50	0	n	n
1	0	7	1	10	n	n
1	0	7	2	10	n	n
1	0	7	3	0	n	n
1	0	7	4	0	n	n
1	0	7	5	0	n	n
1	0	7	6	0	n	n
1	0	7	7	0	n	n
1	0	7	8	0	n	n
1	0	7	9	0	n	n
1	0	7	10	0	n	n
1	0	7	11	0	n	n
1	0	7	12	0	n	n
1	0	7	13	0	n	n
1	0	7	14	0	n	n
1	0	7	15	0	n	n
1	0	7	16	0	n	n
1	0	7	17	0	n	n
1	0	7	18	0	n	n
1	0	7	19	0	n	n
1	0	7	20	0	n	n
1	0	7	21	0	n	n
1	0	7	22	0	n	n
1	0	7	23	0	n	n
1	0	7	24	0	n	n
1	0	7	25	0	n	n
1	0	7	26	0	n	n
1	0	7	27	0	n	n
1	0	7	28	0	n	n
1	0	7	29	0	n	n
1	0	7	30	0	n	n
1	0	7	31	0	n	n
1	0	7	32	0	n	n
1	0	7	33	0	n	n
1	0	7	34	0	n	n
1	0	7	35	0	n	n
1	0	7	36	0	n	n
1	0	7	37	0	n	n
1	0	7	38	0	n	n
1	0	7	39	0	n	n
1	0	7	40	0	n	n
1	0	7	41	0	n	n
1	0	7	42	0	n	n
1	0	7	43	0	n	n
1	0	7	44	0	n	n
1	0	7	45	0	n	n
1	0	7	46	0	n	n
1	0	7	47	0	n	n
1	0	7	48	0	n	n
1	0	7	49	0	n	n
1	0	7	50	0	n	n
1	0	8	1	10	n	n
1	0	8	2	10	n	n
1	0	8	3	0	n	n
1	0	8	4	0	n	n
1	0	8	5	0	n	n
1	0	8	6	0	n	n
1	0	8	7	0	n	n
1	0	8	8	0	n	n
1	0	8	9	0	n	n
1	0	8	10	0	n	n
1	0	8	11	0	n	n
1	0	8	12	0	n	n
1	0	8	13	0	n	n
1	0	8	14	0	n	n
1	0	8	15	0	n	n
1	0	8	16	0	n	n
1	0	8	17	0	n	n
1	0	8	18	0	n	n
1	0	8	19	0	n	n
1	0	8	20	0	n	n
1	0	8	21	0	n	n
1	0	8	22	0	n	n
1	0	8	23	0	n	n
1	0	8	24	0	n	n
1	0	8	25	0	n	n
1	0	8	26	0	n	n
1	0	8	27	0	n	n
1	0	8	28	0	n	n
1	0	8	29	0	n	n
1	0	8	30	0	n	n
1	0	8	31	0	n	n
1	0	8	32	0	n	n
1	0	8	33	0	n	n
1	0	8	34	0	n	n
1	0	8	35	0	n	n
1	0	8	36	0	n	n
1	0	8	37	0	n	n
1	0	8	38	0	n	n
1	0	8	39	0	n	n
1	0	8	40	0	n	n
1	0	8	41	0	n	n
1	0	8	42	0	n	n
1	0	8	43	0	n	n
1	0	8	44	0	n	n
1	0	8	45	0	n	n
1	0	8	46	0	n	n
1	0	8	47	0	n	n
1	0	8	48	0	n	n
1	0	8	49	0	n	n
1	0	8	50	0	n	n
1	0	9	1	10	n	n
1	0	9	2	10	n	n
1	0	9	3	0	n	n
1	0	9	4	0	n	n
1	0	9	5	0	n	n
1	0	9	6	0	n	n
1	0	9	7	0	n	n
1	0	9	8	0	n	n
1	0	9	9	0	n	n
1	0	9	10	0	n	n
1	0	9	11	0	n	n
1	0	9	12	0	n	n
1	0	9	13	0	n	n
1	0	9	14	0	n	n
1	0	9	15	0	n	n
1	0	9	16	0	n	n
1	0	9	17	0	n	n
1	0	9	18	0	n	n
1	0	9	19	0	n	n
1	0	9	20	0	n	n
1	0	9	21	0	n	n
1	0	9	22	0	n	n
1	0	9	23	0	n	n
1	0	9	24	0	n	n
1	0	9	25	0	n	n
1	0	9	26	0	n	n
1	0	9	27	0	n	n
1	0	9	28	0	n	n
1	0	9	29	0	n	n
1	0	9	30	0	n	n
1	0	9	31	0	n	n
1	0	9	32	0	n	n
1	0	9	33	0	n	n
1	0	9	34	0	n	n
1	0	9	35	0	n	n
1	0	9	36	0	n	n
1	0	9	37	0	n	n
1	0	9	38	0	n	n
1	0	9	39	0	n	n
1	0	9	40	0	n	n
1	0	9	41	0	n	n
1	0	9	42	0	n	n
1	0	9	43	0	n	n
1	0	9	44	0	n	n
1	0	9	45	0	n	n
1	0	9	46	0	n	n
1	0	9	47	0	n	n
1	0	9	48	0	n	n
1	0	9	49	0	n	n
1	0	9	50	0	n	n
1	0	10	1	10	n	n
1	0	10	2	10	n	n
1	0	10	3	0	n	n
1	0	10	4	0	n	n
1	0	10	5	0	n	n
1	0	10	6	0	n	n
1	0	10	7	0	n	n
1	0	10	8	0	n	n
1	0	10	9	0	n	n
1	0	10	10	0	n	n
1	0	10	11	0	n	n
1	0	10	12	0	n	n
1	0	10	13	0	n	n
1	0	10	14	0	n	n
1	0	10	15	0	n	n
1	0	10	16	0	n	n
1	0	10	17	0	n	n
1	0	10	18	0	n	n
1	0	10	19	0	n	n
1	0	10	20	0	n	n
1	0	10	21	0	n	n
1	0	10	22	0	n	n
1	0	10	23	0	n	n
1	0	10	24	0	n	n
1	0	10	25	0	n	n
1	0	10	26	0	n	n
1	0	10	27	0	n	n
1	0	10	28	0	n	n
1	0	10	29	0	n	n
1	0	10	30	0	n	n
1	0	10	31	0	n	n
1	0	10	32	0	n	n
1	0	10	33	0	n	n
1	0	10	34	0	n	n
1	0	10	35	0	n	n
1	0	10	36	0	n	n
1	0	10	37	0	n	n
1	0	10	38	0	n	n
1	0	10	39	0	n	n
1	0	10	40	0	n	n
1	0	10	41	0	n	n
1	0	10	42	0	n	n
1	0	10	43	0	n	n
1	0	10	44	0	n	n
1	0	10	45	0	n	n
1	0	10	46	0	n	n
1	0	10	47	0	n	n
1	0	10	48	0	n	n
1	0	10	49	0	n	n
1	0	10	50	0	n	n
1	0	11	1	10	n	n
1	0	11	2	10	n	n
1	0	11	3	0	n	n
1	0	11	4	0	n	n
1	0	11	5	0	n	n
1	0	11	6	0	n	n
1	0	11	7	0	n	n
1	0	11	8	0	n	n
1	0	11	9	0	n	n
1	0	11	10	0	n	n
1	0	11	11	0	n	n
1	0	11	12	0	n	n
1	0	11	13	0	n	n
1	0	11	14	0	n	n
1	0	11	15	0	n	n
1	0	11	16	0	n	n
1	0	11	17	0	n	n
1	0	11	18	0	n	n
1	0	11	19	0	n	n
1	0	11	20	0	n	n
1	0	11	21	0	n	n
1	0	11	22	0	n	n
1	0	11	23	0	n	n
1	0	11	24	0	n	n
1	0	11	25	0	n	n
1	0	11	26	0	n	n
1	0	11	27	0	n	n
1	0	11	28	0	n	n
1	0	11	29	0	n	n
1	0	11	30	0	n	n
1	0	11	31	0	n	n
1	0	11	32	0	n	n
1	0	11	33	0	n	n
1	0	11	34	0	n	n
1	0	11	35	0	n	n
1	0	11	36	0	n	n
1	0	11	37	0	n	n
1	0	11	38	0	n	n
1	0	11	39	0	n	n
1	0	11	40	0	n	n
1	0	11	41	0	n	n
1	0	11	42	0	n	n
1	0	11	43	0	n	n
1	0	11	44	0	n	n
1	0	11	45	0	n	n
1	0	11	46	0	n	n
1	0	11	47	0	n	n
1	0	11	48	0	n	n
1	0	11	49	0	n	n
1	0	11	50	0	n	n
1	0	12	1	10	n	n
1	0	12	2	10	n	n
1	0	12	3	0	n	n
1	0	12	4	0	n	n
1	0	12	5	0	n	n
1	0	12	6	0	n	n
1	0	12	7	0	n	n
1	0	12	8	0	n	n
1	0	12	9	0	n	n
1	0	12	10	0	n	n
1	0	12	11	0	n	n
1	0	12	12	0	n	n
1	0	12	13	0	n	n
1	0	12	14	0	n	n
1	0	12	15	0	n	n
1	0	12	16	0	n	n
1	0	12	17	0	n	n
1	0	12	18	0	n	n
1	0	12	19	0	n	n
1	0	12	20	0	n	n
1	0	12	21	0	n	n
1	0	12	22	0	n	n
1	0	12	23	0	n	n
1	0	12	24	0	n	n
1	0	12	25	0	n	n
1	0	12	26	0	n	n
1	0	12	27	0	n	n
1	0	12	28	0	n	n
1	0	12	29	0	n	n
1	0	12	30	0	n	n
1	0	12	31	0	n	n
1	0	12	32	0	n	n
1	0	12	33	0	n	n
1	0	12	34	0	n	n
1	0	12	35	0	n	n
1	0	12	36	0	n	n
1	0	12	37	0	n	n
1	0	12	38	0	n	n
1	0	12	39	0	n	n
1	0	12	40	0	n	n
1	0	12	41	0	n	n
1	0	12	42	0	n	n
1	0	12	43	0	n	n
1	0	12	44	0	n	n
1	0	12	45	0	n	n
1	0	12	46	0	n	n
1	0	12	47	0	n	n
1	0	12	48	0	n	n
1	0	12	49	0	n	n
1	0	12	50	0	n	n
1	0	13	1	10	n	n
1	0	13	2	10	n	n
1	0	13	3	0	n	n
1	0	13	4	0	n	n
1	0	13	5	0	n	n
1	0	13	6	0	n	n
1	0	13	7	0	n	n
1	0	13	8	0	n	n
1	0	13	9	0	n	n
1	0	13	10	0	n	n
1	0	13	11	0	n	n
1	0	13	12	0	n	n
1	0	13	13	0	n	n
1	0	13	14	0	n	n
1	0	13	15	0	n	n
1	0	13	16	0	n	n
1	0	13	17	0	n	n
1	0	13	18	0	n	n
1	0	13	19	0	n	n
1	0	13	20	0	n	n
1	0	13	21	0	n	n
1	0	13	22	0	n	n
1	0	13	23	0	n	n
1	0	13	24	0	n	n
1	0	13	25	0	n	n
1	0	13	26	0	n	n
1	0	13	27	0	n	n
1	0	13	28	0	n	n
1	0	13	29	0	n	n
1	0	13	30	0	n	n
1	0	13	31	0	n	n
1	0	13	32	0	n	n
1	0	13	33	0	n	n
1	0	13	34	0	n	n
1	0	13	35	0	n	n
1	0	13	36	0	n	n
1	0	13	37	0	n	n
1	0	13	38	0	n	n
1	0	13	39	0	n	n
1	0	13	40	0	n	n
1	0	13	41	0	n	n
1	0	13	42	0	n	n
1	0	13	43	0	n	n
1	0	13	44	0	n	n
1	0	13	45	0	n	n
1	0	13	46	0	n	n
1	0	13	47	0	n	n
1	0	13	48	0	n	n
1	0	13	49	0	n	n
1	0	13	50	0	n	n
1	0	14	1	10	n	n
1	0	14	2	10	n	n
1	0	14	3	0	n	n
1	0	14	4	0	n	n
1	0	14	5	0	n	n
1	0	14	6	0	n	n
1	0	14	7	0	n	n
1	0	14	8	0	n	n
1	0	14	9	0	n	n
1	0	14	10	0	n	n
1	0	14	11	0	n	n
1	0	14	12	0	n	n
1	0	14	13	0	n	n
1	0	14	14	0	n	n
1	0	14	15	0	n	n
1	0	14	16	0	n	n
1	0	14	17	0	n	n
1	0	14	18	0	n	n
1	0	14	19	0	n	n
1	0	14	20	0	n	n
1	0	14	21	0	n	n
1	0	14	22	0	n	n
1	0	14	23	0	n	n
1	0	14	24	0	n	n
1	0	14	25	0	n	n
1	0	14	26	0	n	n
1	0	14	27	0	n	n
1	0	14	28	0	n	n
1	0	14	29	0	n	n
1	0	14	30	0	n	n
1	0	14	31	0	n	n
1	0	14	32	0	n	n
1	0	14	33	0	n	n
1	0	14	34	0	n	n
1	0	14	35	0	n	n
1	0	14	36	0	n	n
1	0	14	37	0	n	n
1	0	14	38	0	n	n
1	0	14	39	0	n	n
1	0	14	40	0	n	n
1	0	14	41	0	n	n
1	0	14	42	0	n	n
1	0	14	43	0	n	n
1	0	14	44	0	n	n
1	0	14	45	0	n	n
1	0	14	46	0	n	n
1	0	14	47	0	n	n
1	0	14	48	0	n	n
1	0	14	49	0	n	n
1	0	14	50	0	n	n
1	0	15	1	10	n	n
1	0	15	2	10	n	n
1	0	15	3	0	n	n
1	0	15	4	0	n	n
1	0	15	5	0	n	n
1	0	15	6	0	n	n
1	0	15	7	0	n	n
1	0	15	8	0	n	n
1	0	15	9	0	n	n
1	0	15	10	0	n	n
1	0	15	11	0	n	n
1	0	15	12	0	n	n
1	0	15	13	0	n	n
1	0	15	14	0	n	n
1	0	15	15	0	n	n
1	0	15	16	0	n	n
1	0	15	17	0	n	n
1	0	15	18	0	n	n
1	0	15	19	0	n	n
1	0	15	20	0	n	n
1	0	15	21	0	n	n
1	0	15	22	0	n	n
1	0	15	23	0	n	n
1	0	15	24	0	n	n
1	0	15	25	0	n	n
1	0	15	26	0	n	n
1	0	15	27	0	n	n
1	0	15	28	0	n	n
1	0	15	29	0	n	n
1	0	15	30	0	n	n
1	0	15	31	0	n	n
1	0	15	32	0	n	n
1	0	15	33	0	n	n
1	0	15	34	0	n	n
1	0	15	35	0	n	n
1	0	15	36	0	n	n
1	0	15	37	0	n	n
1	0	15	38	0	n	n
1	0	15	39	0	n	n
1	0	15	40	0	n	n
1	0	15	41	0	n	n
1	0	15	42	0	n	n
1	0	15	43	0	n	n
1	0	15	44	0	n	n
1	0	15	45	0	n	n
1	0	15	46	0	n	n
1	0	15	47	0	n	n
1	0	15	48	0	n	n
1	0	15	49	0	n	n
1	0	15	50	0	n	n
1	0	16	1	10	n	n
1	0	16	2	10	n	n
1	0	16	3	0	n	n
1	0	16	4	0	n	n
1	0	16	5	0	n	n
1	0	16	6	0	n	n
1	0	16	7	0	n	n
1	0	16	8	0	n	n
1	0	16	9	0	n	n
1	0	16	10	0	n	n
1	0	16	11	0	n	n
1	0	16	12	0	n	n
1	0	16	13	0	n	n
1	0	16	14	0	n	n
1	0	16	15	0	n	n
1	0	16	16	0	n	n
1	0	16	17	0	n	n
1	0	16	18	0	n	n
1	0	16	19	0	n	n
1	0	16	20	0	n	n
1	0	16	21	0	n	n
1	0	16	22	0	n	n
1	0	16	23	0	n	n
1	0	16	24	0	n	n
1	0	16	25	0	n	n
1	0	16	26	0	n	n
1	0	16	27	0	n	n
1	0	16	28	0	n	n
1	0	16	29	0	n	n
1	0	16	30	0	n	n
1	0	16	31	0	n	n
1	0	16	32	0	n	n
1	0	16	33	0	n	n
1	0	16	34	0	n	n
1	0	16	35	0	n	n
1	0	16	36	0	n	n
1	0	16	37	0	n	n
1	0	16	38	0	n	n
1	0	16	39	0	n	n
1	0	16	40	0	n	n
1	0	16	41	0	n	n
1	0	16	42	0	n	n
1	0	16	43	0	n	n
1	0	16	44	0	n	n
1	0	16	45	0	n	n
1	0	16	46	0	n	n
1	0	16	47	0	n	n
1	0	16	48	0	n	n
1	0	16	49	0	n	n
1	0	16	50	0	n	n
1	0	17	1	10	n	n
1	0	17	2	10	n	n
1	0	17	3	0	n	n
1	0	17	4	0	n	n
1	0	17	5	0	n	n
1	0	17	6	0	n	n
1	0	17	7	0	n	n
1	0	17	8	0	n	n
1	0	17	9	0	n	n
1	0	17	10	0	n	n
1	0	17	11	0	n	n
1	0	17	12	0	n	n
1	0	17	13	0	n	n
1	0	17	14	0	n	n
1	0	17	15	0	n	n
1	0	17	16	0	n	n
1	0	17	17	0	n	n
1	0	17	18	0	n	n
1	0	17	19	0	n	n
1	0	17	20	0	n	n
1	0	17	21	0	n	n
1	0	17	22	0	n	n
1	0	17	23	0	n	n
1	0	17	24	0	n	n
1	0	17	25	0	n	n
1	0	17	26	0	n	n
1	0	17	27	0	n	n
1	0	17	28	0	n	n
1	0	17	29	0	n	n
1	0	17	30	0	n	n
1	0	17	31	0	n	n
1	0	17	32	0	n	n
1	0	17	33	0	n	n
1	0	17	34	0	n	n
1	0	17	35	0	n	n
1	0	17	36	0	n	n
1	0	17	37	0	n	n
1	0	17	38	0	n	n
1	0	17	39	0	n	n
1	0	17	40	0	n	n
1	0	17	41	0	n	n
1	0	17	42	0	n	n
1	0	17	43	0	n	n
1	0	17	44	0	n	n
1	0	17	45	0	n	n
1	0	17	46	0	n	n
1	0	17	47	0	n	n
1	0	17	48	0	n	n
1	0	17	49	0	n	n
1	0	17	50	0	n	n
1	0	18	1	10	n	n
1	0	18	2	10	n	n
1	0	18	3	0	n	n
1	0	18	4	0	n	n
1	0	18	5	0	n	n
1	0	18	6	0	n	n
1	0	18	7	0	n	n
1	0	18	8	0	n	n
1	0	18	9	0	n	n
1	0	18	10	0	n	n
1	0	18	11	0	n	n
1	0	18	12	0	n	n
1	0	18	13	0	n	n
1	0	18	14	0	n	n
1	0	18	15	0	n	n
1	0	18	16	0	n	n
1	0	18	17	0	n	n
1	0	18	18	0	n	n
1	0	18	19	0	n	n
1	0	18	20	0	n	n
1	0	18	21	0	n	n
1	0	18	22	0	n	n
1	0	18	23	0	n	n
1	0	18	24	0	n	n
1	0	18	25	0	n	n
1	0	18	26	0	n	n
1	0	18	27	0	n	n
1	0	18	28	0	n	n
1	0	18	29	0	n	n
1	0	18	30	0	n	n
1	0	18	31	0	n	n
1	0	18	32	0	n	n
1	0	18	33	0	n	n
1	0	18	34	0	n	n
1	0	18	35	0	n	n
1	0	18	36	0	n	n
1	0	18	37	0	n	n
1	0	18	38	0	n	n
1	0	18	39	0	n	n
1	0	18	40	0	n	n
1	0	18	41	0	n	n
1	0	18	42	0	n	n
1	0	18	43	0	n	n
1	0	18	44	0	n	n
1	0	18	45	0	n	n
1	0	18	46	0	n	n
1	0	18	47	0	n	n
1	0	18	48	0	n	n
1	0	18	49	0	n	n
1	0	18	50	0	n	n
1	0	19	1	10	n	n
1	0	19	2	10	n	n
1	0	19	3	0	n	n
1	0	19	4	0	n	n
1	0	19	5	0	n	n
1	0	19	6	0	n	n
1	0	19	7	0	n	n
1	0	19	8	0	n	n
1	0	19	9	0	n	n
1	0	19	10	0	n	n
1	0	19	11	0	n	n
1	0	19	12	0	n	n
1	0	19	13	0	n	n
1	0	19	14	0	n	n
1	0	19	15	0	n	n
1	0	19	16	0	n	n
1	0	19	17	0	n	n
1	0	19	18	0	n	n
1	0	19	19	0	n	n
1	0	19	20	0	n	n
1	0	19	21	0	n	n
1	0	19	22	0	n	n
1	0	19	23	0	n	n
1	0	19	24	0	n	n
1	0	19	25	0	n	n
1	0	19	26	0	n	n
1	0	19	27	0	n	n
1	0	19	28	0	n	n
1	0	19	29	0	n	n
1	0	19	30	0	n	n
1	0	19	31	0	n	n
1	0	19	32	0	n	n
1	0	19	33	0	n	n
1	0	19	34	0	n	n
1	0	19	35	0	n	n
1	0	19	36	0	n	n
1	0	19	37	0	n	n
1	0	19	38	0	n	n
1	0	19	39	0	n	n
1	0	19	40	0	n	n
1	0	19	41	0	n	n
1	0	19	42	0	n	n
1	0	19	43	0	n	n
1	0	19	44	0	n	n
1	0	19	45	0	n	n
1	0	19	46	0	n	n
1	0	19	47	0	n	n
1	0	19	48	0	n	n
1	0	19	49	0	n	n
1	0	19	50	0	n	n
1	0	20	1	10	n	n
1	0	20	2	10	n	n
1	0	20	3	0	n	n
1	0	20	4	0	n	n
1	0	20	5	0	n	n
1	0	20	6	0	n	n
1	0	20	7	0	n	n
1	0	20	8	0	n	n
1	0	20	9	0	n	n
1	0	20	10	0	n	n
1	0	20	11	0	n	n
1	0	20	12	0	n	n
1	0	20	13	0	n	n
1	0	20	14	0	n	n
1	0	20	15	0	n	n
1	0	20	16	0	n	n
1	0	20	17	0	n	n
1	0	20	18	0	n	n
1	0	20	19	0	n	n
1	0	20	20	0	n	n
1	0	20	21	0	n	n
1	0	20	22	0	n	n
1	0	20	23	0	n	n
1	0	20	24	0	n	n
1	0	20	25	0	n	n
1	0	20	26	0	n	n
1	0	20	27	0	n	n
1	0	20	28	0	n	n
1	0	20	29	0	n	n
1	0	20	30	0	n	n
1	0	20	31	0	n	n
1	0	20	32	0	n	n
1	0	20	33	0	n	n
1	0	20	34	0	n	n
1	0	20	35	0	n	n
1	0	20	36	0	n	n
1	0	20	37	0	n	n
1	0	20	38	0	n	n
1	0	20	39	0	n	n
1	0	20	40	0	n	n
1	0	20	41	0	n	n
1	0	20	42	0	n	n
1	0	20	43	0	n	n
1	0	20	44	0	n	n
1	0	20	45	0	n	n
1	0	20	46	0	n	n
1	0	20	47	0	n	n
1	0	20	48	0	n	n
1	0	20	49	0	n	n
1	0	20	50	0	n	n
1	10	1	1	3	n	n
1	10	1	2	14	n	n
1	10	1	3	2	n	n
1	10	1	4	3	n	n
1	10	1	5	0	n	n
1	10	1	6	0	n	n
1	10	1	7	0	n	n
1	10	1	8	0	n	n
1	10	1	9	0	n	n
1	10	1	10	0	n	n
1	10	1	11	0	n	n
1	10	1	12	0	n	n
1	10	1	13	0	n	n
1	10	1	14	0	n	n
1	10	1	15	0	n	n
1	10	1	16	0	n	n
1	10	1	17	0	n	n
1	10	1	18	0	n	n
1	10	1	19	0	n	n
1	10	1	20	0	n	n
1	10	1	21	0	n	n
1	10	1	22	0	n	n
1	10	1	23	0	n	n
1	10	1	24	0	n	n
1	10	1	25	0	n	n
1	10	1	26	0	n	n
1	10	1	27	0	n	n
1	10	1	28	0	n	n
1	10	1	29	0	n	n
1	10	1	30	0	n	n
1	10	1	31	0	n	n
1	10	1	32	0	n	n
1	10	1	33	0	n	n
1	10	1	34	0	n	n
1	10	1	35	0	n	n
1	10	1	36	0	n	n
1	10	1	37	0	n	n
1	10	1	38	0	n	n
1	10	1	39	0	n	n
1	10	1	40	0	n	n
1	10	1	41	0	n	n
1	10	1	42	0	n	n
1	10	1	43	0	n	n
1	10	1	44	0	n	n
1	10	1	45	0	n	n
1	10	1	46	0	n	n
1	10	1	47	0	n	n
1	10	1	48	0	n	n
1	10	1	49	0	n	n
1	10	1	50	0	n	n
1	10	2	1	25	n	n
1	10	2	2	4	n	n
1	10	2	3	9	n	n
1	10	2	4	3	n	n
1	10	2	5	1	n	n
1	10	2	6	5	n	n
1	10	2	7	0	n	n
1	10	2	8	0	n	n
1	10	2	9	0	n	n
1	10	2	10	0	n	n
1	10	2	11	0	n	n
1	10	2	12	0	n	n
1	10	2	13	0	n	n
1	10	2	14	0	n	n
1	10	2	15	0	n	n
1	10	2	16	0	n	n
1	10	2	17	0	n	n
1	10	2	18	0	n	n
1	10	2	19	0	n	n
1	10	2	20	0	n	n
1	10	2	21	0	n	n
1	10	2	22	0	n	n
1	10	2	23	0	n	n
1	10	2	24	0	n	n
1	10	2	25	0	n	n
1	10	2	26	0	n	n
1	10	2	27	0	n	n
1	10	2	28	0	n	n
1	10	2	29	0	n	n
1	10	2	30	0	n	n
1	10	2	31	0	n	n
1	10	2	32	0	n	n
1	10	2	33	0	n	n
1	10	2	34	0	n	n
1	10	2	35	0	n	n
1	10	2	36	0	n	n
1	10	2	37	0	n	n
1	10	2	38	0	n	n
1	10	2	39	0	n	n
1	10	2	40	0	n	n
1	10	2	41	0	n	n
1	10	2	42	0	n	n
1	10	2	43	0	n	n
1	10	2	44	0	n	n
1	10	2	45	0	n	n
1	10	2	46	0	n	n
1	10	2	47	0	n	n
1	10	2	48	0	n	n
1	10	2	49	0	n	n
1	10	2	50	0	n	n
1	10	3	1	5	n	n
1	10	3	2	6	n	n
1	10	3	3	6	n	n
1	10	3	4	6	n	n
1	10	3	5	7	n	n
1	10	3	6	1	n	n
1	10	3	7	0	n	n
1	10	3	8	0	n	n
1	10	3	9	0	n	n
1	10	3	10	0	n	n
1	10	3	11	0	n	n
1	10	3	12	0	n	n
1	10	3	13	0	n	n
1	10	3	14	0	n	n
1	10	3	15	0	n	n
1	10	3	16	0	n	n
1	10	3	17	0	n	n
1	10	3	18	0	n	n
1	10	3	19	0	n	n
1	10	3	20	0	n	n
1	10	3	21	0	n	n
1	10	3	22	0	n	n
1	10	3	23	0	n	n
1	10	3	24	0	n	n
1	10	3	25	0	n	n
1	10	3	26	0	n	n
1	10	3	27	0	n	n
1	10	3	28	0	n	n
1	10	3	29	0	n	n
1	10	3	30	0	n	n
1	10	3	31	0	n	n
1	10	3	32	0	n	n
1	10	3	33	0	n	n
1	10	3	34	0	n	n
1	10	3	35	0	n	n
1	10	3	36	0	n	n
1	10	3	37	0	n	n
1	10	3	38	0	n	n
1	10	3	39	0	n	n
1	10	3	40	0	n	n
1	10	3	41	0	n	n
1	10	3	42	0	n	n
1	10	3	43	0	n	n
1	10	3	44	0	n	n
1	10	3	45	0	n	n
1	10	3	46	0	n	n
1	10	3	47	0	n	n
1	10	3	48	0	n	n
1	10	3	49	0	n	n
1	10	3	50	0	n	n
1	10	4	1	6	n	n
1	10	4	2	8	n	n
1	10	4	3	6	n	n
1	10	4	4	5	n	n
1	10	4	5	11	n	n
1	10	4	6	0	n	n
1	10	4	7	2	n	n
1	10	4	8	0	n	n
1	10	4	9	0	n	n
1	10	4	10	0	n	n
1	10	4	11	0	n	n
1	10	4	12	0	n	n
1	10	4	13	0	n	n
1	10	4	14	0	n	n
1	10	4	15	0	n	n
1	10	4	16	0	n	n
1	10	4	17	0	n	n
1	10	4	18	0	n	n
1	10	4	19	0	n	n
1	10	4	20	0	n	n
1	10	4	21	0	n	n
1	10	4	22	0	n	n
1	10	4	23	0	n	n
1	10	4	24	0	n	n
1	10	4	25	0	n	n
1	10	4	26	0	n	n
1	10	4	27	0	n	n
1	10	4	28	0	n	n
1	10	4	29	0	n	n
1	10	4	30	0	n	n
1	10	4	31	0	n	n
1	10	4	32	0	n	n
1	10	4	33	0	n	n
1	10	4	34	0	n	n
1	10	4	35	0	n	n
1	10	4	36	0	n	n
1	10	4	37	0	n	n
1	10	4	38	0	n	n
1	10	4	39	0	n	n
1	10	4	40	0	n	n
1	10	4	41	0	n	n
1	10	4	42	0	n	n
1	10	4	43	0	n	n
1	10	4	44	0	n	n
1	10	4	45	0	n	n
1	10	4	46	0	n	n
1	10	4	47	0	n	n
1	10	4	48	0	n	n
1	10	4	49	0	n	n
1	10	4	50	0	n	n
1	10	5	1	5	n	n
1	10	5	2	8	n	n
1	10	5	3	4	n	n
1	10	5	4	2	n	n
1	10	5	5	1	n	n
1	10	5	6	7	n	n
1	10	5	7	2	n	n
1	10	5	8	3	n	n
1	10	5	9	0	n	n
1	10	5	10	0	n	n
1	10	5	11	0	n	n
1	10	5	12	0	n	n
1	10	5	13	0	n	n
1	10	5	14	0	n	n
1	10	5	15	0	n	n
1	10	5	16	0	n	n
1	10	5	17	0	n	n
1	10	5	18	0	n	n
1	10	5	19	0	n	n
1	10	5	20	0	n	n
1	10	5	21	0	n	n
1	10	5	22	0	n	n
1	10	5	23	0	n	n
1	10	5	24	0	n	n
1	10	5	25	0	n	n
1	10	5	26	0	n	n
1	10	5	27	0	n	n
1	10	5	28	0	n	n
1	10	5	29	0	n	n
1	10	5	30	0	n	n
1	10	5	31	0	n	n
1	10	5	32	0	n	n
1	10	5	33	0	n	n
1	10	5	34	0	n	n
1	10	5	35	0	n	n
1	10	5	36	0	n	n
1	10	5	37	0	n	n
1	10	5	38	0	n	n
1	10	5	39	0	n	n
1	10	5	40	0	n	n
1	10	5	41	0	n	n
1	10	5	42	0	n	n
1	10	5	43	0	n	n
1	10	5	44	0	n	n
1	10	5	45	0	n	n
1	10	5	46	0	n	n
1	10	5	47	0	n	n
1	10	5	48	0	n	n
1	10	5	49	0	n	n
1	10	5	50	0	n	n
1	10	6	1	7	n	n
1	10	6	2	8	n	n
1	10	6	3	9	n	n
1	10	6	4	16	n	n
1	10	6	5	7	n	n
1	10	6	6	0	n	n
1	10	6	7	3	n	n
1	10	6	8	2	n	n
1	10	6	9	0	n	n
1	10	6	10	0	n	n
1	10	6	11	0	n	n
1	10	6	12	0	n	n
1	10	6	13	0	n	n
1	10	6	14	0	n	n
1	10	6	15	0	n	n
1	10	6	16	0	n	n
1	10	6	17	0	n	n
1	10	6	18	0	n	n
1	10	6	19	0	n	n
1	10	6	20	0	n	n
1	10	6	21	0	n	n
1	10	6	22	0	n	n
1	10	6	23	0	n	n
1	10	6	24	0	n	n
1	10	6	25	0	n	n
1	10	6	26	0	n	n
1	10	6	27	0	n	n
1	10	6	28	0	n	n
1	10	6	29	0	n	n
1	10	6	30	0	n	n
1	10	6	31	0	n	n
1	10	6	32	0	n	n
1	10	6	33	0	n	n
1	10	6	34	0	n	n
1	10	6	35	0	n	n
1	10	6	36	0	n	n
1	10	6	37	0	n	n
1	10	6	38	0	n	n
1	10	6	39	0	n	n
1	10	6	40	0	n	n
1	10	6	41	0	n	n
1	10	6	42	0	n	n
1	10	6	43	0	n	n
1	10	6	44	0	n	n
1	10	6	45	0	n	n
1	10	6	46	0	n	n
1	10	6	47	0	n	n
1	10	6	48	0	n	n
1	10	6	49	0	n	n
1	10	6	50	0	n	n
1	10	7	1	10	n	n
1	10	7	2	12	n	n
1	10	7	3	11	n	n
1	10	7	4	6	n	n
1	10	7	5	9	n	n
1	10	7	6	0	n	n
1	10	7	7	0	n	n
1	10	7	8	3	n	n
1	10	7	9	0	n	n
1	10	7	10	0	n	n
1	10	7	11	0	n	n
1	10	7	12	0	n	n
1	10	7	13	0	n	n
1	10	7	14	0	n	n
1	10	7	15	0	n	n
1	10	7	16	0	n	n
1	10	7	17	0	n	n
1	10	7	18	0	n	n
1	10	7	19	0	n	n
1	10	7	20	0	n	n
1	10	7	21	0	n	n
1	10	7	22	0	n	n
1	10	7	23	0	n	n
1	10	7	24	0	n	n
1	10	7	25	0	n	n
1	10	7	26	0	n	n
1	10	7	27	0	n	n
1	10	7	28	0	n	n
1	10	7	29	0	n	n
1	10	7	30	0	n	n
1	10	7	31	0	n	n
1	10	7	32	0	n	n
1	10	7	33	0	n	n
1	10	7	34	0	n	n
1	10	7	35	0	n	n
1	10	7	36	0	n	n
1	10	7	37	0	n	n
1	10	7	38	0	n	n
1	10	7	39	0	n	n
1	10	7	40	0	n	n
1	10	7	41	0	n	n
1	10	7	42	0	n	n
1	10	7	43	0	n	n
1	10	7	44	0	n	n
1	10	7	45	0	n	n
1	10	7	46	0	n	n
1	10	7	47	0	n	n
1	10	7	48	0	n	n
1	10	7	49	0	n	n
1	10	7	50	0	n	n
1	10	8	1	11	n	n
1	10	8	2	6	n	n
1	10	8	3	6	n	n
1	10	8	4	6	n	n
1	10	8	5	4	n	n
1	10	8	6	8	n	n
1	10	8	7	3	n	n
1	10	8	8	0	n	n
1	10	8	9	0	n	n
1	10	8	10	0	n	n
1	10	8	11	0	n	n
1	10	8	12	0	n	n
1	10	8	13	0	n	n
1	10	8	14	0	n	n
1	10	8	15	0	n	n
1	10	8	16	0	n	n
1	10	8	17	0	n	n
1	10	8	18	0	n	n
1	10	8	19	0	n	n
1	10	8	20	0	n	n
1	10	8	21	0	n	n
1	10	8	22	0	n	n
1	10	8	23	0	n	n
1	10	8	24	0	n	n
1	10	8	25	0	n	n
1	10	8	26	0	n	n
1	10	8	27	0	n	n
1	10	8	28	0	n	n
1	10	8	29	0	n	n
1	10	8	30	0	n	n
1	10	8	31	0	n	n
1	10	8	32	0	n	n
1	10	8	33	0	n	n
1	10	8	34	0	n	n
1	10	8	35	0	n	n
1	10	8	36	0	n	n
1	10	8	37	0	n	n
1	10	8	38	0	n	n
1	10	8	39	0	n	n
1	10	8	40	0	n	n
1	10	8	41	0	n	n
1	10	8	42	0	n	n
1	10	8	43	0	n	n
1	10	8	44	0	n	n
1	10	8	45	0	n	n
1	10	8	46	0	n	n
1	10	8	47	0	n	n
1	10	8	48	0	n	n
1	10	8	49	0	n	n
1	10	8	50	0	n	n
1	10	9	1	7	n	n
1	10	9	2	9	n	n
1	10	9	3	12	n	n
1	10	9	4	6	n	n
1	10	9	5	0	n	n
1	10	9	6	4	n	n
1	10	9	7	2	n	n
1	10	9	8	2	n	n
1	10	9	9	0	n	n
1	10	9	10	0	n	n
1	10	9	11	0	n	n
1	10	9	12	0	n	n
1	10	9	13	0	n	n
1	10	9	14	0	n	n
1	10	9	15	0	n	n
1	10	9	16	0	n	n
1	10	9	17	0	n	n
1	10	9	18	0	n	n
1	10	9	19	0	n	n
1	10	9	20	0	n	n
1	10	9	21	0	n	n
1	10	9	22	0	n	n
1	10	9	23	0	n	n
1	10	9	24	0	n	n
1	10	9	25	0	n	n
1	10	9	26	0	n	n
1	10	9	27	0	n	n
1	10	9	28	0	n	n
1	10	9	29	0	n	n
1	10	9	30	0	n	n
1	10	9	31	0	n	n
1	10	9	32	0	n	n
1	10	9	33	0	n	n
1	10	9	34	0	n	n
1	10	9	35	0	n	n
1	10	9	36	0	n	n
1	10	9	37	0	n	n
1	10	9	38	0	n	n
1	10	9	39	0	n	n
1	10	9	40	0	n	n
1	10	9	41	0	n	n
1	10	9	42	0	n	n
1	10	9	43	0	n	n
1	10	9	44	0	n	n
1	10	9	45	0	n	n
1	10	9	46	0	n	n
1	10	9	47	0	n	n
1	10	9	48	0	n	n
1	10	9	49	0	n	n
1	10	9	50	0	n	n
1	10	10	1	11	n	n
1	10	10	2	8	n	n
1	10	10	3	6	n	n
1	10	10	4	5	n	n
1	10	10	5	4	n	n
1	10	10	6	1	n	n
1	10	10	7	8	n	n
1	10	10	8	2	n	n
1	10	10	9	0	n	n
1	10	10	10	0	n	n
1	10	10	11	0	n	n
1	10	10	12	0	n	n
1	10	10	13	0	n	n
1	10	10	14	0	n	n
1	10	10	15	0	n	n
1	10	10	16	0	n	n
1	10	10	17	0	n	n
1	10	10	18	0	n	n
1	10	10	19	0	n	n
1	10	10	20	0	n	n
1	10	10	21	0	n	n
1	10	10	22	0	n	n
1	10	10	23	0	n	n
1	10	10	24	0	n	n
1	10	10	25	0	n	n
1	10	10	26	0	n	n
1	10	10	27	0	n	n
1	10	10	28	0	n	n
1	10	10	29	0	n	n
1	10	10	30	0	n	n
1	10	10	31	0	n	n
1	10	10	32	0	n	n
1	10	10	33	0	n	n
1	10	10	34	0	n	n
1	10	10	35	0	n	n
1	10	10	36	0	n	n
1	10	10	37	0	n	n
1	10	10	38	0	n	n
1	10	10	39	0	n	n
1	10	10	40	0	n	n
1	10	10	41	0	n	n
1	10	10	42	0	n	n
1	10	10	43	0	n	n
1	10	10	44	0	n	n
1	10	10	45	0	n	n
1	10	10	46	0	n	n
1	10	10	47	0	n	n
1	10	10	48	0	n	n
1	10	10	49	0	n	n
1	10	10	50	0	n	n
1	10	11	1	8	n	n
1	10	11	2	5	n	n
1	10	11	3	8	n	n
1	10	11	4	3	n	n
1	10	11	5	1	n	n
1	10	11	6	0	n	n
1	10	11	7	0	n	n
1	10	11	8	0	n	n
1	10	11	9	0	n	n
1	10	11	10	0	n	n
1	10	11	11	0	n	n
1	10	11	12	0	n	n
1	10	11	13	0	n	n
1	10	11	14	0	n	n
1	10	11	15	0	n	n
1	10	11	16	0	n	n
1	10	11	17	0	n	n
1	10	11	18	0	n	n
1	10	11	19	0	n	n
1	10	11	20	0	n	n
1	10	11	21	0	n	n
1	10	11	22	0	n	n
1	10	11	23	0	n	n
1	10	11	24	0	n	n
1	10	11	25	0	n	n
1	10	11	26	0	n	n
1	10	11	27	0	n	n
1	10	11	28	0	n	n
1	10	11	29	0	n	n
1	10	11	30	0	n	n
1	10	11	31	0	n	n
1	10	11	32	0	n	n
1	10	11	33	0	n	n
1	10	11	34	0	n	n
1	10	11	35	0	n	n
1	10	11	36	0	n	n
1	10	11	37	0	n	n
1	10	11	38	0	n	n
1	10	11	39	0	n	n
1	10	11	40	0	n	n
1	10	11	41	0	n	n
1	10	11	42	0	n	n
1	10	11	43	0	n	n
1	10	11	44	0	n	n
1	10	11	45	0	n	n
1	10	11	46	0	n	n
1	10	11	47	0	n	n
1	10	11	48	0	n	n
1	10	11	49	0	n	n
1	10	11	50	0	n	n
1	10	12	1	8	n	n
1	10	12	2	7	n	n
1	10	12	3	1	n	n
1	10	12	4	4	n	n
1	10	12	5	0	n	n
1	10	12	6	1	n	n
1	10	12	7	0	n	n
1	10	12	8	0	n	n
1	10	12	9	0	n	n
1	10	12	10	0	n	n
1	10	12	11	0	n	n
1	10	12	12	0	n	n
1	10	12	13	0	n	n
1	10	12	14	0	n	n
1	10	12	15	0	n	n
1	10	12	16	0	n	n
1	10	12	17	0	n	n
1	10	12	18	0	n	n
1	10	12	19	0	n	n
1	10	12	20	0	n	n
1	10	12	21	0	n	n
1	10	12	22	0	n	n
1	10	12	23	0	n	n
1	10	12	24	0	n	n
1	10	12	25	0	n	n
1	10	12	26	0	n	n
1	10	12	27	0	n	n
1	10	12	28	0	n	n
1	10	12	29	0	n	n
1	10	12	30	0	n	n
1	10	12	31	0	n	n
1	10	12	32	0	n	n
1	10	12	33	0	n	n
1	10	12	34	0	n	n
1	10	12	35	0	n	n
1	10	12	36	0	n	n
1	10	12	37	0	n	n
1	10	12	38	0	n	n
1	10	12	39	0	n	n
1	10	12	40	0	n	n
1	10	12	41	0	n	n
1	10	12	42	0	n	n
1	10	12	43	0	n	n
1	10	12	44	0	n	n
1	10	12	45	0	n	n
1	10	12	46	0	n	n
1	10	12	47	0	n	n
1	10	12	48	0	n	n
1	10	12	49	0	n	n
1	10	12	50	0	n	n
1	10	13	1	6	n	n
1	10	13	2	9	n	n
1	10	13	3	0	n	n
1	10	13	4	3	n	n
1	10	13	5	1	n	n
1	10	13	6	1	n	n
1	10	13	7	0	n	n
1	10	13	8	0	n	n
1	10	13	9	0	n	n
1	10	13	10	0	n	n
1	10	13	11	0	n	n
1	10	13	12	0	n	n
1	10	13	13	0	n	n
1	10	13	14	0	n	n
1	10	13	15	0	n	n
1	10	13	16	0	n	n
1	10	13	17	0	n	n
1	10	13	18	0	n	n
1	10	13	19	0	n	n
1	10	13	20	0	n	n
1	10	13	21	0	n	n
1	10	13	22	0	n	n
1	10	13	23	0	n	n
1	10	13	24	0	n	n
1	10	13	25	0	n	n
1	10	13	26	0	n	n
1	10	13	27	0	n	n
1	10	13	28	0	n	n
1	10	13	29	0	n	n
1	10	13	30	0	n	n
1	10	13	31	0	n	n
1	10	13	32	0	n	n
1	10	13	33	0	n	n
1	10	13	34	0	n	n
1	10	13	35	0	n	n
1	10	13	36	0	n	n
1	10	13	37	0	n	n
1	10	13	38	0	n	n
1	10	13	39	0	n	n
1	10	13	40	0	n	n
1	10	13	41	0	n	n
1	10	13	42	0	n	n
1	10	13	43	0	n	n
1	10	13	44	0	n	n
1	10	13	45	0	n	n
1	10	13	46	0	n	n
1	10	13	47	0	n	n
1	10	13	48	0	n	n
1	10	13	49	0	n	n
1	10	13	50	0	n	n
1	10	14	1	8	n	n
1	10	14	2	6	n	n
1	10	14	3	0	n	n
1	10	14	4	0	n	n
1	10	14	5	2	n	n
1	10	14	6	2	n	n
1	10	14	7	0	n	n
1	10	14	8	0	n	n
1	10	14	9	0	n	n
1	10	14	10	0	n	n
1	10	14	11	0	n	n
1	10	14	12	0	n	n
1	10	14	13	0	n	n
1	10	14	14	0	n	n
1	10	14	15	0	n	n
1	10	14	16	0	n	n
1	10	14	17	0	n	n
1	10	14	18	0	n	n
1	10	14	19	0	n	n
1	10	14	20	0	n	n
1	10	14	21	0	n	n
1	10	14	22	0	n	n
1	10	14	23	0	n	n
1	10	14	24	0	n	n
1	10	14	25	0	n	n
1	10	14	26	0	n	n
1	10	14	27	0	n	n
1	10	14	28	0	n	n
1	10	14	29	0	n	n
1	10	14	30	0	n	n
1	10	14	31	0	n	n
1	10	14	32	0	n	n
1	10	14	33	0	n	n
1	10	14	34	0	n	n
1	10	14	35	0	n	n
1	10	14	36	0	n	n
1	10	14	37	0	n	n
1	10	14	38	0	n	n
1	10	14	39	0	n	n
1	10	14	40	0	n	n
1	10	14	41	0	n	n
1	10	14	42	0	n	n
1	10	14	43	0	n	n
1	10	14	44	0	n	n
1	10	14	45	0	n	n
1	10	14	46	0	n	n
1	10	14	47	0	n	n
1	10	14	48	0	n	n
1	10	14	49	0	n	n
1	10	14	50	0	n	n
1	10	15	1	10	n	n
1	10	15	2	6	n	n
1	10	15	3	2	n	n
1	10	15	4	3	n	n
1	10	15	5	0	n	n
1	10	15	6	0	n	n
1	10	15	7	0	n	n
1	10	15	8	0	n	n
1	10	15	9	0	n	n
1	10	15	10	0	n	n
1	10	15	11	0	n	n
1	10	15	12	0	n	n
1	10	15	13	0	n	n
1	10	15	14	0	n	n
1	10	15	15	0	n	n
1	10	15	16	0	n	n
1	10	15	17	0	n	n
1	10	15	18	0	n	n
1	10	15	19	0	n	n
1	10	15	20	0	n	n
1	10	15	21	0	n	n
1	10	15	22	0	n	n
1	10	15	23	0	n	n
1	10	15	24	0	n	n
1	10	15	25	0	n	n
1	10	15	26	0	n	n
1	10	15	27	0	n	n
1	10	15	28	0	n	n
1	10	15	29	0	n	n
1	10	15	30	0	n	n
1	10	15	31	0	n	n
1	10	15	32	0	n	n
1	10	15	33	0	n	n
1	10	15	34	0	n	n
1	10	15	35	0	n	n
1	10	15	36	0	n	n
1	10	15	37	0	n	n
1	10	15	38	0	n	n
1	10	15	39	0	n	n
1	10	15	40	0	n	n
1	10	15	41	0	n	n
1	10	15	42	0	n	n
1	10	15	43	0	n	n
1	10	15	44	0	n	n
1	10	15	45	0	n	n
1	10	15	46	0	n	n
1	10	15	47	0	n	n
1	10	15	48	0	n	n
1	10	15	49	0	n	n
1	10	15	50	0	n	n
1	10	16	1	5	n	n
1	10	16	2	4	n	n
1	10	16	3	8	n	n
1	10	16	4	3	n	n
1	10	16	5	0	n	n
1	10	16	6	0	n	n
1	10	16	7	0	n	n
1	10	16	8	0	n	n
1	10	16	9	0	n	n
1	10	16	10	0	n	n
1	10	16	11	0	n	n
1	10	16	12	0	n	n
1	10	16	13	0	n	n
1	10	16	14	0	n	n
1	10	16	15	0	n	n
1	10	16	16	0	n	n
1	10	16	17	0	n	n
1	10	16	18	0	n	n
1	10	16	19	0	n	n
1	10	16	20	0	n	n
1	10	16	21	0	n	n
1	10	16	22	0	n	n
1	10	16	23	0	n	n
1	10	16	24	0	n	n
1	10	16	25	0	n	n
1	10	16	26	0	n	n
1	10	16	27	0	n	n
1	10	16	28	0	n	n
1	10	16	29	0	n	n
1	10	16	30	0	n	n
1	10	16	31	0	n	n
1	10	16	32	0	n	n
1	10	16	33	0	n	n
1	10	16	34	0	n	n
1	10	16	35	0	n	n
1	10	16	36	0	n	n
1	10	16	37	0	n	n
1	10	16	38	0	n	n
1	10	16	39	0	n	n
1	10	16	40	0	n	n
1	10	16	41	0	n	n
1	10	16	42	0	n	n
1	10	16	43	0	n	n
1	10	16	44	0	n	n
1	10	16	45	0	n	n
1	10	16	46	0	n	n
1	10	16	47	0	n	n
1	10	16	48	0	n	n
1	10	16	49	0	n	n
1	10	16	50	0	n	n
1	10	17	1	14	n	n
1	10	17	2	13	n	n
1	10	17	3	2	n	n
1	10	17	4	0	n	n
1	10	17	5	5	n	n
1	10	17	6	0	n	n
1	10	17	7	3	n	n
1	10	17	8	5	n	n
1	10	17	9	0	n	n
1	10	17	10	0	n	n
1	10	17	11	0	n	n
1	10	17	12	0	n	n
1	10	17	13	0	n	n
1	10	17	14	0	n	n
1	10	17	15	0	n	n
1	10	17	16	0	n	n
1	10	17	17	0	n	n
1	10	17	18	0	n	n
1	10	17	19	0	n	n
1	10	17	20	0	n	n
1	10	17	21	0	n	n
1	10	17	22	0	n	n
1	10	17	23	0	n	n
1	10	17	24	0	n	n
1	10	17	25	0	n	n
1	10	17	26	0	n	n
1	10	17	27	0	n	n
1	10	17	28	0	n	n
1	10	17	29	0	n	n
1	10	17	30	0	n	n
1	10	17	31	0	n	n
1	10	17	32	0	n	n
1	10	17	33	0	n	n
1	10	17	34	0	n	n
1	10	17	35	0	n	n
1	10	17	36	0	n	n
1	10	17	37	0	n	n
1	10	17	38	0	n	n
1	10	17	39	0	n	n
1	10	17	40	0	n	n
1	10	17	41	0	n	n
1	10	17	42	0	n	n
1	10	17	43	0	n	n
1	10	17	44	0	n	n
1	10	17	45	0	n	n
1	10	17	46	0	n	n
1	10	17	47	0	n	n
1	10	17	48	0	n	n
1	10	17	49	0	n	n
1	10	17	50	0	n	n
1	10	18	1	13	n	n
1	10	18	2	14	n	n
1	10	18	3	7	n	n
1	10	18	4	0	n	n
1	10	18	5	0	n	n
1	10	18	6	0	n	n
1	10	18	7	0	n	n
1	10	18	8	0	n	n
1	10	18	9	0	n	n
1	10	18	10	0	n	n
1	10	18	11	0	n	n
1	10	18	12	0	n	n
1	10	18	13	0	n	n
1	10	18	14	0	n	n
1	10	18	15	0	n	n
1	10	18	16	0	n	n
1	10	18	17	0	n	n
1	10	18	18	0	n	n
1	10	18	19	0	n	n
1	10	18	20	0	n	n
1	10	18	21	0	n	n
1	10	18	22	0	n	n
1	10	18	23	0	n	n
1	10	18	24	0	n	n
1	10	18	25	0	n	n
1	10	18	26	0	n	n
1	10	18	27	0	n	n
1	10	18	28	0	n	n
1	10	18	29	0	n	n
1	10	18	30	0	n	n
1	10	18	31	0	n	n
1	10	18	32	0	n	n
1	10	18	33	0	n	n
1	10	18	34	0	n	n
1	10	18	35	0	n	n
1	10	18	36	0	n	n
1	10	18	37	0	n	n
1	10	18	38	0	n	n
1	10	18	39	0	n	n
1	10	18	40	0	n	n
1	10	18	41	0	n	n
1	10	18	42	0	n	n
1	10	18	43	0	n	n
1	10	18	44	0	n	n
1	10	18	45	0	n	n
1	10	18	46	0	n	n
1	10	18	47	0	n	n
1	10	18	48	0	n	n
1	10	18	49	0	n	n
1	10	18	50	0	n	n
1	10	19	1	24	n	n
1	10	19	2	11	n	n
1	10	19	3	5	n	n
1	10	19	4	24	n	n
1	10	19	5	6	n	n
1	10	19	6	0	n	n
1	10	19	7	5	n	n
1	10	19	8	0	n	n
1	10	19	9	0	n	n
1	10	19	10	0	n	n
1	10	19	11	0	n	n
1	10	19	12	0	n	n
1	10	19	13	0	n	n
1	10	19	14	0	n	n
1	10	19	15	0	n	n
1	10	19	16	0	n	n
1	10	19	17	0	n	n
1	10	19	18	0	n	n
1	10	19	19	0	n	n
1	10	19	20	0	n	n
1	10	19	21	0	n	n
1	10	19	22	0	n	n
1	10	19	23	0	n	n
1	10	19	24	0	n	n
1	10	19	25	0	n	n
1	10	19	26	0	n	n
1	10	19	27	0	n	n
1	10	19	28	0	n	n
1	10	19	29	0	n	n
1	10	19	30	0	n	n
1	10	19	31	0	n	n
1	10	19	32	0	n	n
1	10	19	33	0	n	n
1	10	19	34	0	n	n
1	10	19	35	0	n	n
1	10	19	36	0	n	n
1	10	19	37	0	n	n
1	10	19	38	0	n	n
1	10	19	39	0	n	n
1	10	19	40	0	n	n
1	10	19	41	0	n	n
1	10	19	42	0	n	n
1	10	19	43	0	n	n
1	10	19	44	0	n	n
1	10	19	45	0	n	n
1	10	19	46	0	n	n
1	10	19	47	0	n	n
1	10	19	48	0	n	n
1	10	19	49	0	n	n
1	10	19	50	0	n	n
1	10	20	1	19	n	n
1	10	20	2	22	n	n
1	10	20	3	13	n	n
1	10	20	4	12	n	n
1	10	20	5	10	n	n
1	10	20	6	7	n	n
1	10	20	7	0	n	n
1	10	20	8	0	n	n
1	10	20	9	0	n	n
1	10	20	10	0	n	n
1	10	20	11	0	n	n
1	10	20	12	0	n	n
1	10	20	13	0	n	n
1	10	20	14	0	n	n
1	10	20	15	0	n	n
1	10	20	16	0	n	n
1	10	20	17	0	n	n
1	10	20	18	0	n	n
1	10	20	19	0	n	n
1	10	20	20	0	n	n
1	10	20	21	0	n	n
1	10	20	22	0	n	n
1	10	20	23	0	n	n
1	10	20	24	0	n	n
1	10	20	25	0	n	n
1	10	20	26	0	n	n
1	10	20	27	0	n	n
1	10	20	28	0	n	n
1	10	20	29	0	n	n
1	10	20	30	0	n	n
1	10	20	31	0	n	n
1	10	20	32	0	n	n
1	10	20	33	0	n	n
1	10	20	34	0	n	n
1	10	20	35	0	n	n
1	10	20	36	0	n	n
1	10	20	37	0	n	n
1	10	20	38	0	n	n
1	10	20	39	0	n	n
1	10	20	40	0	n	n
1	10	20	41	0	n	n
1	10	20	42	0	n	n
1	10	20	43	0	n	n
1	10	20	44	0	n	n
1	10	20	45	0	n	n
1	10	20	46	0	n	n
1	10	20	47	0	n	n
1	10	20	48	0	n	n
1	10	20	49	0	n	n
1	10	20	50	0	n	n
1	20	1	1	6	n	n
1	20	1	2	9	n	n
1	20	1	3	7	n	n
1	20	1	4	7	n	n
1	20	1	5	4	n	n
1	20	1	6	4	n	n
1	20	1	7	1	n	n
1	20	1	8	3	n	n
1	20	1	9	3	n	n
1	20	1	10	0	n	n
1	20	1	11	0	n	n
1	20	1	12	0	n	n
1	20	1	13	0	n	n
1	20	1	14	0	n	n
1	20	1	15	0	n	n
1	20	1	16	0	n	n
1	20	1	17	0	n	n
1	20	1	18	0	n	n
1	20	1	19	0	n	n
1	20	1	20	0	n	n
1	20	1	21	0	n	n
1	20	1	22	0	n	n
1	20	1	23	0	n	n
1	20	1	24	0	n	n
1	20	1	25	0	n	n
1	20	1	26	0	n	n
1	20	1	27	0	n	n
1	20	1	28	0	n	n
1	20	1	29	0	n	n
1	20	1	30	0	n	n
1	20	1	31	0	n	n
1	20	1	32	0	n	n
1	20	1	33	0	n	n
1	20	1	34	0	n	n
1	20	1	35	0	n	n
1	20	1	36	0	n	n
1	20	1	37	0	n	n
1	20	1	38	0	n	n
1	20	1	39	0	n	n
1	20	1	40	0	n	n
1	20	1	41	0	n	n
1	20	1	42	0	n	n
1	20	1	43	0	n	n
1	20	1	44	0	n	n
1	20	1	45	0	n	n
1	20	1	46	0	n	n
1	20	1	47	0	n	n
1	20	1	48	0	n	n
1	20	1	49	0	n	n
1	20	1	50	0	n	n
1	20	2	1	6	n	n
1	20	2	2	12	n	n
1	20	2	3	11	n	n
1	20	2	4	4	n	n
1	20	2	5	9	n	n
1	20	2	6	3	n	n
1	20	2	7	3	n	n
1	20	2	8	3	n	n
1	20	2	9	1	n	n
1	20	2	10	0	n	n
1	20	2	11	0	n	n
1	20	2	12	0	n	n
1	20	2	13	0	n	n
1	20	2	14	0	n	n
1	20	2	15	0	n	n
1	20	2	16	0	n	n
1	20	2	17	0	n	n
1	20	2	18	0	n	n
1	20	2	19	0	n	n
1	20	2	20	0	n	n
1	20	2	21	0	n	n
1	20	2	22	0	n	n
1	20	2	23	0	n	n
1	20	2	24	0	n	n
1	20	2	25	0	n	n
1	20	2	26	0	n	n
1	20	2	27	0	n	n
1	20	2	28	0	n	n
1	20	2	29	0	n	n
1	20	2	30	0	n	n
1	20	2	31	0	n	n
1	20	2	32	0	n	n
1	20	2	33	0	n	n
1	20	2	34	0	n	n
1	20	2	35	0	n	n
1	20	2	36	0	n	n
1	20	2	37	0	n	n
1	20	2	38	0	n	n
1	20	2	39	0	n	n
1	20	2	40	0	n	n
1	20	2	41	0	n	n
1	20	2	42	0	n	n
1	20	2	43	0	n	n
1	20	2	44	0	n	n
1	20	2	45	0	n	n
1	20	2	46	0	n	n
1	20	2	47	0	n	n
1	20	2	48	0	n	n
1	20	2	49	0	n	n
1	20	2	50	0	n	n
1	20	3	1	8	n	n
1	20	3	2	13	n	n
1	20	3	3	6	n	n
1	20	3	4	16	n	n
1	20	3	5	9	n	n
1	20	3	6	3	n	n
1	20	3	7	6	n	n
1	20	3	8	4	n	n
1	20	3	9	0	n	n
1	20	3	10	0	n	n
1	20	3	11	1	n	n
1	20	3	12	0	n	n
1	20	3	13	1	n	n
1	20	3	14	0	n	n
1	20	3	15	0	n	n
1	20	3	16	0	n	n
1	20	3	17	0	n	n
1	20	3	18	0	n	n
1	20	3	19	0	n	n
1	20	3	20	0	n	n
1	20	3	21	0	n	n
1	20	3	22	0	n	n
1	20	3	23	0	n	n
1	20	3	24	0	n	n
1	20	3	25	0	n	n
1	20	3	26	0	n	n
1	20	3	27	0	n	n
1	20	3	28	0	n	n
1	20	3	29	0	n	n
1	20	3	30	0	n	n
1	20	3	31	0	n	n
1	20	3	32	0	n	n
1	20	3	33	0	n	n
1	20	3	34	0	n	n
1	20	3	35	0	n	n
1	20	3	36	0	n	n
1	20	3	37	0	n	n
1	20	3	38	0	n	n
1	20	3	39	0	n	n
1	20	3	40	0	n	n
1	20	3	41	0	n	n
1	20	3	42	0	n	n
1	20	3	43	0	n	n
1	20	3	44	0	n	n
1	20	3	45	0	n	n
1	20	3	46	0	n	n
1	20	3	47	0	n	n
1	20	3	48	0	n	n
1	20	3	49	0	n	n
1	20	3	50	0	n	n
1	20	4	1	14	n	n
1	20	4	2	12	n	n
1	20	4	3	7	n	n
1	20	4	4	8	n	n
1	20	4	5	19	n	n
1	20	4	6	4	n	n
1	20	4	7	4	n	n
1	20	4	8	6	n	n
1	20	4	9	1	n	n
1	20	4	10	0	n	n
1	20	4	11	0	n	n
1	20	4	12	0	n	n
1	20	4	13	0	n	n
1	20	4	14	0	n	n
1	20	4	15	0	n	n
1	20	4	16	0	n	n
1	20	4	17	0	n	n
1	20	4	18	0	n	n
1	20	4	19	0	n	n
1	20	4	20	0	n	n
1	20	4	21	0	n	n
1	20	4	22	0	n	n
1	20	4	23	0	n	n
1	20	4	24	0	n	n
1	20	4	25	0	n	n
1	20	4	26	0	n	n
1	20	4	27	0	n	n
1	20	4	28	0	n	n
1	20	4	29	0	n	n
1	20	4	30	0	n	n
1	20	4	31	0	n	n
1	20	4	32	0	n	n
1	20	4	33	0	n	n
1	20	4	34	0	n	n
1	20	4	35	0	n	n
1	20	4	36	0	n	n
1	20	4	37	0	n	n
1	20	4	38	0	n	n
1	20	4	39	0	n	n
1	20	4	40	0	n	n
1	20	4	41	0	n	n
1	20	4	42	0	n	n
1	20	4	43	0	n	n
1	20	4	44	0	n	n
1	20	4	45	0	n	n
1	20	4	46	0	n	n
1	20	4	47	0	n	n
1	20	4	48	0	n	n
1	20	4	49	0	n	n
1	20	4	50	0	n	n
1	20	5	1	17	n	n
1	20	5	2	11	n	n
1	20	5	3	15	n	n
1	20	5	4	14	n	n
1	20	5	5	21	n	n
1	20	5	6	14	n	n
1	20	5	7	10	n	n
1	20	5	8	8	n	n
1	20	5	9	0	n	n
1	20	5	10	1	n	n
1	20	5	11	0	n	n
1	20	5	12	0	n	n
1	20	5	13	0	n	n
1	20	5	14	0	n	n
1	20	5	15	0	n	n
1	20	5	16	0	n	n
1	20	5	17	0	n	n
1	20	5	18	0	n	n
1	20	5	19	0	n	n
1	20	5	20	0	n	n
1	20	5	21	0	n	n
1	20	5	22	0	n	n
1	20	5	23	0	n	n
1	20	5	24	0	n	n
1	20	5	25	0	n	n
1	20	5	26	0	n	n
1	20	5	27	0	n	n
1	20	5	28	0	n	n
1	20	5	29	0	n	n
1	20	5	30	0	n	n
1	20	5	31	0	n	n
1	20	5	32	0	n	n
1	20	5	33	0	n	n
1	20	5	34	0	n	n
1	20	5	35	0	n	n
1	20	5	36	0	n	n
1	20	5	37	0	n	n
1	20	5	38	0	n	n
1	20	5	39	0	n	n
1	20	5	40	0	n	n
1	20	5	41	0	n	n
1	20	5	42	0	n	n
1	20	5	43	0	n	n
1	20	5	44	0	n	n
1	20	5	45	0	n	n
1	20	5	46	0	n	n
1	20	5	47	0	n	n
1	20	5	48	0	n	n
1	20	5	49	0	n	n
1	20	5	50	0	n	n
1	20	6	1	13	n	n
1	20	6	2	14	n	n
1	20	6	3	14	n	n
1	20	6	4	13	n	n
1	20	6	5	11	n	n
1	20	6	6	7	n	n
1	20	6	7	9	n	n
1	20	6	8	4	n	n
1	20	6	9	1	n	n
1	20	6	10	3	n	n
1	20	6	11	0	n	n
1	20	6	12	0	n	n
1	20	6	13	0	n	n
1	20	6	14	0	n	n
1	20	6	15	0	n	n
1	20	6	16	0	n	n
1	20	6	17	0	n	n
1	20	6	18	0	n	n
1	20	6	19	0	n	n
1	20	6	20	0	n	n
1	20	6	21	0	n	n
1	20	6	22	0	n	n
1	20	6	23	0	n	n
1	20	6	24	0	n	n
1	20	6	25	0	n	n
1	20	6	26	0	n	n
1	20	6	27	0	n	n
1	20	6	28	0	n	n
1	20	6	29	0	n	n
1	20	6	30	0	n	n
1	20	6	31	0	n	n
1	20	6	32	0	n	n
1	20	6	33	0	n	n
1	20	6	34	0	n	n
1	20	6	35	0	n	n
1	20	6	36	0	n	n
1	20	6	37	0	n	n
1	20	6	38	0	n	n
1	20	6	39	0	n	n
1	20	6	40	0	n	n
1	20	6	41	0	n	n
1	20	6	42	0	n	n
1	20	6	43	0	n	n
1	20	6	44	0	n	n
1	20	6	45	0	n	n
1	20	6	46	0	n	n
1	20	6	47	0	n	n
1	20	6	48	0	n	n
1	20	6	49	0	n	n
1	20	6	50	0	n	n
1	20	7	1	21	n	n
1	20	7	2	12	n	n
1	20	7	3	16	n	n
1	20	7	4	22	n	n
1	20	7	5	12	n	n
1	20	7	6	6	n	n
1	20	7	7	7	n	n
1	20	7	8	0	n	n
1	20	7	9	0	n	n
1	20	7	10	0	n	n
1	20	7	11	0	n	n
1	20	7	12	0	n	n
1	20	7	13	0	n	n
1	20	7	14	0	n	n
1	20	7	15	0	n	n
1	20	7	16	0	n	n
1	20	7	17	0	n	n
1	20	7	18	0	n	n
1	20	7	19	0	n	n
1	20	7	20	0	n	n
1	20	7	21	0	n	n
1	20	7	22	0	n	n
1	20	7	23	0	n	n
1	20	7	24	0	n	n
1	20	7	25	0	n	n
1	20	7	26	0	n	n
1	20	7	27	0	n	n
1	20	7	28	0	n	n
1	20	7	29	0	n	n
1	20	7	30	0	n	n
1	20	7	31	0	n	n
1	20	7	32	0	n	n
1	20	7	33	0	n	n
1	20	7	34	0	n	n
1	20	7	35	0	n	n
1	20	7	36	0	n	n
1	20	7	37	0	n	n
1	20	7	38	0	n	n
1	20	7	39	0	n	n
1	20	7	40	0	n	n
1	20	7	41	0	n	n
1	20	7	42	0	n	n
1	20	7	43	0	n	n
1	20	7	44	0	n	n
1	20	7	45	0	n	n
1	20	7	46	0	n	n
1	20	7	47	0	n	n
1	20	7	48	0	n	n
1	20	7	49	0	n	n
1	20	7	50	0	n	n
1	20	8	1	17	n	n
1	20	8	2	17	n	n
1	20	8	3	11	n	n
1	20	8	4	21	n	n
1	20	8	5	11	n	n
1	20	8	6	4	n	n
1	20	8	7	7	n	n
1	20	8	8	2	n	n
1	20	8	9	0	n	n
1	20	8	10	0	n	n
1	20	8	11	0	n	n
1	20	8	12	0	n	n
1	20	8	13	0	n	n
1	20	8	14	0	n	n
1	20	8	15	0	n	n
1	20	8	16	0	n	n
1	20	8	17	0	n	n
1	20	8	18	0	n	n
1	20	8	19	0	n	n
1	20	8	20	0	n	n
1	20	8	21	0	n	n
1	20	8	22	0	n	n
1	20	8	23	0	n	n
1	20	8	24	0	n	n
1	20	8	25	0	n	n
1	20	8	26	0	n	n
1	20	8	27	0	n	n
1	20	8	28	0	n	n
1	20	8	29	0	n	n
1	20	8	30	0	n	n
1	20	8	31	0	n	n
1	20	8	32	0	n	n
1	20	8	33	0	n	n
1	20	8	34	0	n	n
1	20	8	35	0	n	n
1	20	8	36	0	n	n
1	20	8	37	0	n	n
1	20	8	38	0	n	n
1	20	8	39	0	n	n
1	20	8	40	0	n	n
1	20	8	41	0	n	n
1	20	8	42	0	n	n
1	20	8	43	0	n	n
1	20	8	44	0	n	n
1	20	8	45	0	n	n
1	20	8	46	0	n	n
1	20	8	47	0	n	n
1	20	8	48	0	n	n
1	20	8	49	0	n	n
1	20	8	50	0	n	n
1	20	9	1	18	n	n
1	20	9	2	18	n	n
1	20	9	3	11	n	n
1	20	9	4	10	n	n
1	20	9	5	12	n	n
1	20	9	6	8	n	n
1	20	9	7	9	n	n
1	20	9	8	1	n	n
1	20	9	9	0	n	n
1	20	9	10	0	n	n
1	20	9	11	0	n	n
1	20	9	12	0	n	n
1	20	9	13	0	n	n
1	20	9	14	0	n	n
1	20	9	15	0	n	n
1	20	9	16	0	n	n
1	20	9	17	0	n	n
1	20	9	18	0	n	n
1	20	9	19	0	n	n
1	20	9	20	0	n	n
1	20	9	21	0	n	n
1	20	9	22	0	n	n
1	20	9	23	0	n	n
1	20	9	24	0	n	n
1	20	9	25	0	n	n
1	20	9	26	0	n	n
1	20	9	27	0	n	n
1	20	9	28	0	n	n
1	20	9	29	0	n	n
1	20	9	30	0	n	n
1	20	9	31	0	n	n
1	20	9	32	0	n	n
1	20	9	33	0	n	n
1	20	9	34	0	n	n
1	20	9	35	0	n	n
1	20	9	36	0	n	n
1	20	9	37	0	n	n
1	20	9	38	0	n	n
1	20	9	39	0	n	n
1	20	9	40	0	n	n
1	20	9	41	0	n	n
1	20	9	42	0	n	n
1	20	9	43	0	n	n
1	20	9	44	0	n	n
1	20	9	45	0	n	n
1	20	9	46	0	n	n
1	20	9	47	0	n	n
1	20	9	48	0	n	n
1	20	9	49	0	n	n
1	20	9	50	0	n	n
1	20	10	1	11	n	n
1	20	10	2	16	n	n
1	20	10	3	21	n	n
1	20	10	4	7	n	n
1	20	10	5	8	n	n
1	20	10	6	10	n	n
1	20	10	7	5	n	n
1	20	10	8	2	n	n
1	20	10	9	5	n	n
1	20	10	10	2	n	n
1	20	10	11	0	n	n
1	20	10	12	0	n	n
1	20	10	13	0	n	n
1	20	10	14	0	n	n
1	20	10	15	0	n	n
1	20	10	16	0	n	n
1	20	10	17	0	n	n
1	20	10	18	0	n	n
1	20	10	19	0	n	n
1	20	10	20	0	n	n
1	20	10	21	0	n	n
1	20	10	22	0	n	n
1	20	10	23	0	n	n
1	20	10	24	0	n	n
1	20	10	25	0	n	n
1	20	10	26	0	n	n
1	20	10	27	0	n	n
1	20	10	28	0	n	n
1	20	10	29	0	n	n
1	20	10	30	0	n	n
1	20	10	31	0	n	n
1	20	10	32	0	n	n
1	20	10	33	0	n	n
1	20	10	34	0	n	n
1	20	10	35	0	n	n
1	20	10	36	0	n	n
1	20	10	37	0	n	n
1	20	10	38	0	n	n
1	20	10	39	0	n	n
1	20	10	40	0	n	n
1	20	10	41	0	n	n
1	20	10	42	0	n	n
1	20	10	43	0	n	n
1	20	10	44	0	n	n
1	20	10	45	0	n	n
1	20	10	46	0	n	n
1	20	10	47	0	n	n
1	20	10	48	0	n	n
1	20	10	49	0	n	n
1	20	10	50	0	n	n
1	20	11	1	20	n	n
1	20	11	2	18	n	n
1	20	11	3	14	n	n
1	20	11	4	7	n	n
1	20	11	5	15	n	n
1	20	11	6	3	n	n
1	20	11	7	17	n	n
1	20	11	8	4	n	n
1	20	11	9	2	n	n
1	20	11	10	0	n	n
1	20	11	11	0	n	n
1	20	11	12	0	n	n
1	20	11	13	0	n	n
1	20	11	14	0	n	n
1	20	11	15	0	n	n
1	20	11	16	0	n	n
1	20	11	17	0	n	n
1	20	11	18	0	n	n
1	20	11	19	0	n	n
1	20	11	20	0	n	n
1	20	11	21	0	n	n
1	20	11	22	0	n	n
1	20	11	23	0	n	n
1	20	11	24	0	n	n
1	20	11	25	0	n	n
1	20	11	26	0	n	n
1	20	11	27	0	n	n
1	20	11	28	0	n	n
1	20	11	29	0	n	n
1	20	11	30	0	n	n
1	20	11	31	0	n	n
1	20	11	32	0	n	n
1	20	11	33	0	n	n
1	20	11	34	0	n	n
1	20	11	35	0	n	n
1	20	11	36	0	n	n
1	20	11	37	0	n	n
1	20	11	38	0	n	n
1	20	11	39	0	n	n
1	20	11	40	0	n	n
1	20	11	41	0	n	n
1	20	11	42	0	n	n
1	20	11	43	0	n	n
1	20	11	44	0	n	n
1	20	11	45	0	n	n
1	20	11	46	0	n	n
1	20	11	47	0	n	n
1	20	11	48	0	n	n
1	20	11	49	0	n	n
1	20	11	50	0	n	n
1	20	12	1	16	n	n
1	20	12	2	9	n	n
1	20	12	3	22	n	n
1	20	12	4	11	n	n
1	20	12	5	6	n	n
1	20	12	6	8	n	n
1	20	12	7	3	n	n
1	20	12	8	1	n	n
1	20	12	9	0	n	n
1	20	12	10	0	n	n
1	20	12	11	0	n	n
1	20	12	12	0	n	n
1	20	12	13	0	n	n
1	20	12	14	0	n	n
1	20	12	15	0	n	n
1	20	12	16	0	n	n
1	20	12	17	0	n	n
1	20	12	18	0	n	n
1	20	12	19	0	n	n
1	20	12	20	0	n	n
1	20	12	21	0	n	n
1	20	12	22	0	n	n
1	20	12	23	0	n	n
1	20	12	24	0	n	n
1	20	12	25	0	n	n
1	20	12	26	0	n	n
1	20	12	27	0	n	n
1	20	12	28	0	n	n
1	20	12	29	0	n	n
1	20	12	30	0	n	n
1	20	12	31	0	n	n
1	20	12	32	0	n	n
1	20	12	33	0	n	n
1	20	12	34	0	n	n
1	20	12	35	0	n	n
1	20	12	36	0	n	n
1	20	12	37	0	n	n
1	20	12	38	0	n	n
1	20	12	39	0	n	n
1	20	12	40	0	n	n
1	20	12	41	0	n	n
1	20	12	42	0	n	n
1	20	12	43	0	n	n
1	20	12	44	0	n	n
1	20	12	45	0	n	n
1	20	12	46	0	n	n
1	20	12	47	0	n	n
1	20	12	48	0	n	n
1	20	12	49	0	n	n
1	20	12	50	0	n	n
1	20	13	1	24	n	n
1	20	13	2	19	n	n
1	20	13	3	12	n	n
1	20	13	4	19	n	n
1	20	13	5	9	n	n
1	20	13	6	3	n	n
1	20	13	7	5	n	n
1	20	13	8	1	n	n
1	20	13	9	0	n	n
1	20	13	10	0	n	n
1	20	13	11	0	n	n
1	20	13	12	0	n	n
1	20	13	13	0	n	n
1	20	13	14	0	n	n
1	20	13	15	0	n	n
1	20	13	16	0	n	n
1	20	13	17	0	n	n
1	20	13	18	0	n	n
1	20	13	19	0	n	n
1	20	13	20	0	n	n
1	20	13	21	0	n	n
1	20	13	22	0	n	n
1	20	13	23	0	n	n
1	20	13	24	0	n	n
1	20	13	25	0	n	n
1	20	13	26	0	n	n
1	20	13	27	0	n	n
1	20	13	28	0	n	n
1	20	13	29	0	n	n
1	20	13	30	0	n	n
1	20	13	31	0	n	n
1	20	13	32	0	n	n
1	20	13	33	0	n	n
1	20	13	34	0	n	n
1	20	13	35	0	n	n
1	20	13	36	0	n	n
1	20	13	37	0	n	n
1	20	13	38	0	n	n
1	20	13	39	0	n	n
1	20	13	40	0	n	n
1	20	13	41	0	n	n
1	20	13	42	0	n	n
1	20	13	43	0	n	n
1	20	13	44	0	n	n
1	20	13	45	0	n	n
1	20	13	46	0	n	n
1	20	13	47	0	n	n
1	20	13	48	0	n	n
1	20	13	49	0	n	n
1	20	13	50	0	n	n
1	20	14	1	23	n	n
1	20	14	2	25	n	n
1	20	14	3	10	n	n
1	20	14	4	13	n	n
1	20	14	5	9	n	n
1	20	14	6	4	n	n
1	20	14	7	8	n	n
1	20	14	8	3	n	n
1	20	14	9	0	n	n
1	20	14	10	0	n	n
1	20	14	11	0	n	n
1	20	14	12	0	n	n
1	20	14	13	0	n	n
1	20	14	14	0	n	n
1	20	14	15	0	n	n
1	20	14	16	0	n	n
1	20	14	17	0	n	n
1	20	14	18	0	n	n
1	20	14	19	0	n	n
1	20	14	20	0	n	n
1	20	14	21	0	n	n
1	20	14	22	0	n	n
1	20	14	23	0	n	n
1	20	14	24	0	n	n
1	20	14	25	0	n	n
1	20	14	26	0	n	n
1	20	14	27	0	n	n
1	20	14	28	0	n	n
1	20	14	29	0	n	n
1	20	14	30	0	n	n
1	20	14	31	0	n	n
1	20	14	32	0	n	n
1	20	14	33	0	n	n
1	20	14	34	0	n	n
1	20	14	35	0	n	n
1	20	14	36	0	n	n
1	20	14	37	0	n	n
1	20	14	38	0	n	n
1	20	14	39	0	n	n
1	20	14	40	0	n	n
1	20	14	41	0	n	n
1	20	14	42	0	n	n
1	20	14	43	0	n	n
1	20	14	44	0	n	n
1	20	14	45	0	n	n
1	20	14	46	0	n	n
1	20	14	47	0	n	n
1	20	14	48	0	n	n
1	20	14	49	0	n	n
1	20	14	50	0	n	n
1	20	15	1	17	n	n
1	20	15	2	22	n	n
1	20	15	3	21	n	n
1	20	15	4	18	n	n
1	20	15	5	5	n	n
1	20	15	6	10	n	n
1	20	15	7	0	n	n
1	20	15	8	0	n	n
1	20	15	9	3	n	n
1	20	15	10	0	n	n
1	20	15	11	0	n	n
1	20	15	12	0	n	n
1	20	15	13	0	n	n
1	20	15	14	0	n	n
1	20	15	15	0	n	n
1	20	15	16	0	n	n
1	20	15	17	0	n	n
1	20	15	18	0	n	n
1	20	15	19	0	n	n
1	20	15	20	0	n	n
1	20	15	21	0	n	n
1	20	15	22	0	n	n
1	20	15	23	0	n	n
1	20	15	24	0	n	n
1	20	15	25	0	n	n
1	20	15	26	0	n	n
1	20	15	27	0	n	n
1	20	15	28	0	n	n
1	20	15	29	0	n	n
1	20	15	30	0	n	n
1	20	15	31	0	n	n
1	20	15	32	0	n	n
1	20	15	33	0	n	n
1	20	15	34	0	n	n
1	20	15	35	0	n	n
1	20	15	36	0	n	n
1	20	15	37	0	n	n
1	20	15	38	0	n	n
1	20	15	39	0	n	n
1	20	15	40	0	n	n
1	20	15	41	0	n	n
1	20	15	42	0	n	n
1	20	15	43	0	n	n
1	20	15	44	0	n	n
1	20	15	45	0	n	n
1	20	15	46	0	n	n
1	20	15	47	0	n	n
1	20	15	48	0	n	n
1	20	15	49	0	n	n
1	20	15	50	0	n	n
1	20	16	1	31	n	n
1	20	16	2	29	n	n
1	20	16	3	24	n	n
1	20	16	4	12	n	n
1	20	16	5	5	n	n
1	20	16	6	9	n	n
1	20	16	7	3	n	n
1	20	16	8	1	n	n
1	20	16	9	1	n	n
1	20	16	10	0	n	n
1	20	16	11	0	n	n
1	20	16	12	0	n	n
1	20	16	13	0	n	n
1	20	16	14	0	n	n
1	20	16	15	0	n	n
1	20	16	16	0	n	n
1	20	16	17	0	n	n
1	20	16	18	0	n	n
1	20	16	19	0	n	n
1	20	16	20	0	n	n
1	20	16	21	0	n	n
1	20	16	22	0	n	n
1	20	16	23	0	n	n
1	20	16	24	0	n	n
1	20	16	25	0	n	n
1	20	16	26	0	n	n
1	20	16	27	0	n	n
1	20	16	28	0	n	n
1	20	16	29	0	n	n
1	20	16	30	0	n	n
1	20	16	31	0	n	n
1	20	16	32	0	n	n
1	20	16	33	0	n	n
1	20	16	34	0	n	n
1	20	16	35	0	n	n
1	20	16	36	0	n	n
1	20	16	37	0	n	n
1	20	16	38	0	n	n
1	20	16	39	0	n	n
1	20	16	40	0	n	n
1	20	16	41	0	n	n
1	20	16	42	0	n	n
1	20	16	43	0	n	n
1	20	16	44	0	n	n
1	20	16	45	0	n	n
1	20	16	46	0	n	n
1	20	16	47	0	n	n
1	20	16	48	0	n	n
1	20	16	49	0	n	n
1	20	16	50	0	n	n
1	20	17	1	23	n	n
1	20	17	2	29	n	n
1	20	17	3	18	n	n
1	20	17	4	18	n	n
1	20	17	5	20	n	n
1	20	17	6	7	n	n
1	20	17	7	3	n	n
1	20	17	8	2	n	n
1	20	17	9	0	n	n
1	20	17	10	0	n	n
1	20	17	11	0	n	n
1	20	17	12	0	n	n
1	20	17	13	0	n	n
1	20	17	14	0	n	n
1	20	17	15	0	n	n
1	20	17	16	0	n	n
1	20	17	17	0	n	n
1	20	17	18	0	n	n
1	20	17	19	0	n	n
1	20	17	20	0	n	n
1	20	17	21	0	n	n
1	20	17	22	0	n	n
1	20	17	23	0	n	n
1	20	17	24	0	n	n
1	20	17	25	0	n	n
1	20	17	26	0	n	n
1	20	17	27	0	n	n
1	20	17	28	0	n	n
1	20	17	29	0	n	n
1	20	17	30	0	n	n
1	20	17	31	0	n	n
1	20	17	32	0	n	n
1	20	17	33	0	n	n
1	20	17	34	0	n	n
1	20	17	35	0	n	n
1	20	17	36	0	n	n
1	20	17	37	0	n	n
1	20	17	38	0	n	n
1	20	17	39	0	n	n
1	20	17	40	0	n	n
1	20	17	41	0	n	n
1	20	17	42	0	n	n
1	20	17	43	0	n	n
1	20	17	44	0	n	n
1	20	17	45	0	n	n
1	20	17	46	0	n	n
1	20	17	47	0	n	n
1	20	17	48	0	n	n
1	20	17	49	0	n	n
1	20	17	50	0	n	n
1	20	18	1	20	n	n
1	20	18	2	34	n	n
1	20	18	3	26	n	n
1	20	18	4	16	n	n
1	20	18	5	3	n	n
1	20	18	6	14	n	n
1	20	18	7	4	n	n
1	20	18	8	5	n	n
1	20	18	9	0	n	n
1	20	18	10	0	n	n
1	20	18	11	0	n	n
1	20	18	12	0	n	n
1	20	18	13	0	n	n
1	20	18	14	0	n	n
1	20	18	15	0	n	n
1	20	18	16	0	n	n
1	20	18	17	0	n	n
1	20	18	18	0	n	n
1	20	18	19	0	n	n
1	20	18	20	0	n	n
1	20	18	21	0	n	n
1	20	18	22	0	n	n
1	20	18	23	0	n	n
1	20	18	24	0	n	n
1	20	18	25	0	n	n
1	20	18	26	0	n	n
1	20	18	27	0	n	n
1	20	18	28	0	n	n
1	20	18	29	0	n	n
1	20	18	30	0	n	n
1	20	18	31	0	n	n
1	20	18	32	0	n	n
1	20	18	33	0	n	n
1	20	18	34	0	n	n
1	20	18	35	0	n	n
1	20	18	36	0	n	n
1	20	18	37	0	n	n
1	20	18	38	0	n	n
1	20	18	39	0	n	n
1	20	18	40	0	n	n
1	20	18	41	0	n	n
1	20	18	42	0	n	n
1	20	18	43	0	n	n
1	20	18	44	0	n	n
1	20	18	45	0	n	n
1	20	18	46	0	n	n
1	20	18	47	0	n	n
1	20	18	48	0	n	n
1	20	18	49	0	n	n
1	20	18	50	0	n	n
1	20	19	1	26	n	n
1	20	19	2	19	n	n
1	20	19	3	24	n	n
1	20	19	4	16	n	n
1	20	19	5	25	n	n
1	20	19	6	4	n	n
1	20	19	7	0	n	n
1	20	19	8	7	n	n
1	20	19	9	0	n	n
1	20	19	10	0	n	n
1	20	19	11	0	n	n
1	20	19	12	0	n	n
1	20	19	13	0	n	n
1	20	19	14	0	n	n
1	20	19	15	0	n	n
1	20	19	16	0	n	n
1	20	19	17	0	n	n
1	20	19	18	0	n	n
1	20	19	19	0	n	n
1	20	19	20	0	n	n
1	20	19	21	0	n	n
1	20	19	22	0	n	n
1	20	19	23	0	n	n
1	20	19	24	0	n	n
1	20	19	25	0	n	n
1	20	19	26	0	n	n
1	20	19	27	0	n	n
1	20	19	28	0	n	n
1	20	19	29	0	n	n
1	20	19	30	0	n	n
1	20	19	31	0	n	n
1	20	19	32	0	n	n
1	20	19	33	0	n	n
1	20	19	34	0	n	n
1	20	19	35	0	n	n
1	20	19	36	0	n	n
1	20	19	37	0	n	n
1	20	19	38	0	n	n
1	20	19	39	0	n	n
1	20	19	40	0	n	n
1	20	19	41	0	n	n
1	20	19	42	0	n	n
1	20	19	43	0	n	n
1	20	19	44	0	n	n
1	20	19	45	0	n	n
1	20	19	46	0	n	n
1	20	19	47	0	n	n
1	20	19	48	0	n	n
1	20	19	49	0	n	n
1	20	19	50	0	n	n
1	20	20	1	10	n	n
1	20	20	2	9	n	n
1	20	20	3	19	n	n
1	20	20	4	14	n	n
1	20	20	5	31	n	n
1	20	20	6	12	n	n
1	20	20	7	2	n	n
1	20	20	8	2	n	n
1	20	20	9	0	n	n
1	20	20	10	0	n	n
1	20	20	11	0	n	n
1	20	20	12	0	n	n
1	20	20	13	0	n	n
1	20	20	14	0	n	n
1	20	20	15	0	n	n
1	20	20	16	0	n	n
1	20	20	17	0	n	n
1	20	20	18	0	n	n
1	20	20	19	0	n	n
1	20	20	20	0	n	n
1	20	20	21	0	n	n
1	20	20	22	0	n	n
1	20	20	23	0	n	n
1	20	20	24	0	n	n
1	20	20	25	0	n	n
1	20	20	26	0	n	n
1	20	20	27	0	n	n
1	20	20	28	0	n	n
1	20	20	29	0	n	n
1	20	20	30	0	n	n
1	20	20	31	0	n	n
1	20	20	32	0	n	n
1	20	20	33	0	n	n
1	20	20	34	0	n	n
1	20	20	35	0	n	n
1	20	20	36	0	n	n
1	20	20	37	0	n	n
1	20	20	38	0	n	n
1	20	20	39	0	n	n
1	20	20	40	0	n	n
1	20	20	41	0	n	n
1	20	20	42	0	n	n
1	20	20	43	0	n	n
1	20	20	44	0	n	n
1	20	20	45	0	n	n
1	20	20	46	0	n	n
1	20	20	47	0	n	n
1	20	20	48	0	n	n
1	20	20	49	0	n	n
1	20	20	50	0	n	n
1	30	1	1	23	n	n
1	30	1	2	22	n	n
1	30	1	3	22	n	n
1	30	1	4	21	n	n
1	30	1	5	30	n	n
1	30	1	6	20	n	n
1	30	1	7	14	n	n
1	30	1	8	10	n	n
1	30	1	9	6	n	n
1	30	1	10	6	n	n
1	30	1	11	1	n	n
1	30	1	12	1	n	n
1	30	1	13	1	n	n
1	30	1	14	0	n	n
1	30	1	15	0	n	n
1	30	1	16	0	n	n
1	30	1	17	0	n	n
1	30	1	18	0	n	n
1	30	1	19	0	n	n
1	30	1	20	0	n	n
1	30	1	21	0	n	n
1	30	1	22	0	n	n
1	30	1	23	0	n	n
1	30	1	24	0	n	n
1	30	1	25	0	n	n
1	30	1	26	0	n	n
1	30	1	27	0	n	n
1	30	1	28	0	n	n
1	30	1	29	0	n	n
1	30	1	30	0	n	n
1	30	1	31	0	n	n
1	30	1	32	0	n	n
1	30	1	33	0	n	n
1	30	1	34	0	n	n
1	30	1	35	0	n	n
1	30	1	36	0	n	n
1	30	1	37	0	n	n
1	30	1	38	0	n	n
1	30	1	39	0	n	n
1	30	1	40	0	n	n
1	30	1	41	0	n	n
1	30	1	42	0	n	n
1	30	1	43	0	n	n
1	30	1	44	0	n	n
1	30	1	45	0	n	n
1	30	1	46	0	n	n
1	30	1	47	0	n	n
1	30	1	48	0	n	n
1	30	1	49	0	n	n
1	30	1	50	0	n	n
1	30	2	1	16	n	n
1	30	2	2	34	n	n
1	30	2	3	25	n	n
1	30	2	4	26	n	n
1	30	2	5	14	n	n
1	30	2	6	20	n	n
1	30	2	7	24	n	n
1	30	2	8	13	n	n
1	30	2	9	5	n	n
1	30	2	10	2	n	n
1	30	2	11	1	n	n
1	30	2	12	0	n	n
1	30	2	13	0	n	n
1	30	2	14	0	n	n
1	30	2	15	0	n	n
1	30	2	16	0	n	n
1	30	2	17	0	n	n
1	30	2	18	0	n	n
1	30	2	19	0	n	n
1	30	2	20	0	n	n
1	30	2	21	0	n	n
1	30	2	22	0	n	n
1	30	2	23	0	n	n
1	30	2	24	0	n	n
1	30	2	25	0	n	n
1	30	2	26	0	n	n
1	30	2	27	0	n	n
1	30	2	28	0	n	n
1	30	2	29	0	n	n
1	30	2	30	0	n	n
1	30	2	31	0	n	n
1	30	2	32	0	n	n
1	30	2	33	0	n	n
1	30	2	34	0	n	n
1	30	2	35	0	n	n
1	30	2	36	0	n	n
1	30	2	37	0	n	n
1	30	2	38	0	n	n
1	30	2	39	0	n	n
1	30	2	40	0	n	n
1	30	2	41	0	n	n
1	30	2	42	0	n	n
1	30	2	43	0	n	n
1	30	2	44	0	n	n
1	30	2	45	0	n	n
1	30	2	46	0	n	n
1	30	2	47	0	n	n
1	30	2	48	0	n	n
1	30	2	49	0	n	n
1	30	2	50	0	n	n
1	30	3	1	26	n	n
1	30	3	2	13	n	n
1	30	3	3	30	n	n
1	30	3	4	24	n	n
1	30	3	5	25	n	n
1	30	3	6	17	n	n
1	30	3	7	21	n	n
1	30	3	8	8	n	n
1	30	3	9	11	n	n
1	30	3	10	5	n	n
1	30	3	11	0	n	n
1	30	3	12	0	n	n
1	30	3	13	0	n	n
1	30	3	14	0	n	n
1	30	3	15	0	n	n
1	30	3	16	0	n	n
1	30	3	17	0	n	n
1	30	3	18	0	n	n
1	30	3	19	0	n	n
1	30	3	20	0	n	n
1	30	3	21	0	n	n
1	30	3	22	0	n	n
1	30	3	23	0	n	n
1	30	3	24	0	n	n
1	30	3	25	0	n	n
1	30	3	26	0	n	n
1	30	3	27	0	n	n
1	30	3	28	0	n	n
1	30	3	29	0	n	n
1	30	3	30	0	n	n
1	30	3	31	0	n	n
1	30	3	32	0	n	n
1	30	3	33	0	n	n
1	30	3	34	0	n	n
1	30	3	35	0	n	n
1	30	3	36	0	n	n
1	30	3	37	0	n	n
1	30	3	38	0	n	n
1	30	3	39	0	n	n
1	30	3	40	0	n	n
1	30	3	41	0	n	n
1	30	3	42	0	n	n
1	30	3	43	0	n	n
1	30	3	44	0	n	n
1	30	3	45	0	n	n
1	30	3	46	0	n	n
1	30	3	47	0	n	n
1	30	3	48	0	n	n
1	30	3	49	0	n	n
1	30	3	50	0	n	n
1	30	4	1	35	n	n
1	30	4	2	35	n	n
1	30	4	3	24	n	n
1	30	4	4	27	n	n
1	30	4	5	29	n	n
1	30	4	6	16	n	n
1	30	4	7	16	n	n
1	30	4	8	3	n	n
1	30	4	9	1	n	n
1	30	4	10	1	n	n
1	30	4	11	0	n	n
1	30	4	12	0	n	n
1	30	4	13	2	n	n
1	30	4	14	0	n	n
1	30	4	15	0	n	n
1	30	4	16	0	n	n
1	30	4	17	0	n	n
1	30	4	18	0	n	n
1	30	4	19	0	n	n
1	30	4	20	0	n	n
1	30	4	21	0	n	n
1	30	4	22	0	n	n
1	30	4	23	0	n	n
1	30	4	24	0	n	n
1	30	4	25	0	n	n
1	30	4	26	0	n	n
1	30	4	27	0	n	n
1	30	4	28	0	n	n
1	30	4	29	0	n	n
1	30	4	30	0	n	n
1	30	4	31	0	n	n
1	30	4	32	0	n	n
1	30	4	33	0	n	n
1	30	4	34	0	n	n
1	30	4	35	0	n	n
1	30	4	36	0	n	n
1	30	4	37	0	n	n
1	30	4	38	0	n	n
1	30	4	39	0	n	n
1	30	4	40	0	n	n
1	30	4	41	0	n	n
1	30	4	42	0	n	n
1	30	4	43	0	n	n
1	30	4	44	0	n	n
1	30	4	45	0	n	n
1	30	4	46	0	n	n
1	30	4	47	0	n	n
1	30	4	48	0	n	n
1	30	4	49	0	n	n
1	30	4	50	0	n	n
1	30	5	1	24	n	n
1	30	5	2	33	n	n
1	30	5	3	29	n	n
1	30	5	4	21	n	n
1	30	5	5	19	n	n
1	30	5	6	18	n	n
1	30	5	7	22	n	n
1	30	5	8	13	n	n
1	30	5	9	4	n	n
1	30	5	10	2	n	n
1	30	5	11	1	n	n
1	30	5	12	1	n	n
1	30	5	13	0	n	n
1	30	5	14	0	n	n
1	30	5	15	0	n	n
1	30	5	16	0	n	n
1	30	5	17	0	n	n
1	30	5	18	0	n	n
1	30	5	19	0	n	n
1	30	5	20	0	n	n
1	30	5	21	0	n	n
1	30	5	22	0	n	n
1	30	5	23	0	n	n
1	30	5	24	0	n	n
1	30	5	25	0	n	n
1	30	5	26	0	n	n
1	30	5	27	0	n	n
1	30	5	28	0	n	n
1	30	5	29	0	n	n
1	30	5	30	0	n	n
1	30	5	31	0	n	n
1	30	5	32	0	n	n
1	30	5	33	0	n	n
1	30	5	34	0	n	n
1	30	5	35	0	n	n
1	30	5	36	0	n	n
1	30	5	37	0	n	n
1	30	5	38	0	n	n
1	30	5	39	0	n	n
1	30	5	40	0	n	n
1	30	5	41	0	n	n
1	30	5	42	0	n	n
1	30	5	43	0	n	n
1	30	5	44	0	n	n
1	30	5	45	0	n	n
1	30	5	46	0	n	n
1	30	5	47	0	n	n
1	30	5	48	0	n	n
1	30	5	49	0	n	n
1	30	5	50	0	n	n
1	30	6	1	35	n	n
1	30	6	2	31	n	n
1	30	6	3	34	n	n
1	30	6	4	35	n	n
1	30	6	5	29	n	n
1	30	6	6	18	n	n
1	30	6	7	20	n	n
1	30	6	8	12	n	n
1	30	6	9	9	n	n
1	30	6	10	2	n	n
1	30	6	11	2	n	n
1	30	6	12	1	n	n
1	30	6	13	1	n	n
1	30	6	14	2	n	n
1	30	6	15	0	n	n
1	30	6	16	0	n	n
1	30	6	17	0	n	n
1	30	6	18	0	n	n
1	30	6	19	0	n	n
1	30	6	20	0	n	n
1	30	6	21	0	n	n
1	30	6	22	0	n	n
1	30	6	23	0	n	n
1	30	6	24	0	n	n
1	30	6	25	0	n	n
1	30	6	26	0	n	n
1	30	6	27	0	n	n
1	30	6	28	0	n	n
1	30	6	29	0	n	n
1	30	6	30	0	n	n
1	30	6	31	0	n	n
1	30	6	32	0	n	n
1	30	6	33	0	n	n
1	30	6	34	0	n	n
1	30	6	35	0	n	n
1	30	6	36	0	n	n
1	30	6	37	0	n	n
1	30	6	38	0	n	n
1	30	6	39	0	n	n
1	30	6	40	0	n	n
1	30	6	41	0	n	n
1	30	6	42	0	n	n
1	30	6	43	0	n	n
1	30	6	44	0	n	n
1	30	6	45	0	n	n
1	30	6	46	0	n	n
1	30	6	47	0	n	n
1	30	6	48	0	n	n
1	30	6	49	0	n	n
1	30	6	50	0	n	n
1	30	7	1	38	n	n
1	30	7	2	38	n	n
1	30	7	3	31	n	n
1	30	7	4	28	n	n
1	30	7	5	31	n	n
1	30	7	6	14	n	n
1	30	7	7	17	n	n
1	30	7	8	19	n	n
1	30	7	9	11	n	n
1	30	7	10	1	n	n
1	30	7	11	6	n	n
1	30	7	12	7	n	n
1	30	7	13	0	n	n
1	30	7	14	0	n	n
1	30	7	15	0	n	n
1	30	7	16	0	n	n
1	30	7	17	0	n	n
1	30	7	18	0	n	n
1	30	7	19	0	n	n
1	30	7	20	0	n	n
1	30	7	21	0	n	n
1	30	7	22	0	n	n
1	30	7	23	0	n	n
1	30	7	24	0	n	n
1	30	7	25	0	n	n
1	30	7	26	0	n	n
1	30	7	27	0	n	n
1	30	7	28	0	n	n
1	30	7	29	0	n	n
1	30	7	30	0	n	n
1	30	7	31	0	n	n
1	30	7	32	0	n	n
1	30	7	33	0	n	n
1	30	7	34	0	n	n
1	30	7	35	0	n	n
1	30	7	36	0	n	n
1	30	7	37	0	n	n
1	30	7	38	0	n	n
1	30	7	39	0	n	n
1	30	7	40	0	n	n
1	30	7	41	0	n	n
1	30	7	42	0	n	n
1	30	7	43	0	n	n
1	30	7	44	0	n	n
1	30	7	45	0	n	n
1	30	7	46	0	n	n
1	30	7	47	0	n	n
1	30	7	48	0	n	n
1	30	7	49	0	n	n
1	30	7	50	0	n	n
1	30	8	1	35	n	n
1	30	8	2	31	n	n
1	30	8	3	32	n	n
1	30	8	4	31	n	n
1	30	8	5	27	n	n
1	30	8	6	17	n	n
1	30	8	7	16	n	n
1	30	8	8	25	n	n
1	30	8	9	16	n	n
1	30	8	10	11	n	n
1	30	8	11	6	n	n
1	30	8	12	1	n	n
1	30	8	13	1	n	n
1	30	8	14	0	n	n
1	30	8	15	0	n	n
1	30	8	16	0	n	n
1	30	8	17	0	n	n
1	30	8	18	0	n	n
1	30	8	19	0	n	n
1	30	8	20	0	n	n
1	30	8	21	0	n	n
1	30	8	22	0	n	n
1	30	8	23	0	n	n
1	30	8	24	0	n	n
1	30	8	25	0	n	n
1	30	8	26	0	n	n
1	30	8	27	0	n	n
1	30	8	28	0	n	n
1	30	8	29	0	n	n
1	30	8	30	0	n	n
1	30	8	31	0	n	n
1	30	8	32	0	n	n
1	30	8	33	0	n	n
1	30	8	34	0	n	n
1	30	8	35	0	n	n
1	30	8	36	0	n	n
1	30	8	37	0	n	n
1	30	8	38	0	n	n
1	30	8	39	0	n	n
1	30	8	40	0	n	n
1	30	8	41	0	n	n
1	30	8	42	0	n	n
1	30	8	43	0	n	n
1	30	8	44	0	n	n
1	30	8	45	0	n	n
1	30	8	46	0	n	n
1	30	8	47	0	n	n
1	30	8	48	0	n	n
1	30	8	49	0	n	n
1	30	8	50	0	n	n
1	30	9	1	27	n	n
1	30	9	2	38	n	n
1	30	9	3	44	s	d
1	30	9	4	27	n	n
1	30	9	5	33	n	n
1	30	9	6	33	n	n
1	30	9	7	21	n	n
1	30	9	8	26	n	n
1	30	9	9	20	n	n
1	30	9	10	11	n	n
1	30	9	11	1	n	n
1	30	9	12	7	n	n
1	30	9	13	0	n	n
1	30	9	14	0	n	n
1	30	9	15	0	n	n
1	30	9	16	0	n	n
1	30	9	17	0	n	n
1	30	9	18	0	n	n
1	30	9	19	0	n	n
1	30	9	20	0	n	n
1	30	9	21	0	n	n
1	30	9	22	0	n	n
1	30	9	23	0	n	n
1	30	9	24	0	n	n
1	30	9	25	0	n	n
1	30	9	26	0	n	n
1	30	9	27	0	n	n
1	30	9	28	0	n	n
1	30	9	29	0	n	n
1	30	9	30	0	n	n
1	30	9	31	0	n	n
1	30	9	32	0	n	n
1	30	9	33	0	n	n
1	30	9	34	0	n	n
1	30	9	35	0	n	n
1	30	9	36	0	n	n
1	30	9	37	0	n	n
1	30	9	38	0	n	n
1	30	9	39	0	n	n
1	30	9	40	0	n	n
1	30	9	41	0	n	n
1	30	9	42	0	n	n
1	30	9	43	0	n	n
1	30	9	44	0	n	n
1	30	9	45	0	n	n
1	30	9	46	0	n	n
1	30	9	47	0	n	n
1	30	9	48	0	n	n
1	30	9	49	0	n	n
1	30	9	50	0	n	n
1	30	10	1	35	n	n
1	30	10	2	41	s	d
1	30	10	3	27	n	n
1	30	10	4	27	n	n
1	30	10	5	22	n	n
1	30	10	6	31	n	n
1	30	10	7	14	n	n
1	30	10	8	21	n	n
1	30	10	9	7	n	n
1	30	10	10	8	n	n
1	30	10	11	11	n	n
1	30	10	12	8	n	n
1	30	10	13	0	n	n
1	30	10	14	0	n	n
1	30	10	15	0	n	n
1	30	10	16	0	n	n
1	30	10	17	0	n	n
1	30	10	18	0	n	n
1	30	10	19	0	n	n
1	30	10	20	0	n	n
1	30	10	21	0	n	n
1	30	10	22	0	n	n
1	30	10	23	0	n	n
1	30	10	24	0	n	n
1	30	10	25	0	n	n
1	30	10	26	0	n	n
1	30	10	27	0	n	n
1	30	10	28	0	n	n
1	30	10	29	0	n	n
1	30	10	30	0	n	n
1	30	10	31	0	n	n
1	30	10	32	0	n	n
1	30	10	33	0	n	n
1	30	10	34	0	n	n
1	30	10	35	0	n	n
1	30	10	36	0	n	n
1	30	10	37	0	n	n
1	30	10	38	0	n	n
1	30	10	39	0	n	n
1	30	10	40	0	n	n
1	30	10	41	0	n	n
1	30	10	42	0	n	n
1	30	10	43	0	n	n
1	30	10	44	0	n	n
1	30	10	45	0	n	n
1	30	10	46	0	n	n
1	30	10	47	0	n	n
1	30	10	48	0	n	n
1	30	10	49	0	n	n
1	30	10	50	0	n	n
1	30	11	1	30	s	n
1	30	11	2	28	n	n
1	30	11	3	27	n	n
1	30	11	4	39	n	n
1	30	11	5	40	s	d
1	30	11	6	27	n	n
1	30	11	7	24	n	n
1	30	11	8	31	n	n
1	30	11	9	8	n	n
1	30	11	10	6	n	n
1	30	11	11	3	n	n
1	30	11	12	7	n	n
1	30	11	13	0	n	n
1	30	11	14	0	n	n
1	30	11	15	0	n	n
1	30	11	16	0	n	n
1	30	11	17	0	n	n
1	30	11	18	0	n	n
1	30	11	19	0	n	n
1	30	11	20	0	n	n
1	30	11	21	0	n	n
1	30	11	22	0	n	n
1	30	11	23	0	n	n
1	30	11	24	0	n	n
1	30	11	25	0	n	n
1	30	11	26	0	n	n
1	30	11	27	0	n	n
1	30	11	28	0	n	n
1	30	11	29	0	n	n
1	30	11	30	0	n	n
1	30	11	31	0	n	n
1	30	11	32	0	n	n
1	30	11	33	0	n	n
1	30	11	34	0	n	n
1	30	11	35	0	n	n
1	30	11	36	0	n	n
1	30	11	37	0	n	n
1	30	11	38	0	n	n
1	30	11	39	0	n	n
1	30	11	40	0	n	n
1	30	11	41	0	n	n
1	30	11	42	0	n	n
1	30	11	43	0	n	n
1	30	11	44	0	n	n
1	30	11	45	0	n	n
1	30	11	46	0	n	n
1	30	11	47	0	n	n
1	30	11	48	0	n	n
1	30	11	49	0	n	n
1	30	11	50	0	n	n
1	30	12	1	23	n	n
1	30	12	2	31	s	n
1	30	12	3	47	s	n
1	30	12	4	31	s	n
1	30	12	5	32	n	n
1	30	12	6	21	n	n
1	30	12	7	8	n	n
1	30	12	8	11	n	n
1	30	12	9	6	n	n
1	30	12	10	3	n	n
1	30	12	11	8	n	n
1	30	12	12	2	n	n
1	30	12	13	0	n	n
1	30	12	14	0	n	n
1	30	12	15	0	n	n
1	30	12	16	0	n	n
1	30	12	17	0	n	n
1	30	12	18	0	n	n
1	30	12	19	0	n	n
1	30	12	20	0	n	n
1	30	12	21	0	n	n
1	30	12	22	0	n	n
1	30	12	23	0	n	n
1	30	12	24	0	n	n
1	30	12	25	0	n	n
1	30	12	26	0	n	n
1	30	12	27	0	n	n
1	30	12	28	0	n	n
1	30	12	29	0	n	n
1	30	12	30	0	n	n
1	30	12	31	0	n	n
1	30	12	32	0	n	n
1	30	12	33	0	n	n
1	30	12	34	0	n	n
1	30	12	35	0	n	n
1	30	12	36	0	n	n
1	30	12	37	0	n	n
1	30	12	38	0	n	n
1	30	12	39	0	n	n
1	30	12	40	0	n	n
1	30	12	41	0	n	n
1	30	12	42	0	n	n
1	30	12	43	0	n	n
1	30	12	44	0	n	n
1	30	12	45	0	n	n
1	30	12	46	0	n	n
1	30	12	47	0	n	n
1	30	12	48	0	n	n
1	30	12	49	0	n	n
1	30	12	50	0	n	n
1	30	13	1	29	n	n
1	30	13	2	31	s	n
1	30	13	3	46	s	d
1	30	13	4	27	n	n
1	30	13	5	24	n	n
1	30	13	6	27	n	n
1	30	13	7	26	n	n
1	30	13	8	8	n	n
1	30	13	9	1	n	n
1	30	13	10	4	n	n
1	30	13	11	0	n	n
1	30	13	12	0	n	n
1	30	13	13	0	n	n
1	30	13	14	0	n	n
1	30	13	15	0	n	n
1	30	13	16	0	n	n
1	30	13	17	0	n	n
1	30	13	18	0	n	n
1	30	13	19	0	n	n
1	30	13	20	0	n	n
1	30	13	21	0	n	n
1	30	13	22	0	n	n
1	30	13	23	0	n	n
1	30	13	24	0	n	n
1	30	13	25	0	n	n
1	30	13	26	0	n	n
1	30	13	27	0	n	n
1	30	13	28	0	n	n
1	30	13	29	0	n	n
1	30	13	30	0	n	n
1	30	13	31	0	n	n
1	30	13	32	0	n	n
1	30	13	33	0	n	n
1	30	13	34	0	n	n
1	30	13	35	0	n	n
1	30	13	36	0	n	n
1	30	13	37	0	n	n
1	30	13	38	0	n	n
1	30	13	39	0	n	n
1	30	13	40	0	n	n
1	30	13	41	0	n	n
1	30	13	42	0	n	n
1	30	13	43	0	n	n
1	30	13	44	0	n	n
1	30	13	45	0	n	n
1	30	13	46	0	n	n
1	30	13	47	0	n	n
1	30	13	48	0	n	n
1	30	13	49	0	n	n
1	30	13	50	0	n	n
1	30	14	1	47	s	n
1	30	14	2	50	s	n
1	30	14	3	42	s	n
1	30	14	4	38	n	n
1	30	14	5	38	n	n
1	30	14	6	22	n	n
1	30	14	7	5	n	n
1	30	14	8	6	n	n
1	30	14	9	10	n	n
1	30	14	10	4	n	n
1	30	14	11	0	n	n
1	30	14	12	0	n	n
1	30	14	13	0	n	n
1	30	14	14	0	n	n
1	30	14	15	0	n	n
1	30	14	16	0	n	n
1	30	14	17	0	n	n
1	30	14	18	0	n	n
1	30	14	19	0	n	n
1	30	14	20	0	n	n
1	30	14	21	0	n	n
1	30	14	22	0	n	n
1	30	14	23	0	n	n
1	30	14	24	0	n	n
1	30	14	25	0	n	n
1	30	14	26	0	n	n
1	30	14	27	0	n	n
1	30	14	28	0	n	n
1	30	14	29	0	n	n
1	30	14	30	0	n	n
1	30	14	31	0	n	n
1	30	14	32	0	n	n
1	30	14	33	0	n	n
1	30	14	34	0	n	n
1	30	14	35	0	n	n
1	30	14	36	0	n	n
1	30	14	37	0	n	n
1	30	14	38	0	n	n
1	30	14	39	0	n	n
1	30	14	40	0	n	n
1	30	14	41	0	n	n
1	30	14	42	0	n	n
1	30	14	43	0	n	n
1	30	14	44	0	n	n
1	30	14	45	0	n	n
1	30	14	46	0	n	n
1	30	14	47	0	n	n
1	30	14	48	0	n	n
1	30	14	49	0	n	n
1	30	14	50	0	n	n
1	30	15	1	36	s	n
1	30	15	2	44	s	n
1	30	15	3	38	n	n
1	30	15	4	29	n	n
1	30	15	5	29	n	n
1	30	15	6	24	n	n
1	30	15	7	17	n	n
1	30	15	8	4	n	n
1	30	15	9	6	n	n
1	30	15	10	0	n	n
1	30	15	11	0	n	n
1	30	15	12	0	n	n
1	30	15	13	0	n	n
1	30	15	14	0	n	n
1	30	15	15	0	n	n
1	30	15	16	0	n	n
1	30	15	17	0	n	n
1	30	15	18	0	n	n
1	30	15	19	0	n	n
1	30	15	20	0	n	n
1	30	15	21	0	n	n
1	30	15	22	0	n	n
1	30	15	23	0	n	n
1	30	15	24	0	n	n
1	30	15	25	0	n	n
1	30	15	26	0	n	n
1	30	15	27	0	n	n
1	30	15	28	0	n	n
1	30	15	29	0	n	n
1	30	15	30	0	n	n
1	30	15	31	0	n	n
1	30	15	32	0	n	n
1	30	15	33	0	n	n
1	30	15	34	0	n	n
1	30	15	35	0	n	n
1	30	15	36	0	n	n
1	30	15	37	0	n	n
1	30	15	38	0	n	n
1	30	15	39	0	n	n
1	30	15	40	0	n	n
1	30	15	41	0	n	n
1	30	15	42	0	n	n
1	30	15	43	0	n	n
1	30	15	44	0	n	n
1	30	15	45	0	n	n
1	30	15	46	0	n	n
1	30	15	47	0	n	n
1	30	15	48	0	n	n
1	30	15	49	0	n	n
1	30	15	50	0	n	n
1	30	16	1	38	s	n
1	30	16	2	37	n	n
1	30	16	3	30	s	n
1	30	16	4	31	s	n
1	30	16	5	31	s	n
1	30	16	6	16	n	n
1	30	16	7	25	n	n
1	30	16	8	7	n	n
1	30	16	9	1	n	n
1	30	16	10	0	n	n
1	30	16	11	0	n	n
1	30	16	12	0	n	n
1	30	16	13	0	n	n
1	30	16	14	0	n	n
1	30	16	15	0	n	n
1	30	16	16	0	n	n
1	30	16	17	0	n	n
1	30	16	18	0	n	n
1	30	16	19	0	n	n
1	30	16	20	0	n	n
1	30	16	21	0	n	n
1	30	16	22	0	n	n
1	30	16	23	0	n	n
1	30	16	24	0	n	n
1	30	16	25	0	n	n
1	30	16	26	0	n	n
1	30	16	27	0	n	n
1	30	16	28	0	n	n
1	30	16	29	0	n	n
1	30	16	30	0	n	n
1	30	16	31	0	n	n
1	30	16	32	0	n	n
1	30	16	33	0	n	n
1	30	16	34	0	n	n
1	30	16	35	0	n	n
1	30	16	36	0	n	n
1	30	16	37	0	n	n
1	30	16	38	0	n	n
1	30	16	39	0	n	n
1	30	16	40	0	n	n
1	30	16	41	0	n	n
1	30	16	42	0	n	n
1	30	16	43	0	n	n
1	30	16	44	0	n	n
1	30	16	45	0	n	n
1	30	16	46	0	n	n
1	30	16	47	0	n	n
1	30	16	48	0	n	n
1	30	16	49	0	n	n
1	30	16	50	0	n	n
1	30	17	1	32	s	n
1	30	17	2	40	s	n
1	30	17	3	36	s	n
1	30	17	4	18	n	n
1	30	17	5	17	n	n
1	30	17	6	18	n	n
1	30	17	7	13	n	n
1	30	17	8	6	n	n
1	30	17	9	4	n	n
1	30	17	10	0	n	n
1	30	17	11	0	n	n
1	30	17	12	0	n	n
1	30	17	13	0	n	n
1	30	17	14	0	n	n
1	30	17	15	0	n	n
1	30	17	16	0	n	n
1	30	17	17	0	n	n
1	30	17	18	0	n	n
1	30	17	19	0	n	n
1	30	17	20	0	n	n
1	30	17	21	0	n	n
1	30	17	22	0	n	n
1	30	17	23	0	n	n
1	30	17	24	0	n	n
1	30	17	25	0	n	n
1	30	17	26	0	n	n
1	30	17	27	0	n	n
1	30	17	28	0	n	n
1	30	17	29	0	n	n
1	30	17	30	0	n	n
1	30	17	31	0	n	n
1	30	17	32	0	n	n
1	30	17	33	0	n	n
1	30	17	34	0	n	n
1	30	17	35	0	n	n
1	30	17	36	0	n	n
1	30	17	37	0	n	n
1	30	17	38	0	n	n
1	30	17	39	0	n	n
1	30	17	40	0	n	n
1	30	17	41	0	n	n
1	30	17	42	0	n	n
1	30	17	43	0	n	n
1	30	17	44	0	n	n
1	30	17	45	0	n	n
1	30	17	46	0	n	n
1	30	17	47	0	n	n
1	30	17	48	0	n	n
1	30	17	49	0	n	n
1	30	17	50	0	n	n
1	30	18	1	33	s	n
1	30	18	2	31	s	n
1	30	18	3	39	s	n
1	30	18	4	32	s	n
1	30	18	5	21	s	n
1	30	18	6	18	n	n
1	30	18	7	17	n	n
1	30	18	8	4	n	n
1	30	18	9	9	n	n
1	30	18	10	1	n	n
1	30	18	11	0	n	n
1	30	18	12	2	n	n
1	30	18	13	0	n	n
1	30	18	14	0	n	n
1	30	18	15	0	n	n
1	30	18	16	0	n	n
1	30	18	17	0	n	n
1	30	18	18	0	n	n
1	30	18	19	0	n	n
1	30	18	20	0	n	n
1	30	18	21	0	n	n
1	30	18	22	0	n	n
1	30	18	23	0	n	n
1	30	18	24	0	n	n
1	30	18	25	0	n	n
1	30	18	26	0	n	n
1	30	18	27	0	n	n
1	30	18	28	0	n	n
1	30	18	29	0	n	n
1	30	18	30	0	n	n
1	30	18	31	0	n	n
1	30	18	32	0	n	n
1	30	18	33	0	n	n
1	30	18	34	0	n	n
1	30	18	35	0	n	n
1	30	18	36	0	n	n
1	30	18	37	0	n	n
1	30	18	38	0	n	n
1	30	18	39	0	n	n
1	30	18	40	0	n	n
1	30	18	41	0	n	n
1	30	18	42	0	n	n
1	30	18	43	0	n	n
1	30	18	44	0	n	n
1	30	18	45	0	n	n
1	30	18	46	0	n	n
1	30	18	47	0	n	n
1	30	18	48	0	n	n
1	30	18	49	0	n	n
1	30	18	50	0	n	n
1	30	19	1	37	s	n
1	30	19	2	33	s	n
1	30	19	3	42	s	n
1	30	19	4	41	s	d
1	30	19	5	30	s	n
1	30	19	6	36	s	n
1	30	19	7	24	n	n
1	30	19	8	11	n	n
1	30	19	9	5	n	n
1	30	19	10	3	n	n
1	30	19	11	1	n	n
1	30	19	12	0	n	n
1	30	19	13	0	n	n
1	30	19	14	0	n	n
1	30	19	15	0	n	n
1	30	19	16	0	n	n
1	30	19	17	0	n	n
1	30	19	18	0	n	n
1	30	19	19	0	n	n
1	30	19	20	0	n	n
1	30	19	21	0	n	n
1	30	19	22	0	n	n
1	30	19	23	0	n	n
1	30	19	24	0	n	n
1	30	19	25	0	n	n
1	30	19	26	0	n	n
1	30	19	27	0	n	n
1	30	19	28	0	n	n
1	30	19	29	0	n	n
1	30	19	30	0	n	n
1	30	19	31	0	n	n
1	30	19	32	0	n	n
1	30	19	33	0	n	n
1	30	19	34	0	n	n
1	30	19	35	0	n	n
1	30	19	36	0	n	n
1	30	19	37	0	n	n
1	30	19	38	0	n	n
1	30	19	39	0	n	n
1	30	19	40	0	n	n
1	30	19	41	0	n	n
1	30	19	42	0	n	n
1	30	19	43	0	n	n
1	30	19	44	0	n	n
1	30	19	45	0	n	n
1	30	19	46	0	n	n
1	30	19	47	0	n	n
1	30	19	48	0	n	n
1	30	19	49	0	n	n
1	30	19	50	0	n	n
1	30	20	1	36	s	n
1	30	20	2	42	s	n
1	30	20	3	43	s	n
1	30	20	4	34	s	n
1	30	20	5	41	s	d
1	30	20	6	7	n	n
1	30	20	7	19	n	n
1	30	20	8	15	n	n
1	30	20	9	7	n	n
1	30	20	10	4	n	n
1	30	20	11	1	n	n
1	30	20	12	0	n	n
1	30	20	13	0	n	n
1	30	20	14	0	n	n
1	30	20	15	0	n	n
1	30	20	16	0	n	n
1	30	20	17	0	n	n
1	30	20	18	0	n	n
1	30	20	19	0	n	n
1	30	20	20	0	n	n
1	30	20	21	0	n	n
1	30	20	22	0	n	n
1	30	20	23	0	n	n
1	30	20	24	0	n	n
1	30	20	25	0	n	n
1	30	20	26	0	n	n
1	30	20	27	0	n	n
1	30	20	28	0	n	n
1	30	20	29	0	n	n
1	30	20	30	0	n	n
1	30	20	31	0	n	n
1	30	20	32	0	n	n
1	30	20	33	0	n	n
1	30	20	34	0	n	n
1	30	20	35	0	n	n
1	30	20	36	0	n	n
1	30	20	37	0	n	n
1	30	20	38	0	n	n
1	30	20	39	0	n	n
1	30	20	40	0	n	n
1	30	20	41	0	n	n
1	30	20	42	0	n	n
1	30	20	43	0	n	n
1	30	20	44	0	n	n
1	30	20	45	0	n	n
1	30	20	46	0	n	n
1	30	20	47	0	n	n
1	30	20	48	0	n	n
1	30	20	49	0	n	n
1	30	20	50	0	n	n
1	40	1	1	51	s	n
1	40	1	2	35	s	n
1	40	1	3	40	s	n
1	40	1	4	46	s	n
1	40	1	5	49	s	n
1	40	1	6	36	n	n
1	40	1	7	46	s	d
1	40	1	8	28	n	n
1	40	1	9	23	n	n
1	40	1	10	8	n	n
1	40	1	11	10	n	n
1	40	1	12	4	n	n
1	40	1	13	2	n	n
1	40	1	14	0	n	n
1	40	1	15	0	n	n
1	40	1	16	0	n	n
1	40	1	17	0	n	n
1	40	1	18	0	n	n
1	40	1	19	0	n	n
1	40	1	20	0	n	n
1	40	1	21	0	n	n
1	40	1	22	0	n	n
1	40	1	23	0	n	n
1	40	1	24	0	n	n
1	40	1	25	0	n	n
1	40	1	26	0	n	n
1	40	1	27	0	n	n
1	40	1	28	0	n	n
1	40	1	29	0	n	n
1	40	1	30	0	n	n
1	40	1	31	0	n	n
1	40	1	32	0	n	n
1	40	1	33	0	n	n
1	40	1	34	0	n	n
1	40	1	35	0	n	n
1	40	1	36	0	n	n
1	40	1	37	0	n	n
1	40	1	38	0	n	n
1	40	1	39	0	n	n
1	40	1	40	0	n	n
1	40	1	41	0	n	n
1	40	1	42	0	n	n
1	40	1	43	0	n	n
1	40	1	44	0	n	n
1	40	1	45	0	n	n
1	40	1	46	0	n	n
1	40	1	47	0	n	n
1	40	1	48	0	n	n
1	40	1	49	0	n	n
1	40	1	50	0	n	n
1	40	2	1	43	s	n
1	40	2	2	43	s	n
1	40	2	3	35	s	n
1	40	2	4	52	s	n
1	40	2	5	45	s	n
1	40	2	6	56	s	d
1	40	2	7	35	n	n
1	40	2	8	33	n	n
1	40	2	9	15	n	n
1	40	2	10	13	n	n
1	40	2	11	8	n	n
1	40	2	12	5	n	n
1	40	2	13	5	n	n
1	40	2	14	5	n	n
1	40	2	15	1	n	n
1	40	2	16	2	n	n
1	40	2	17	1	n	n
1	40	2	18	0	n	n
1	40	2	19	0	n	n
1	40	2	20	0	n	n
1	40	2	21	0	n	n
1	40	2	22	0	n	n
1	40	2	23	0	n	n
1	40	2	24	0	n	n
1	40	2	25	0	n	n
1	40	2	26	0	n	n
1	40	2	27	0	n	n
1	40	2	28	0	n	n
1	40	2	29	0	n	n
1	40	2	30	0	n	n
1	40	2	31	0	n	n
1	40	2	32	0	n	n
1	40	2	33	0	n	n
1	40	2	34	0	n	n
1	40	2	35	0	n	n
1	40	2	36	0	n	n
1	40	2	37	0	n	n
1	40	2	38	0	n	n
1	40	2	39	0	n	n
1	40	2	40	0	n	n
1	40	2	41	0	n	n
1	40	2	42	0	n	n
1	40	2	43	0	n	n
1	40	2	44	0	n	n
1	40	2	45	0	n	n
1	40	2	46	0	n	n
1	40	2	47	0	n	n
1	40	2	48	0	n	n
1	40	2	49	0	n	n
1	40	2	50	0	n	n
1	40	3	1	40	s	n
1	40	3	2	51	s	n
1	40	3	3	38	s	n
1	40	3	4	49	s	n
1	40	3	5	45	s	n
1	40	3	6	38	s	n
1	40	3	7	32	n	n
1	40	3	8	31	n	n
1	40	3	9	21	n	n
1	40	3	10	20	n	n
1	40	3	11	19	n	n
1	40	3	12	4	n	n
1	40	3	13	0	n	n
1	40	3	14	2	n	n
1	40	3	15	2	n	n
1	40	3	16	0	n	n
1	40	3	17	0	n	n
1	40	3	18	0	n	n
1	40	3	19	0	n	n
1	40	3	20	0	n	n
1	40	3	21	0	n	n
1	40	3	22	0	n	n
1	40	3	23	0	n	n
1	40	3	24	0	n	n
1	40	3	25	0	n	n
1	40	3	26	0	n	n
1	40	3	27	0	n	n
1	40	3	28	0	n	n
1	40	3	29	0	n	n
1	40	3	30	0	n	n
1	40	3	31	0	n	n
1	40	3	32	0	n	n
1	40	3	33	0	n	n
1	40	3	34	0	n	n
1	40	3	35	0	n	n
1	40	3	36	0	n	n
1	40	3	37	0	n	n
1	40	3	38	0	n	n
1	40	3	39	0	n	n
1	40	3	40	0	n	n
1	40	3	41	0	n	n
1	40	3	42	0	n	n
1	40	3	43	0	n	n
1	40	3	44	0	n	n
1	40	3	45	0	n	n
1	40	3	46	0	n	n
1	40	3	47	0	n	n
1	40	3	48	0	n	n
1	40	3	49	0	n	n
1	40	3	50	0	n	n
1	40	4	1	43	s	n
1	40	4	2	42	s	n
1	40	4	3	42	s	n
1	40	4	4	46	s	n
1	40	4	5	32	s	n
1	40	4	6	37	s	n
1	40	4	7	26	s	n
1	40	4	8	31	n	n
1	40	4	9	28	n	n
1	40	4	10	8	n	n
1	40	4	11	5	n	n
1	40	4	12	7	n	n
1	40	4	13	6	n	n
1	40	4	14	3	n	n
1	40	4	15	0	n	n
1	40	4	16	2	n	n
1	40	4	17	0	n	n
1	40	4	18	0	n	n
1	40	4	19	0	n	n
1	40	4	20	0	n	n
1	40	4	21	0	n	n
1	40	4	22	0	n	n
1	40	4	23	0	n	n
1	40	4	24	0	n	n
1	40	4	25	0	n	n
1	40	4	26	0	n	n
1	40	4	27	0	n	n
1	40	4	28	0	n	n
1	40	4	29	0	n	n
1	40	4	30	0	n	n
1	40	4	31	0	n	n
1	40	4	32	0	n	n
1	40	4	33	0	n	n
1	40	4	34	0	n	n
1	40	4	35	0	n	n
1	40	4	36	0	n	n
1	40	4	37	0	n	n
1	40	4	38	0	n	n
1	40	4	39	0	n	n
1	40	4	40	0	n	n
1	40	4	41	0	n	n
1	40	4	42	0	n	n
1	40	4	43	0	n	n
1	40	4	44	0	n	n
1	40	4	45	0	n	n
1	40	4	46	0	n	n
1	40	4	47	0	n	n
1	40	4	48	0	n	n
1	40	4	49	0	n	n
1	40	4	50	0	n	n
1	40	5	1	26	s	n
1	40	5	2	47	s	n
1	40	5	3	36	s	n
1	40	5	4	40	s	d
1	40	5	5	34	s	n
1	40	5	6	44	s	d
1	40	5	7	21	n	n
1	40	5	8	22	n	n
1	40	5	9	9	n	n
1	40	5	10	11	n	n
1	40	5	11	11	n	n
1	40	5	12	1	n	n
1	40	5	13	2	n	n
1	40	5	14	0	n	n
1	40	5	15	2	n	n
1	40	5	16	0	n	n
1	40	5	17	0	n	n
1	40	5	18	0	n	n
1	40	5	19	0	n	n
1	40	5	20	0	n	n
1	40	5	21	0	n	n
1	40	5	22	0	n	n
1	40	5	23	0	n	n
1	40	5	24	0	n	n
1	40	5	25	0	n	n
1	40	5	26	0	n	n
1	40	5	27	0	n	n
1	40	5	28	0	n	n
1	40	5	29	0	n	n
1	40	5	30	0	n	n
1	40	5	31	0	n	n
1	40	5	32	0	n	n
1	40	5	33	0	n	n
1	40	5	34	0	n	n
1	40	5	35	0	n	n
1	40	5	36	0	n	n
1	40	5	37	0	n	n
1	40	5	38	0	n	n
1	40	5	39	0	n	n
1	40	5	40	0	n	n
1	40	5	41	0	n	n
1	40	5	42	0	n	n
1	40	5	43	0	n	n
1	40	5	44	0	n	n
1	40	5	45	0	n	n
1	40	5	46	0	n	n
1	40	5	47	0	n	n
1	40	5	48	0	n	n
1	40	5	49	0	n	n
1	40	5	50	0	n	n
1	40	6	1	28	s	n
1	40	6	2	40	s	n
1	40	6	3	39	s	n
1	40	6	4	44	s	d
1	40	6	5	33	s	n
1	40	6	6	52	s	d
1	40	6	7	33	s	n
1	40	6	8	26	n	n
1	40	6	9	8	n	n
1	40	6	10	12	n	n
1	40	6	11	6	n	n
1	40	6	12	9	s	n
1	40	6	13	0	n	n
1	40	6	14	1	n	n
1	40	6	15	0	n	n
1	40	6	16	0	n	n
1	40	6	17	2	n	n
1	40	6	18	0	n	n
1	40	6	19	0	n	n
1	40	6	20	0	n	n
1	40	6	21	0	n	n
1	40	6	22	0	n	n
1	40	6	23	0	n	n
1	40	6	24	0	n	n
1	40	6	25	0	n	n
1	40	6	26	0	n	n
1	40	6	27	0	n	n
1	40	6	28	0	n	n
1	40	6	29	0	n	n
1	40	6	30	0	n	n
1	40	6	31	0	n	n
1	40	6	32	0	n	n
1	40	6	33	0	n	n
1	40	6	34	0	n	n
1	40	6	35	0	n	n
1	40	6	36	0	n	n
1	40	6	37	0	n	n
1	40	6	38	0	n	n
1	40	6	39	0	n	n
1	40	6	40	0	n	n
1	40	6	41	0	n	n
1	40	6	42	0	n	n
1	40	6	43	0	n	n
1	40	6	44	0	n	n
1	40	6	45	0	n	n
1	40	6	46	0	n	n
1	40	6	47	0	n	n
1	40	6	48	0	n	n
1	40	6	49	0	n	n
1	40	6	50	0	n	n
1	40	7	1	34	s	n
1	40	7	2	35	s	n
1	40	7	3	40	s	n
1	40	7	4	34	s	n
1	40	7	5	36	s	n
1	40	7	6	34	s	n
1	40	7	7	41	s	n
1	40	7	8	18	s	n
1	40	7	9	31	n	n
1	40	7	10	19	s	n
1	40	7	11	8	n	n
1	40	7	12	7	n	n
1	40	7	13	1	n	n
1	40	7	14	2	n	n
1	40	7	15	1	n	n
1	40	7	16	1	n	n
1	40	7	17	2	n	n
1	40	7	18	0	n	n
1	40	7	19	0	n	n
1	40	7	20	0	n	n
1	40	7	21	0	n	n
1	40	7	22	0	n	n
1	40	7	23	0	n	n
1	40	7	24	0	n	n
1	40	7	25	0	n	n
1	40	7	26	0	n	n
1	40	7	27	0	n	n
1	40	7	28	0	n	n
1	40	7	29	0	n	n
1	40	7	30	0	n	n
1	40	7	31	0	n	n
1	40	7	32	0	n	n
1	40	7	33	0	n	n
1	40	7	34	0	n	n
1	40	7	35	0	n	n
1	40	7	36	0	n	n
1	40	7	37	0	n	n
1	40	7	38	0	n	n
1	40	7	39	0	n	n
1	40	7	40	0	n	n
1	40	7	41	0	n	n
1	40	7	42	0	n	n
1	40	7	43	0	n	n
1	40	7	44	0	n	n
1	40	7	45	0	n	n
1	40	7	46	0	n	n
1	40	7	47	0	n	n
1	40	7	48	0	n	n
1	40	7	49	0	n	n
1	40	7	50	0	n	n
1	40	8	1	33	s	n
1	40	8	2	34	s	n
1	40	8	3	31	s	n
1	40	8	4	41	s	n
1	40	8	5	43	s	n
1	40	8	6	30	s	n
1	40	8	7	35	s	n
1	40	8	8	26	s	n
1	40	8	9	6	n	n
1	40	8	10	14	n	n
1	40	8	11	6	n	n
1	40	8	12	2	n	n
1	40	8	13	1	n	n
1	40	8	14	2	n	n
1	40	8	15	1	n	n
1	40	8	16	4	n	n
1	40	8	17	1	n	n
1	40	8	18	1	n	n
1	40	8	19	1	n	n
1	40	8	20	0	n	n
1	40	8	21	0	n	n
1	40	8	22	0	n	n
1	40	8	23	0	n	n
1	40	8	24	0	n	n
1	40	8	25	0	n	n
1	40	8	26	0	n	n
1	40	8	27	0	n	n
1	40	8	28	0	n	n
1	40	8	29	0	n	n
1	40	8	30	0	n	n
1	40	8	31	0	n	n
1	40	8	32	0	n	n
1	40	8	33	0	n	n
1	40	8	34	0	n	n
1	40	8	35	0	n	n
1	40	8	36	0	n	n
1	40	8	37	0	n	n
1	40	8	38	0	n	n
1	40	8	39	0	n	n
1	40	8	40	0	n	n
1	40	8	41	0	n	n
1	40	8	42	0	n	n
1	40	8	43	0	n	n
1	40	8	44	0	n	n
1	40	8	45	0	n	n
1	40	8	46	0	n	n
1	40	8	47	0	n	n
1	40	8	48	0	n	n
1	40	8	49	0	n	n
1	40	8	50	0	n	n
1	40	9	1	29	s	n
1	40	9	2	39	s	n
1	40	9	3	44	s	n
1	40	9	4	31	s	n
1	40	9	5	43	s	n
1	40	9	6	36	s	n
1	40	9	7	22	s	n
1	40	9	8	18	n	n
1	40	9	9	7	n	n
1	40	9	10	12	n	n
1	40	9	11	11	n	n
1	40	9	12	1	n	n
1	40	9	13	0	n	n
1	40	9	14	2	n	n
1	40	9	15	0	n	n
1	40	9	16	2	n	n
1	40	9	17	1	n	n
1	40	9	18	1	n	n
1	40	9	19	0	n	n
1	40	9	20	0	n	n
1	40	9	21	0	n	n
1	40	9	22	0	n	n
1	40	9	23	0	n	n
1	40	9	24	0	n	n
1	40	9	25	0	n	n
1	40	9	26	0	n	n
1	40	9	27	0	n	n
1	40	9	28	0	n	n
1	40	9	29	0	n	n
1	40	9	30	0	n	n
1	40	9	31	0	n	n
1	40	9	32	0	n	n
1	40	9	33	0	n	n
1	40	9	34	0	n	n
1	40	9	35	0	n	n
1	40	9	36	0	n	n
1	40	9	37	0	n	n
1	40	9	38	0	n	n
1	40	9	39	0	n	n
1	40	9	40	0	n	n
1	40	9	41	0	n	n
1	40	9	42	0	n	n
1	40	9	43	0	n	n
1	40	9	44	0	n	n
1	40	9	45	0	n	n
1	40	9	46	0	n	n
1	40	9	47	0	n	n
1	40	9	48	0	n	n
1	40	9	49	0	n	n
1	40	9	50	0	n	n
1	40	10	1	44	s	n
1	40	10	2	44	s	n
1	40	10	3	34	s	n
1	40	10	4	37	s	n
1	40	10	5	41	s	n
1	40	10	6	32	s	n
1	40	10	7	34	s	n
1	40	10	8	20	s	n
1	40	10	9	19	n	n
1	40	10	10	15	n	n
1	40	10	11	4	n	n
1	40	10	12	18	n	n
1	40	10	13	0	n	n
1	40	10	14	0	n	n
1	40	10	15	1	n	n
1	40	10	16	1	n	n
1	40	10	17	0	n	n
1	40	10	18	0	n	n
1	40	10	19	0	n	n
1	40	10	20	0	n	n
1	40	10	21	0	n	n
1	40	10	22	0	n	n
1	40	10	23	0	n	n
1	40	10	24	0	n	n
1	40	10	25	0	n	n
1	40	10	26	0	n	n
1	40	10	27	0	n	n
1	40	10	28	0	n	n
1	40	10	29	0	n	n
1	40	10	30	0	n	n
1	40	10	31	0	n	n
1	40	10	32	0	n	n
1	40	10	33	0	n	n
1	40	10	34	0	n	n
1	40	10	35	0	n	n
1	40	10	36	0	n	n
1	40	10	37	0	n	n
1	40	10	38	0	n	n
1	40	10	39	0	n	n
1	40	10	40	0	n	n
1	40	10	41	0	n	n
1	40	10	42	0	n	n
1	40	10	43	0	n	n
1	40	10	44	0	n	n
1	40	10	45	0	n	n
1	40	10	46	0	n	n
1	40	10	47	0	n	n
1	40	10	48	0	n	n
1	40	10	49	0	n	n
1	40	10	50	0	n	n
1	40	11	1	38	s	n
1	40	11	2	48	s	n
1	40	11	3	40	s	n
1	40	11	4	31	s	n
1	40	11	5	31	s	n
1	40	11	6	41	s	n
1	40	11	7	26	n	n
1	40	11	8	30	n	n
1	40	11	9	17	n	n
1	40	11	10	10	n	n
1	40	11	11	6	n	n
1	40	11	12	4	n	n
1	40	11	13	0	n	n
1	40	11	14	0	n	n
1	40	11	15	0	n	n
1	40	11	16	0	n	n
1	40	11	17	0	n	n
1	40	11	18	0	n	n
1	40	11	19	0	n	n
1	40	11	20	0	n	n
1	40	11	21	0	n	n
1	40	11	22	0	n	n
1	40	11	23	0	n	n
1	40	11	24	0	n	n
1	40	11	25	0	n	n
1	40	11	26	0	n	n
1	40	11	27	0	n	n
1	40	11	28	0	n	n
1	40	11	29	0	n	n
1	40	11	30	0	n	n
1	40	11	31	0	n	n
1	40	11	32	0	n	n
1	40	11	33	0	n	n
1	40	11	34	0	n	n
1	40	11	35	0	n	n
1	40	11	36	0	n	n
1	40	11	37	0	n	n
1	40	11	38	0	n	n
1	40	11	39	0	n	n
1	40	11	40	0	n	n
1	40	11	41	0	n	n
1	40	11	42	0	n	n
1	40	11	43	0	n	n
1	40	11	44	0	n	n
1	40	11	45	0	n	n
1	40	11	46	0	n	n
1	40	11	47	0	n	n
1	40	11	48	0	n	n
1	40	11	49	0	n	n
1	40	11	50	0	n	n
1	40	12	1	44	s	n
1	40	12	2	50	s	n
1	40	12	3	37	s	n
1	40	12	4	48	s	n
1	40	12	5	36	s	n
1	40	12	6	34	n	n
1	40	12	7	36	n	n
1	40	12	8	35	n	n
1	40	12	9	32	n	n
1	40	12	10	17	n	n
1	40	12	11	14	n	n
1	40	12	12	4	n	n
1	40	12	13	6	n	n
1	40	12	14	0	n	n
1	40	12	15	0	n	n
1	40	12	16	0	n	n
1	40	12	17	0	n	n
1	40	12	18	0	n	n
1	40	12	19	0	n	n
1	40	12	20	0	n	n
1	40	12	21	0	n	n
1	40	12	22	0	n	n
1	40	12	23	0	n	n
1	40	12	24	0	n	n
1	40	12	25	0	n	n
1	40	12	26	0	n	n
1	40	12	27	0	n	n
1	40	12	28	0	n	n
1	40	12	29	0	n	n
1	40	12	30	0	n	n
1	40	12	31	0	n	n
1	40	12	32	0	n	n
1	40	12	33	0	n	n
1	40	12	34	0	n	n
1	40	12	35	0	n	n
1	40	12	36	0	n	n
1	40	12	37	0	n	n
1	40	12	38	0	n	n
1	40	12	39	0	n	n
1	40	12	40	0	n	n
1	40	12	41	0	n	n
1	40	12	42	0	n	n
1	40	12	43	0	n	n
1	40	12	44	0	n	n
1	40	12	45	0	n	n
1	40	12	46	0	n	n
1	40	12	47	0	n	n
1	40	12	48	0	n	n
1	40	12	49	0	n	n
1	40	12	50	0	n	n
1	40	13	1	51	s	n
1	40	13	2	38	s	n
1	40	13	3	41	s	n
1	40	13	4	31	s	n
1	40	13	5	37	s	n
1	40	13	6	35	s	n
1	40	13	7	33	n	n
1	40	13	8	30	n	n
1	40	13	9	30	n	n
1	40	13	10	15	n	n
1	40	13	11	12	n	n
1	40	13	12	10	n	n
1	40	13	13	7	n	n
1	40	13	14	0	n	n
1	40	13	15	0	n	n
1	40	13	16	0	n	n
1	40	13	17	0	n	n
1	40	13	18	0	n	n
1	40	13	19	0	n	n
1	40	13	20	0	n	n
1	40	13	21	0	n	n
1	40	13	22	0	n	n
1	40	13	23	0	n	n
1	40	13	24	0	n	n
1	40	13	25	0	n	n
1	40	13	26	0	n	n
1	40	13	27	0	n	n
1	40	13	28	0	n	n
1	40	13	29	0	n	n
1	40	13	30	0	n	n
1	40	13	31	0	n	n
1	40	13	32	0	n	n
1	40	13	33	0	n	n
1	40	13	34	0	n	n
1	40	13	35	0	n	n
1	40	13	36	0	n	n
1	40	13	37	0	n	n
1	40	13	38	0	n	n
1	40	13	39	0	n	n
1	40	13	40	0	n	n
1	40	13	41	0	n	n
1	40	13	42	0	n	n
1	40	13	43	0	n	n
1	40	13	44	0	n	n
1	40	13	45	0	n	n
1	40	13	46	0	n	n
1	40	13	47	0	n	n
1	40	13	48	0	n	n
1	40	13	49	0	n	n
1	40	13	50	0	n	n
1	40	14	1	39	s	n
1	40	14	2	46	s	n
1	40	14	3	50	s	n
1	40	14	4	40	s	n
1	40	14	5	25	n	n
1	40	14	6	44	s	n
1	40	14	7	27	n	n
1	40	14	8	30	n	n
1	40	14	9	26	n	n
1	40	14	10	14	n	n
1	40	14	11	25	n	n
1	40	14	12	8	n	n
1	40	14	13	7	n	n
1	40	14	14	0	n	n
1	40	14	15	0	n	n
1	40	14	16	0	n	n
1	40	14	17	0	n	n
1	40	14	18	0	n	n
1	40	14	19	0	n	n
1	40	14	20	0	n	n
1	40	14	21	0	n	n
1	40	14	22	0	n	n
1	40	14	23	0	n	n
1	40	14	24	0	n	n
1	40	14	25	0	n	n
1	40	14	26	0	n	n
1	40	14	27	0	n	n
1	40	14	28	0	n	n
1	40	14	29	0	n	n
1	40	14	30	0	n	n
1	40	14	31	0	n	n
1	40	14	32	0	n	n
1	40	14	33	0	n	n
1	40	14	34	0	n	n
1	40	14	35	0	n	n
1	40	14	36	0	n	n
1	40	14	37	0	n	n
1	40	14	38	0	n	n
1	40	14	39	0	n	n
1	40	14	40	0	n	n
1	40	14	41	0	n	n
1	40	14	42	0	n	n
1	40	14	43	0	n	n
1	40	14	44	0	n	n
1	40	14	45	0	n	n
1	40	14	46	0	n	n
1	40	14	47	0	n	n
1	40	14	48	0	n	n
1	40	14	49	0	n	n
1	40	14	50	0	n	n
1	40	15	1	35	s	n
1	40	15	2	38	s	n
1	40	15	3	46	s	n
1	40	15	4	41	s	n
1	40	15	5	36	s	n
1	40	15	6	35	n	n
1	40	15	7	42	s	d
1	40	15	8	34	n	n
1	40	15	9	37	n	n
1	40	15	10	6	n	n
1	40	15	11	11	n	n
1	40	15	12	9	n	n
1	40	15	13	7	n	n
1	40	15	14	0	n	n
1	40	15	15	0	n	n
1	40	15	16	0	n	n
1	40	15	17	0	n	n
1	40	15	18	0	n	n
1	40	15	19	0	n	n
1	40	15	20	0	n	n
1	40	15	21	0	n	n
1	40	15	22	0	n	n
1	40	15	23	0	n	n
1	40	15	24	0	n	n
1	40	15	25	0	n	n
1	40	15	26	0	n	n
1	40	15	27	0	n	n
1	40	15	28	0	n	n
1	40	15	29	0	n	n
1	40	15	30	0	n	n
1	40	15	31	0	n	n
1	40	15	32	0	n	n
1	40	15	33	0	n	n
1	40	15	34	0	n	n
1	40	15	35	0	n	n
1	40	15	36	0	n	n
1	40	15	37	0	n	n
1	40	15	38	0	n	n
1	40	15	39	0	n	n
1	40	15	40	0	n	n
1	40	15	41	0	n	n
1	40	15	42	0	n	n
1	40	15	43	0	n	n
1	40	15	44	0	n	n
1	40	15	45	0	n	n
1	40	15	46	0	n	n
1	40	15	47	0	n	n
1	40	15	48	0	n	n
1	40	15	49	0	n	n
1	40	15	50	0	n	n
1	40	16	1	33	s	n
1	40	16	2	40	s	n
1	40	16	3	38	s	n
1	40	16	4	45	s	n
1	40	16	5	32	n	n
1	40	16	6	48	s	n
1	40	16	7	19	n	n
1	40	16	8	23	n	n
1	40	16	9	23	n	n
1	40	16	10	16	n	n
1	40	16	11	7	n	n
1	40	16	12	8	n	n
1	40	16	13	7	n	n
1	40	16	14	0	n	n
1	40	16	15	0	n	n
1	40	16	16	0	n	n
1	40	16	17	0	n	n
1	40	16	18	0	n	n
1	40	16	19	0	n	n
1	40	16	20	0	n	n
1	40	16	21	0	n	n
1	40	16	22	0	n	n
1	40	16	23	0	n	n
1	40	16	24	0	n	n
1	40	16	25	0	n	n
1	40	16	26	0	n	n
1	40	16	27	0	n	n
1	40	16	28	0	n	n
1	40	16	29	0	n	n
1	40	16	30	0	n	n
1	40	16	31	0	n	n
1	40	16	32	0	n	n
1	40	16	33	0	n	n
1	40	16	34	0	n	n
1	40	16	35	0	n	n
1	40	16	36	0	n	n
1	40	16	37	0	n	n
1	40	16	38	0	n	n
1	40	16	39	0	n	n
1	40	16	40	0	n	n
1	40	16	41	0	n	n
1	40	16	42	0	n	n
1	40	16	43	0	n	n
1	40	16	44	0	n	n
1	40	16	45	0	n	n
1	40	16	46	0	n	n
1	40	16	47	0	n	n
1	40	16	48	0	n	n
1	40	16	49	0	n	n
1	40	16	50	0	n	n
1	40	17	1	42	s	n
1	40	17	2	39	s	n
1	40	17	3	37	s	n
1	40	17	4	44	s	n
1	40	17	5	32	s	n
1	40	17	6	43	s	n
1	40	17	7	42	s	n
1	40	17	8	17	n	n
1	40	17	9	21	n	n
1	40	17	10	17	s	n
1	40	17	11	7	n	n
1	40	17	12	3	n	n
1	40	17	13	3	n	n
1	40	17	14	0	n	n
1	40	17	15	0	n	n
1	40	17	16	0	n	n
1	40	17	17	0	n	n
1	40	17	18	0	n	n
1	40	17	19	0	n	n
1	40	17	20	0	n	n
1	40	17	21	0	n	n
1	40	17	22	0	n	n
1	40	17	23	0	n	n
1	40	17	24	0	n	n
1	40	17	25	0	n	n
1	40	17	26	0	n	n
1	40	17	27	0	n	n
1	40	17	28	0	n	n
1	40	17	29	0	n	n
1	40	17	30	0	n	n
1	40	17	31	0	n	n
1	40	17	32	0	n	n
1	40	17	33	0	n	n
1	40	17	34	0	n	n
1	40	17	35	0	n	n
1	40	17	36	0	n	n
1	40	17	37	0	n	n
1	40	17	38	0	n	n
1	40	17	39	0	n	n
1	40	17	40	0	n	n
1	40	17	41	0	n	n
1	40	17	42	0	n	n
1	40	17	43	0	n	n
1	40	17	44	0	n	n
1	40	17	45	0	n	n
1	40	17	46	0	n	n
1	40	17	47	0	n	n
1	40	17	48	0	n	n
1	40	17	49	0	n	n
1	40	17	50	0	n	n
1	40	18	1	36	s	n
1	40	18	2	47	s	n
1	40	18	3	22	s	n
1	40	18	4	40	s	n
1	40	18	5	39	s	n
1	40	18	6	18	n	n
1	40	18	7	32	s	n
1	40	18	8	30	n	n
1	40	18	9	31	n	n
1	40	18	10	22	n	n
1	40	18	11	8	n	n
1	40	18	12	1	n	n
1	40	18	13	1	n	n
1	40	18	14	3	n	n
1	40	18	15	1	n	n
1	40	18	16	0	n	n
1	40	18	17	0	n	n
1	40	18	18	0	n	n
1	40	18	19	0	n	n
1	40	18	20	0	n	n
1	40	18	21	0	n	n
1	40	18	22	0	n	n
1	40	18	23	0	n	n
1	40	18	24	0	n	n
1	40	18	25	0	n	n
1	40	18	26	0	n	n
1	40	18	27	0	n	n
1	40	18	28	0	n	n
1	40	18	29	0	n	n
1	40	18	30	0	n	n
1	40	18	31	0	n	n
1	40	18	32	0	n	n
1	40	18	33	0	n	n
1	40	18	34	0	n	n
1	40	18	35	0	n	n
1	40	18	36	0	n	n
1	40	18	37	0	n	n
1	40	18	38	0	n	n
1	40	18	39	0	n	n
1	40	18	40	0	n	n
1	40	18	41	0	n	n
1	40	18	42	0	n	n
1	40	18	43	0	n	n
1	40	18	44	0	n	n
1	40	18	45	0	n	n
1	40	18	46	0	n	n
1	40	18	47	0	n	n
1	40	18	48	0	n	n
1	40	18	49	0	n	n
1	40	18	50	0	n	n
1	40	19	1	45	s	n
1	40	19	2	50	s	n
1	40	19	3	43	s	n
1	40	19	4	48	s	n
1	40	19	5	49	s	n
1	40	19	6	30	n	n
1	40	19	7	30	n	n
1	40	19	8	31	n	n
1	40	19	9	23	n	n
1	40	19	10	18	n	n
1	40	19	11	27	s	n
1	40	19	12	9	n	n
1	40	19	13	2	n	n
1	40	19	14	1	n	n
1	40	19	15	0	n	n
1	40	19	16	0	n	n
1	40	19	17	0	n	n
1	40	19	18	0	n	n
1	40	19	19	0	n	n
1	40	19	20	0	n	n
1	40	19	21	0	n	n
1	40	19	22	0	n	n
1	40	19	23	0	n	n
1	40	19	24	0	n	n
1	40	19	25	0	n	n
1	40	19	26	0	n	n
1	40	19	27	0	n	n
1	40	19	28	0	n	n
1	40	19	29	0	n	n
1	40	19	30	0	n	n
1	40	19	31	0	n	n
1	40	19	32	0	n	n
1	40	19	33	0	n	n
1	40	19	34	0	n	n
1	40	19	35	0	n	n
1	40	19	36	0	n	n
1	40	19	37	0	n	n
1	40	19	38	0	n	n
1	40	19	39	0	n	n
1	40	19	40	0	n	n
1	40	19	41	0	n	n
1	40	19	42	0	n	n
1	40	19	43	0	n	n
1	40	19	44	0	n	n
1	40	19	45	0	n	n
1	40	19	46	0	n	n
1	40	19	47	0	n	n
1	40	19	48	0	n	n
1	40	19	49	0	n	n
1	40	19	50	0	n	n
1	40	20	1	30	s	n
1	40	20	2	34	s	n
1	40	20	3	38	s	n
1	40	20	4	48	s	n
1	40	20	5	42	s	n
1	40	20	6	46	s	n
1	40	20	7	40	s	n
1	40	20	8	28	n	n
1	40	20	9	28	s	n
1	40	20	10	14	n	n
1	40	20	11	4	n	n
1	40	20	12	10	n	n
1	40	20	13	7	n	n
1	40	20	14	3	n	n
1	40	20	15	1	n	n
1	40	20	16	0	n	n
1	40	20	17	0	n	n
1	40	20	18	0	n	n
1	40	20	19	0	n	n
1	40	20	20	0	n	n
1	40	20	21	0	n	n
1	40	20	22	0	n	n
1	40	20	23	0	n	n
1	40	20	24	0	n	n
1	40	20	25	0	n	n
1	40	20	26	0	n	n
1	40	20	27	0	n	n
1	40	20	28	0	n	n
1	40	20	29	0	n	n
1	40	20	30	0	n	n
1	40	20	31	0	n	n
1	40	20	32	0	n	n
1	40	20	33	0	n	n
1	40	20	34	0	n	n
1	40	20	35	0	n	n
1	40	20	36	0	n	n
1	40	20	37	0	n	n
1	40	20	38	0	n	n
1	40	20	39	0	n	n
1	40	20	40	0	n	n
1	40	20	41	0	n	n
1	40	20	42	0	n	n
1	40	20	43	0	n	n
1	40	20	44	0	n	n
1	40	20	45	0	n	n
1	40	20	46	0	n	n
1	40	20	47	0	n	n
1	40	20	48	0	n	n
1	40	20	49	0	n	n
1	40	20	50	0	n	n
1	50	1	1	57	s	n
1	50	1	2	37	s	n
1	50	1	3	33	s	n
1	50	1	4	36	s	n
1	50	1	5	39	s	n
1	50	1	6	31	s	n
1	50	1	7	53	s	n
1	50	1	8	31	s	n
1	50	1	9	24	s	n
1	50	1	10	45	s	d
1	50	1	11	35	s	n
1	50	1	12	34	n	n
1	50	1	13	15	n	n
1	50	1	14	5	n	n
1	50	1	15	7	n	n
1	50	1	16	6	n	n
1	50	1	17	6	n	n
1	50	1	18	0	n	n
1	50	1	19	2	n	n
1	50	1	20	0	n	n
1	50	1	21	0	n	n
1	50	1	22	0	n	n
1	50	1	23	0	n	n
1	50	1	24	0	n	n
1	50	1	25	0	n	n
1	50	1	26	0	n	n
1	50	1	27	0	n	n
1	50	1	28	0	n	n
1	50	1	29	0	n	n
1	50	1	30	0	n	n
1	50	1	31	0	n	n
1	50	1	32	0	n	n
1	50	1	33	0	n	n
1	50	1	34	0	n	n
1	50	1	35	0	n	n
1	50	1	36	0	n	n
1	50	1	37	0	n	n
1	50	1	38	0	n	n
1	50	1	39	0	n	n
1	50	1	40	0	n	n
1	50	1	41	0	n	n
1	50	1	42	0	n	n
1	50	1	43	0	n	n
1	50	1	44	0	n	n
1	50	1	45	0	n	n
1	50	1	46	0	n	n
1	50	1	47	0	n	n
1	50	1	48	0	n	n
1	50	1	49	0	n	n
1	50	1	50	0	n	n
1	50	2	1	48	s	n
1	50	2	2	39	s	n
1	50	2	3	36	s	n
1	50	2	4	42	s	n
1	50	2	5	30	s	n
1	50	2	6	37	s	n
1	50	2	7	64	s	n
1	50	2	8	38	s	n
1	50	2	9	27	s	n
1	50	2	10	27	n	n
1	50	2	11	24	s	n
1	50	2	12	31	n	n
1	50	2	13	37	s	n
1	50	2	14	8	n	n
1	50	2	15	5	n	n
1	50	2	16	8	n	n
1	50	2	17	1	n	n
1	50	2	18	4	n	n
1	50	2	19	0	n	n
1	50	2	20	0	n	n
1	50	2	21	0	n	n
1	50	2	22	0	n	n
1	50	2	23	0	n	n
1	50	2	24	0	n	n
1	50	2	25	0	n	n
1	50	2	26	0	n	n
1	50	2	27	0	n	n
1	50	2	28	0	n	n
1	50	2	29	0	n	n
1	50	2	30	0	n	n
1	50	2	31	0	n	n
1	50	2	32	0	n	n
1	50	2	33	0	n	n
1	50	2	34	0	n	n
1	50	2	35	0	n	n
1	50	2	36	0	n	n
1	50	2	37	0	n	n
1	50	2	38	0	n	n
1	50	2	39	0	n	n
1	50	2	40	0	n	n
1	50	2	41	0	n	n
1	50	2	42	0	n	n
1	50	2	43	0	n	n
1	50	2	44	0	n	n
1	50	2	45	0	n	n
1	50	2	46	0	n	n
1	50	2	47	0	n	n
1	50	2	48	0	n	n
1	50	2	49	0	n	n
1	50	2	50	0	n	n
1	50	3	1	38	s	n
1	50	3	2	41	s	n
1	50	3	3	41	s	n
1	50	3	4	28	s	n
1	50	3	5	35	s	n
1	50	3	6	43	s	n
1	50	3	7	37	s	n
1	50	3	8	29	s	n
1	50	3	9	27	s	n
1	50	3	10	15	n	n
1	50	3	11	26	n	n
1	50	3	12	27	n	n
1	50	3	13	7	n	n
1	50	3	14	19	n	n
1	50	3	15	5	n	n
1	50	3	16	2	n	n
1	50	3	17	1	n	n
1	50	3	18	5	n	n
1	50	3	19	3	n	n
1	50	3	20	0	n	n
1	50	3	21	0	n	n
1	50	3	22	0	n	n
1	50	3	23	0	n	n
1	50	3	24	0	n	n
1	50	3	25	0	n	n
1	50	3	26	0	n	n
1	50	3	27	0	n	n
1	50	3	28	0	n	n
1	50	3	29	0	n	n
1	50	3	30	0	n	n
1	50	3	31	0	n	n
1	50	3	32	0	n	n
1	50	3	33	0	n	n
1	50	3	34	0	n	n
1	50	3	35	0	n	n
1	50	3	36	0	n	n
1	50	3	37	0	n	n
1	50	3	38	0	n	n
1	50	3	39	0	n	n
1	50	3	40	0	n	n
1	50	3	41	0	n	n
1	50	3	42	0	n	n
1	50	3	43	0	n	n
1	50	3	44	0	n	n
1	50	3	45	0	n	n
1	50	3	46	0	n	n
1	50	3	47	0	n	n
1	50	3	48	0	n	n
1	50	3	49	0	n	n
1	50	3	50	0	n	n
1	50	4	1	40	s	n
1	50	4	2	36	s	n
1	50	4	3	41	s	n
1	50	4	4	36	s	n
1	50	4	5	54	s	n
1	50	4	6	32	s	n
1	50	4	7	44	s	n
1	50	4	8	30	s	n
1	50	4	9	43	s	n
1	50	4	10	29	s	n
1	50	4	11	29	s	n
1	50	4	12	28	n	n
1	50	4	13	18	n	n
1	50	4	14	15	n	n
1	50	4	15	8	n	n
1	50	4	16	1	n	n
1	50	4	17	6	n	n
1	50	4	18	8	n	n
1	50	4	19	3	n	n
1	50	4	20	1	n	n
1	50	4	21	0	n	n
1	50	4	22	0	n	n
1	50	4	23	0	n	n
1	50	4	24	0	n	n
1	50	4	25	0	n	n
1	50	4	26	0	n	n
1	50	4	27	0	n	n
1	50	4	28	0	n	n
1	50	4	29	0	n	n
1	50	4	30	0	n	n
1	50	4	31	0	n	n
1	50	4	32	0	n	n
1	50	4	33	0	n	n
1	50	4	34	0	n	n
1	50	4	35	0	n	n
1	50	4	36	0	n	n
1	50	4	37	0	n	n
1	50	4	38	0	n	n
1	50	4	39	0	n	n
1	50	4	40	0	n	n
1	50	4	41	0	n	n
1	50	4	42	0	n	n
1	50	4	43	0	n	n
1	50	4	44	0	n	n
1	50	4	45	0	n	n
1	50	4	46	0	n	n
1	50	4	47	0	n	n
1	50	4	48	0	n	n
1	50	4	49	0	n	n
1	50	4	50	0	n	n
1	50	5	1	35	s	n
1	50	5	2	42	s	n
1	50	5	3	29	s	n
1	50	5	4	34	s	n
1	50	5	5	37	s	n
1	50	5	6	41	s	n
1	50	5	7	31	s	n
1	50	5	8	44	s	n
1	50	5	9	39	n	n
1	50	5	10	28	s	n
1	50	5	11	29	n	n
1	50	5	12	29	n	n
1	50	5	13	24	n	n
1	50	5	14	11	n	n
1	50	5	15	13	n	n
1	50	5	16	13	n	n
1	50	5	17	6	n	n
1	50	5	18	0	n	n
1	50	5	19	2	n	n
1	50	5	20	0	n	n
1	50	5	21	1	n	n
1	50	5	22	0	n	n
1	50	5	23	0	n	n
1	50	5	24	0	n	n
1	50	5	25	0	n	n
1	50	5	26	0	n	n
1	50	5	27	0	n	n
1	50	5	28	0	n	n
1	50	5	29	0	n	n
1	50	5	30	0	n	n
1	50	5	31	0	n	n
1	50	5	32	0	n	n
1	50	5	33	0	n	n
1	50	5	34	0	n	n
1	50	5	35	0	n	n
1	50	5	36	0	n	n
1	50	5	37	0	n	n
1	50	5	38	0	n	n
1	50	5	39	0	n	n
1	50	5	40	0	n	n
1	50	5	41	0	n	n
1	50	5	42	0	n	n
1	50	5	43	0	n	n
1	50	5	44	0	n	n
1	50	5	45	0	n	n
1	50	5	46	0	n	n
1	50	5	47	0	n	n
1	50	5	48	0	n	n
1	50	5	49	0	n	n
1	50	5	50	0	n	n
1	50	6	1	38	s	n
1	50	6	2	35	s	n
1	50	6	3	30	s	n
1	50	6	4	28	s	n
1	50	6	5	31	s	n
1	50	6	6	33	s	n
1	50	6	7	32	s	n
1	50	6	8	36	s	n
1	50	6	9	33	s	n
1	50	6	10	29	s	n
1	50	6	11	22	s	n
1	50	6	12	9	n	n
1	50	6	13	20	s	n
1	50	6	14	12	n	n
1	50	6	15	1	n	n
1	50	6	16	13	n	n
1	50	6	17	5	n	n
1	50	6	18	1	n	n
1	50	6	19	1	n	n
1	50	6	20	0	n	n
1	50	6	21	1	n	n
1	50	6	22	0	n	n
1	50	6	23	0	n	n
1	50	6	24	2	n	n
1	50	6	25	0	n	n
1	50	6	26	0	n	n
1	50	6	27	0	n	n
1	50	6	28	0	n	n
1	50	6	29	0	n	n
1	50	6	30	0	n	n
1	50	6	31	0	n	n
1	50	6	32	0	n	n
1	50	6	33	0	n	n
1	50	6	34	0	n	n
1	50	6	35	0	n	n
1	50	6	36	0	n	n
1	50	6	37	0	n	n
1	50	6	38	0	n	n
1	50	6	39	0	n	n
1	50	6	40	0	n	n
1	50	6	41	0	n	n
1	50	6	42	0	n	n
1	50	6	43	0	n	n
1	50	6	44	0	n	n
1	50	6	45	0	n	n
1	50	6	46	0	n	n
1	50	6	47	0	n	n
1	50	6	48	0	n	n
1	50	6	49	0	n	n
1	50	6	50	0	n	n
1	50	7	1	18	s	n
1	50	7	2	34	s	n
1	50	7	3	35	s	n
1	50	7	4	30	s	n
1	50	7	5	37	s	n
1	50	7	6	27	s	n
1	50	7	7	38	s	n
1	50	7	8	39	n	n
1	50	7	9	21	s	n
1	50	7	10	25	n	n
1	50	7	11	45	s	n
1	50	7	12	12	n	n
1	50	7	13	9	n	n
1	50	7	14	14	n	n
1	50	7	15	3	n	n
1	50	7	16	3	n	n
1	50	7	17	4	n	n
1	50	7	18	4	n	n
1	50	7	19	1	n	n
1	50	7	20	2	n	n
1	50	7	21	1	n	n
1	50	7	22	0	n	n
1	50	7	23	0	n	n
1	50	7	24	0	n	n
1	50	7	25	0	n	n
1	50	7	26	0	n	n
1	50	7	27	0	n	n
1	50	7	28	0	n	n
1	50	7	29	0	n	n
1	50	7	30	0	n	n
1	50	7	31	0	n	n
1	50	7	32	0	n	n
1	50	7	33	0	n	n
1	50	7	34	0	n	n
1	50	7	35	0	n	n
1	50	7	36	0	n	n
1	50	7	37	0	n	n
1	50	7	38	0	n	n
1	50	7	39	0	n	n
1	50	7	40	0	n	n
1	50	7	41	0	n	n
1	50	7	42	0	n	n
1	50	7	43	0	n	n
1	50	7	44	0	n	n
1	50	7	45	0	n	n
1	50	7	46	0	n	n
1	50	7	47	0	n	n
1	50	7	48	0	n	n
1	50	7	49	0	n	n
1	50	7	50	0	n	n
1	50	8	1	27	s	n
1	50	8	2	28	s	n
1	50	8	3	40	s	n
1	50	8	4	39	s	n
1	50	8	5	32	s	n
1	50	8	6	23	s	n
1	50	8	7	34	n	n
1	50	8	8	19	n	n
1	50	8	9	27	s	n
1	50	8	10	31	n	n
1	50	8	11	24	s	n
1	50	8	12	10	n	n
1	50	8	13	11	n	n
1	50	8	14	17	n	n
1	50	8	15	8	n	n
1	50	8	16	3	n	n
1	50	8	17	3	n	n
1	50	8	18	5	n	n
1	50	8	19	4	n	n
1	50	8	20	0	n	n
1	50	8	21	0	n	n
1	50	8	22	0	n	n
1	50	8	23	0	n	n
1	50	8	24	0	n	n
1	50	8	25	0	n	n
1	50	8	26	0	n	n
1	50	8	27	0	n	n
1	50	8	28	0	n	n
1	50	8	29	0	n	n
1	50	8	30	0	n	n
1	50	8	31	0	n	n
1	50	8	32	0	n	n
1	50	8	33	0	n	n
1	50	8	34	0	n	n
1	50	8	35	0	n	n
1	50	8	36	0	n	n
1	50	8	37	0	n	n
1	50	8	38	0	n	n
1	50	8	39	0	n	n
1	50	8	40	0	n	n
1	50	8	41	0	n	n
1	50	8	42	0	n	n
1	50	8	43	0	n	n
1	50	8	44	0	n	n
1	50	8	45	0	n	n
1	50	8	46	0	n	n
1	50	8	47	0	n	n
1	50	8	48	0	n	n
1	50	8	49	0	n	n
1	50	8	50	0	n	n
1	50	9	1	35	s	n
1	50	9	2	32	s	n
1	50	9	3	43	s	n
1	50	9	4	31	s	n
1	50	9	5	29	s	n
1	50	9	6	29	s	n
1	50	9	7	25	s	n
1	50	9	8	38	s	n
1	50	9	9	33	s	n
1	50	9	10	29	n	n
1	50	9	11	22	n	n
1	50	9	12	10	n	n
1	50	9	13	23	s	n
1	50	9	14	9	n	n
1	50	9	15	6	n	n
1	50	9	16	1	n	n
1	50	9	17	1	n	n
1	50	9	18	4	n	n
1	50	9	19	0	n	n
1	50	9	20	0	n	n
1	50	9	21	0	n	n
1	50	9	22	0	n	n
1	50	9	23	0	n	n
1	50	9	24	0	n	n
1	50	9	25	0	n	n
1	50	9	26	0	n	n
1	50	9	27	0	n	n
1	50	9	28	0	n	n
1	50	9	29	0	n	n
1	50	9	30	0	n	n
1	50	9	31	0	n	n
1	50	9	32	0	n	n
1	50	9	33	0	n	n
1	50	9	34	0	n	n
1	50	9	35	0	n	n
1	50	9	36	0	n	n
1	50	9	37	0	n	n
1	50	9	38	0	n	n
1	50	9	39	0	n	n
1	50	9	40	0	n	n
1	50	9	41	0	n	n
1	50	9	42	0	n	n
1	50	9	43	0	n	n
1	50	9	44	0	n	n
1	50	9	45	0	n	n
1	50	9	46	0	n	n
1	50	9	47	0	n	n
1	50	9	48	0	n	n
1	50	9	49	0	n	n
1	50	9	50	0	n	n
1	50	10	1	34	s	n
1	50	10	2	33	s	n
1	50	10	3	32	s	n
1	50	10	4	35	s	n
1	50	10	5	39	s	n
1	50	10	6	39	s	n
1	50	10	7	40	s	n
1	50	10	8	34	s	n
1	50	10	9	34	s	n
1	50	10	10	39	s	n
1	50	10	11	25	n	n
1	50	10	12	33	n	n
1	50	10	13	12	n	n
1	50	10	14	22	n	n
1	50	10	15	1	n	n
1	50	10	16	10	n	n
1	50	10	17	0	n	n
1	50	10	18	1	n	n
1	50	10	19	0	n	n
1	50	10	20	1	n	n
1	50	10	21	0	n	n
1	50	10	22	1	n	n
1	50	10	23	0	n	n
1	50	10	24	0	n	n
1	50	10	25	0	n	n
1	50	10	26	0	n	n
1	50	10	27	0	n	n
1	50	10	28	0	n	n
1	50	10	29	0	n	n
1	50	10	30	0	n	n
1	50	10	31	0	n	n
1	50	10	32	0	n	n
1	50	10	33	0	n	n
1	50	10	34	0	n	n
1	50	10	35	0	n	n
1	50	10	36	0	n	n
1	50	10	37	0	n	n
1	50	10	38	0	n	n
1	50	10	39	0	n	n
1	50	10	40	0	n	n
1	50	10	41	0	n	n
1	50	10	42	0	n	n
1	50	10	43	0	n	n
1	50	10	44	0	n	n
1	50	10	45	0	n	n
1	50	10	46	0	n	n
1	50	10	47	0	n	n
1	50	10	48	0	n	n
1	50	10	49	0	n	n
1	50	10	50	0	n	n
1	50	11	1	49	s	n
1	50	11	2	43	s	n
1	50	11	3	31	s	n
1	50	11	4	28	s	n
1	50	11	5	53	s	n
1	50	11	6	30	s	n
1	50	11	7	32	s	n
1	50	11	8	31	s	n
1	50	11	9	36	s	n
1	50	11	10	50	s	n
1	50	11	11	13	n	n
1	50	11	12	14	n	n
1	50	11	13	20	n	n
1	50	11	14	16	n	n
1	50	11	15	6	n	n
1	50	11	16	2	n	n
1	50	11	17	2	n	n
1	50	11	18	0	n	n
1	50	11	19	2	n	n
1	50	11	20	1	n	n
1	50	11	21	0	n	n
1	50	11	22	0	n	n
1	50	11	23	0	n	n
1	50	11	24	0	n	n
1	50	11	25	0	n	n
1	50	11	26	0	n	n
1	50	11	27	0	n	n
1	50	11	28	0	n	n
1	50	11	29	0	n	n
1	50	11	30	0	n	n
1	50	11	31	0	n	n
1	50	11	32	0	n	n
1	50	11	33	0	n	n
1	50	11	34	0	n	n
1	50	11	35	0	n	n
1	50	11	36	0	n	n
1	50	11	37	0	n	n
1	50	11	38	0	n	n
1	50	11	39	0	n	n
1	50	11	40	0	n	n
1	50	11	41	0	n	n
1	50	11	42	0	n	n
1	50	11	43	0	n	n
1	50	11	44	0	n	n
1	50	11	45	0	n	n
1	50	11	46	0	n	n
1	50	11	47	0	n	n
1	50	11	48	0	n	n
1	50	11	49	0	n	n
1	50	11	50	0	n	n
1	50	12	1	28	s	n
1	50	12	2	41	s	n
1	50	12	3	35	s	n
1	50	12	4	48	s	n
1	50	12	5	35	s	n
1	50	12	6	39	s	n
1	50	12	7	34	s	n
1	50	12	8	40	s	n
1	50	12	9	29	s	n
1	50	12	10	33	s	n
1	50	12	11	28	n	n
1	50	12	12	24	n	n
1	50	12	13	17	n	n
1	50	12	14	20	n	n
1	50	12	15	13	n	n
1	50	12	16	12	n	n
1	50	12	17	2	n	n
1	50	12	18	0	n	n
1	50	12	19	1	n	n
1	50	12	20	0	n	n
1	50	12	21	0	n	n
1	50	12	22	0	n	n
1	50	12	23	0	n	n
1	50	12	24	0	n	n
1	50	12	25	0	n	n
1	50	12	26	0	n	n
1	50	12	27	0	n	n
1	50	12	28	0	n	n
1	50	12	29	0	n	n
1	50	12	30	0	n	n
1	50	12	31	0	n	n
1	50	12	32	0	n	n
1	50	12	33	0	n	n
1	50	12	34	0	n	n
1	50	12	35	0	n	n
1	50	12	36	0	n	n
1	50	12	37	0	n	n
1	50	12	38	0	n	n
1	50	12	39	0	n	n
1	50	12	40	0	n	n
1	50	12	41	0	n	n
1	50	12	42	0	n	n
1	50	12	43	0	n	n
1	50	12	44	0	n	n
1	50	12	45	0	n	n
1	50	12	46	0	n	n
1	50	12	47	0	n	n
1	50	12	48	0	n	n
1	50	12	49	0	n	n
1	50	12	50	0	n	n
1	50	13	1	30	s	n
1	50	13	2	30	s	n
1	50	13	3	30	s	n
1	50	13	4	39	s	n
1	50	13	5	33	s	n
1	50	13	6	31	s	n
1	50	13	7	36	s	n
1	50	13	8	35	s	n
1	50	13	9	19	s	n
1	50	13	10	46	s	d
1	50	13	11	18	n	n
1	50	13	12	25	n	n
1	50	13	13	18	s	n
1	50	13	14	6	n	n
1	50	13	15	9	n	n
1	50	13	16	1	n	n
1	50	13	17	0	n	n
1	50	13	18	1	n	n
1	50	13	19	0	n	n
1	50	13	20	0	n	n
1	50	13	21	0	n	n
1	50	13	22	0	n	n
1	50	13	23	0	n	n
1	50	13	24	0	n	n
1	50	13	25	0	n	n
1	50	13	26	0	n	n
1	50	13	27	0	n	n
1	50	13	28	0	n	n
1	50	13	29	0	n	n
1	50	13	30	0	n	n
1	50	13	31	0	n	n
1	50	13	32	0	n	n
1	50	13	33	0	n	n
1	50	13	34	0	n	n
1	50	13	35	0	n	n
1	50	13	36	0	n	n
1	50	13	37	0	n	n
1	50	13	38	0	n	n
1	50	13	39	0	n	n
1	50	13	40	0	n	n
1	50	13	41	0	n	n
1	50	13	42	0	n	n
1	50	13	43	0	n	n
1	50	13	44	0	n	n
1	50	13	45	0	n	n
1	50	13	46	0	n	n
1	50	13	47	0	n	n
1	50	13	48	0	n	n
1	50	13	49	0	n	n
1	50	13	50	0	n	n
1	50	14	1	41	s	n
1	50	14	2	40	s	n
1	50	14	3	44	s	n
1	50	14	4	41	s	n
1	50	14	5	40	s	n
1	50	14	6	34	s	n
1	50	14	7	38	s	n
1	50	14	8	23	s	n
1	50	14	9	24	s	n
1	50	14	10	19	n	n
1	50	14	11	18	n	n
1	50	14	12	17	n	n
1	50	14	13	14	n	n
1	50	14	14	14	n	n
1	50	14	15	12	n	n
1	50	14	16	1	n	n
1	50	14	17	10	n	n
1	50	14	18	1	n	n
1	50	14	19	0	n	n
1	50	14	20	0	n	n
1	50	14	21	0	n	n
1	50	14	22	0	n	n
1	50	14	23	0	n	n
1	50	14	24	0	n	n
1	50	14	25	0	n	n
1	50	14	26	0	n	n
1	50	14	27	0	n	n
1	50	14	28	0	n	n
1	50	14	29	0	n	n
1	50	14	30	0	n	n
1	50	14	31	0	n	n
1	50	14	32	0	n	n
1	50	14	33	0	n	n
1	50	14	34	0	n	n
1	50	14	35	0	n	n
1	50	14	36	0	n	n
1	50	14	37	0	n	n
1	50	14	38	0	n	n
1	50	14	39	0	n	n
1	50	14	40	0	n	n
1	50	14	41	0	n	n
1	50	14	42	0	n	n
1	50	14	43	0	n	n
1	50	14	44	0	n	n
1	50	14	45	0	n	n
1	50	14	46	0	n	n
1	50	14	47	0	n	n
1	50	14	48	0	n	n
1	50	14	49	0	n	n
1	50	14	50	0	n	n
1	50	15	1	30	s	n
1	50	15	2	36	s	n
1	50	15	3	36	s	n
1	50	15	4	43	s	n
1	50	15	5	51	s	n
1	50	15	6	52	s	n
1	50	15	7	32	s	n
1	50	15	8	35	s	n
1	50	15	9	21	n	n
1	50	15	10	16	s	n
1	50	15	11	6	s	n
1	50	15	12	14	n	n
1	50	15	13	7	n	n
1	50	15	14	20	n	n
1	50	15	15	25	n	n
1	50	15	16	8	n	n
1	50	15	17	1	n	n
1	50	15	18	0	n	n
1	50	15	19	0	n	n
1	50	15	20	0	n	n
1	50	15	21	0	n	n
1	50	15	22	0	n	n
1	50	15	23	0	n	n
1	50	15	24	0	n	n
1	50	15	25	0	n	n
1	50	15	26	0	n	n
1	50	15	27	0	n	n
1	50	15	28	0	n	n
1	50	15	29	0	n	n
1	50	15	30	0	n	n
1	50	15	31	0	n	n
1	50	15	32	0	n	n
1	50	15	33	0	n	n
1	50	15	34	0	n	n
1	50	15	35	0	n	n
1	50	15	36	0	n	n
1	50	15	37	0	n	n
1	50	15	38	0	n	n
1	50	15	39	0	n	n
1	50	15	40	0	n	n
1	50	15	41	0	n	n
1	50	15	42	0	n	n
1	50	15	43	0	n	n
1	50	15	44	0	n	n
1	50	15	45	0	n	n
1	50	15	46	0	n	n
1	50	15	47	0	n	n
1	50	15	48	0	n	n
1	50	15	49	0	n	n
1	50	15	50	0	n	n
1	50	16	1	23	s	n
1	50	16	2	21	s	n
1	50	16	3	32	s	n
1	50	16	4	32	s	n
1	50	16	5	40	s	n
1	50	16	6	39	s	n
1	50	16	7	44	s	n
1	50	16	8	44	s	d
1	50	16	9	16	s	n
1	50	16	10	23	n	n
1	50	16	11	16	s	n
1	50	16	12	25	n	n
1	50	16	13	11	n	n
1	50	16	14	1	n	n
1	50	16	15	0	n	n
1	50	16	16	17	n	n
1	50	16	17	0	n	n
1	50	16	18	0	n	n
1	50	16	19	0	n	n
1	50	16	20	0	n	n
1	50	16	21	0	n	n
1	50	16	22	0	n	n
1	50	16	23	0	n	n
1	50	16	24	0	n	n
1	50	16	25	0	n	n
1	50	16	26	0	n	n
1	50	16	27	0	n	n
1	50	16	28	0	n	n
1	50	16	29	0	n	n
1	50	16	30	0	n	n
1	50	16	31	0	n	n
1	50	16	32	0	n	n
1	50	16	33	0	n	n
1	50	16	34	0	n	n
1	50	16	35	0	n	n
1	50	16	36	0	n	n
1	50	16	37	0	n	n
1	50	16	38	0	n	n
1	50	16	39	0	n	n
1	50	16	40	0	n	n
1	50	16	41	0	n	n
1	50	16	42	0	n	n
1	50	16	43	0	n	n
1	50	16	44	0	n	n
1	50	16	45	0	n	n
1	50	16	46	0	n	n
1	50	16	47	0	n	n
1	50	16	48	0	n	n
1	50	16	49	0	n	n
1	50	16	50	0	n	n
1	50	17	1	40	s	n
1	50	17	2	34	s	n
1	50	17	3	44	s	n
1	50	17	4	43	s	n
1	50	17	5	36	s	n
1	50	17	6	41	s	n
1	50	17	7	34	s	n
1	50	17	8	35	s	n
1	50	17	9	49	s	n
1	50	17	10	28	s	n
1	50	17	11	40	s	d
1	50	17	12	31	n	n
1	50	17	13	2	n	n
1	50	17	14	2	n	n
1	50	17	15	1	n	n
1	50	17	16	1	n	n
1	50	17	17	0	n	n
1	50	17	18	0	n	n
1	50	17	19	0	n	n
1	50	17	20	0	n	n
1	50	17	21	0	n	n
1	50	17	22	0	n	n
1	50	17	23	0	n	n
1	50	17	24	0	n	n
1	50	17	25	0	n	n
1	50	17	26	0	n	n
1	50	17	27	0	n	n
1	50	17	28	0	n	n
1	50	17	29	0	n	n
1	50	17	30	0	n	n
1	50	17	31	0	n	n
1	50	17	32	0	n	n
1	50	17	33	0	n	n
1	50	17	34	0	n	n
1	50	17	35	0	n	n
1	50	17	36	0	n	n
1	50	17	37	0	n	n
1	50	17	38	0	n	n
1	50	17	39	0	n	n
1	50	17	40	0	n	n
1	50	17	41	0	n	n
1	50	17	42	0	n	n
1	50	17	43	0	n	n
1	50	17	44	0	n	n
1	50	17	45	0	n	n
1	50	17	46	0	n	n
1	50	17	47	0	n	n
1	50	17	48	0	n	n
1	50	17	49	0	n	n
1	50	17	50	0	n	n
1	50	18	1	27	s	n
1	50	18	2	31	s	n
1	50	18	3	43	s	n
1	50	18	4	50	s	n
1	50	18	5	40	s	n
1	50	18	6	47	s	n
1	50	18	7	34	s	n
1	50	18	8	39	s	n
1	50	18	9	49	s	d
1	50	18	10	31	n	n
1	50	18	11	25	n	n
1	50	18	12	19	n	n
1	50	18	13	8	n	n
1	50	18	14	16	n	n
1	50	18	15	4	n	n
1	50	18	16	0	n	n
1	50	18	17	6	n	n
1	50	18	18	0	n	n
1	50	18	19	0	n	n
1	50	18	20	0	n	n
1	50	18	21	0	n	n
1	50	18	22	0	n	n
1	50	18	23	0	n	n
1	50	18	24	0	n	n
1	50	18	25	0	n	n
1	50	18	26	0	n	n
1	50	18	27	0	n	n
1	50	18	28	0	n	n
1	50	18	29	0	n	n
1	50	18	30	0	n	n
1	50	18	31	0	n	n
1	50	18	32	0	n	n
1	50	18	33	0	n	n
1	50	18	34	0	n	n
1	50	18	35	0	n	n
1	50	18	36	0	n	n
1	50	18	37	0	n	n
1	50	18	38	0	n	n
1	50	18	39	0	n	n
1	50	18	40	0	n	n
1	50	18	41	0	n	n
1	50	18	42	0	n	n
1	50	18	43	0	n	n
1	50	18	44	0	n	n
1	50	18	45	0	n	n
1	50	18	46	0	n	n
1	50	18	47	0	n	n
1	50	18	48	0	n	n
1	50	18	49	0	n	n
1	50	18	50	0	n	n
1	50	19	1	35	s	n
1	50	19	2	41	s	n
1	50	19	3	41	s	n
1	50	19	4	52	s	n
1	50	19	5	46	s	n
1	50	19	6	39	s	n
1	50	19	7	50	s	n
1	50	19	8	39	s	n
1	50	19	9	29	s	n
1	50	19	10	35	n	n
1	50	19	11	19	n	n
1	50	19	12	23	n	n
1	50	19	13	5	n	n
1	50	19	14	5	n	n
1	50	19	15	2	n	n
1	50	19	16	1	n	n
1	50	19	17	0	n	n
1	50	19	18	0	n	n
1	50	19	19	0	n	n
1	50	19	20	0	n	n
1	50	19	21	0	n	n
1	50	19	22	0	n	n
1	50	19	23	0	n	n
1	50	19	24	0	n	n
1	50	19	25	0	n	n
1	50	19	26	0	n	n
1	50	19	27	0	n	n
1	50	19	28	0	n	n
1	50	19	29	0	n	n
1	50	19	30	0	n	n
1	50	19	31	0	n	n
1	50	19	32	0	n	n
1	50	19	33	0	n	n
1	50	19	34	0	n	n
1	50	19	35	0	n	n
1	50	19	36	0	n	n
1	50	19	37	0	n	n
1	50	19	38	0	n	n
1	50	19	39	0	n	n
1	50	19	40	0	n	n
1	50	19	41	0	n	n
1	50	19	42	0	n	n
1	50	19	43	0	n	n
1	50	19	44	0	n	n
1	50	19	45	0	n	n
1	50	19	46	0	n	n
1	50	19	47	0	n	n
1	50	19	48	0	n	n
1	50	19	49	0	n	n
1	50	19	50	0	n	n
1	50	20	1	33	s	n
1	50	20	2	30	s	n
1	50	20	3	39	s	n
1	50	20	4	36	s	n
1	50	20	5	41	s	n
1	50	20	6	31	s	n
1	50	20	7	41	s	d
1	50	20	8	35	s	n
1	50	20	9	29	n	n
1	50	20	10	22	n	n
1	50	20	11	27	n	n
1	50	20	12	13	n	n
1	50	20	13	1	n	n
1	50	20	14	15	n	n
1	50	20	15	2	n	n
1	50	20	16	3	n	n
1	50	20	17	0	n	n
1	50	20	18	0	n	n
1	50	20	19	0	n	n
1	50	20	20	0	n	n
1	50	20	21	0	n	n
1	50	20	22	0	n	n
1	50	20	23	0	n	n
1	50	20	24	0	n	n
1	50	20	25	0	n	n
1	50	20	26	0	n	n
1	50	20	27	0	n	n
1	50	20	28	0	n	n
1	50	20	29	0	n	n
1	50	20	30	0	n	n
1	50	20	31	0	n	n
1	50	20	32	0	n	n
1	50	20	33	0	n	n
1	50	20	34	0	n	n
1	50	20	35	0	n	n
1	50	20	36	0	n	n
1	50	20	37	0	n	n
1	50	20	38	0	n	n
1	50	20	39	0	n	n
1	50	20	40	0	n	n
1	50	20	41	0	n	n
1	50	20	42	0	n	n
1	50	20	43	0	n	n
1	50	20	44	0	n	n
1	50	20	45	0	n	n
1	50	20	46	0	n	n
1	50	20	47	0	n	n
1	50	20	48	0	n	n
1	50	20	49	0	n	n
1	50	20	50	0	n	n
1	60	1	1	44	s	n
1	60	1	2	39	s	n
1	60	1	3	27	s	n
1	60	1	4	32	s	n
1	60	1	5	40	s	n
1	60	1	6	41	s	n
1	60	1	7	38	s	n
1	60	1	8	43	s	n
1	60	1	9	42	s	n
1	60	1	10	44	s	n
1	60	1	11	37	n	n
1	60	1	12	34	n	n
1	60	1	13	45	s	d
1	60	1	14	25	n	n
1	60	1	15	31	n	n
1	60	1	16	15	n	n
1	60	1	17	7	n	n
1	60	1	18	7	n	n
1	60	1	19	13	n	n
1	60	1	20	13	n	n
1	60	1	21	3	n	n
1	60	1	22	0	n	n
1	60	1	23	1	n	n
1	60	1	24	0	n	n
1	60	1	25	0	n	n
1	60	1	26	0	n	n
1	60	1	27	0	n	n
1	60	1	28	0	n	n
1	60	1	29	0	n	n
1	60	1	30	0	n	n
1	60	1	31	0	n	n
1	60	1	32	0	n	n
1	60	1	33	0	n	n
1	60	1	34	0	n	n
1	60	1	35	0	n	n
1	60	1	36	0	n	n
1	60	1	37	0	n	n
1	60	1	38	0	n	n
1	60	1	39	0	n	n
1	60	1	40	0	n	n
1	60	1	41	0	n	n
1	60	1	42	0	n	n
1	60	1	43	0	n	n
1	60	1	44	0	n	n
1	60	1	45	0	n	n
1	60	1	46	0	n	n
1	60	1	47	0	n	n
1	60	1	48	0	n	n
1	60	1	49	0	n	n
1	60	1	50	0	n	n
1	60	2	1	39	s	n
1	60	2	2	36	s	n
1	60	2	3	32	s	n
1	60	2	4	37	s	n
1	60	2	5	49	s	n
1	60	2	6	34	s	n
1	60	2	7	47	s	n
1	60	2	8	36	s	n
1	60	2	9	43	s	n
1	60	2	10	47	s	n
1	60	2	11	44	s	n
1	60	2	12	27	s	n
1	60	2	13	34	s	n
1	60	2	14	28	s	n
1	60	2	15	17	n	n
1	60	2	16	12	n	n
1	60	2	17	11	n	n
1	60	2	18	12	n	n
1	60	2	19	10	n	n
1	60	2	20	9	n	n
1	60	2	21	2	n	n
1	60	2	22	2	n	n
1	60	2	23	2	n	n
1	60	2	24	1	n	n
1	60	2	25	1	n	n
1	60	2	26	0	n	n
1	60	2	27	0	n	n
1	60	2	28	0	n	n
1	60	2	29	0	n	n
1	60	2	30	0	n	n
1	60	2	31	0	n	n
1	60	2	32	0	n	n
1	60	2	33	0	n	n
1	60	2	34	0	n	n
1	60	2	35	0	n	n
1	60	2	36	0	n	n
1	60	2	37	0	n	n
1	60	2	38	0	n	n
1	60	2	39	0	n	n
1	60	2	40	0	n	n
1	60	2	41	0	n	n
1	60	2	42	0	n	n
1	60	2	43	0	n	n
1	60	2	44	0	n	n
1	60	2	45	0	n	n
1	60	2	46	0	n	n
1	60	2	47	0	n	n
1	60	2	48	0	n	n
1	60	2	49	0	n	n
1	60	2	50	0	n	n
1	60	3	1	40	s	n
1	60	3	2	31	s	n
1	60	3	3	35	s	n
1	60	3	4	36	s	n
1	60	3	5	34	s	n
1	60	3	6	33	s	n
1	60	3	7	42	s	n
1	60	3	8	33	s	n
1	60	3	9	33	s	n
1	60	3	10	38	n	n
1	60	3	11	17	s	n
1	60	3	12	44	s	n
1	60	3	13	31	n	n
1	60	3	14	19	n	n
1	60	3	15	23	n	n
1	60	3	16	14	n	n
1	60	3	17	13	n	n
1	60	3	18	3	n	n
1	60	3	19	0	n	n
1	60	3	20	9	n	n
1	60	3	21	7	n	n
1	60	3	22	0	n	n
1	60	3	23	0	n	n
1	60	3	24	0	n	n
1	60	3	25	0	n	n
1	60	3	26	0	n	n
1	60	3	27	0	n	n
1	60	3	28	0	n	n
1	60	3	29	0	n	n
1	60	3	30	0	n	n
1	60	3	31	0	n	n
1	60	3	32	0	n	n
1	60	3	33	0	n	n
1	60	3	34	0	n	n
1	60	3	35	0	n	n
1	60	3	36	0	n	n
1	60	3	37	0	n	n
1	60	3	38	0	n	n
1	60	3	39	0	n	n
1	60	3	40	0	n	n
1	60	3	41	0	n	n
1	60	3	42	0	n	n
1	60	3	43	0	n	n
1	60	3	44	0	n	n
1	60	3	45	0	n	n
1	60	3	46	0	n	n
1	60	3	47	0	n	n
1	60	3	48	0	n	n
1	60	3	49	0	n	n
1	60	3	50	0	n	n
1	60	4	1	35	s	n
1	60	4	2	36	s	n
1	60	4	3	39	s	n
1	60	4	4	36	s	n
1	60	4	5	38	s	n
1	60	4	6	40	s	n
1	60	4	7	31	s	n
1	60	4	8	39	s	n
1	60	4	9	35	s	n
1	60	4	10	34	s	n
1	60	4	11	31	n	n
1	60	4	12	35	s	n
1	60	4	13	37	n	n
1	60	4	14	20	n	n
1	60	4	15	14	n	n
1	60	4	16	14	n	n
1	60	4	17	13	n	n
1	60	4	18	11	n	n
1	60	4	19	3	n	n
1	60	4	20	1	n	n
1	60	4	21	1	n	n
1	60	4	22	3	n	n
1	60	4	23	0	n	n
1	60	4	24	0	n	n
1	60	4	25	0	n	n
1	60	4	26	0	n	n
1	60	4	27	0	n	n
1	60	4	28	0	n	n
1	60	4	29	0	n	n
1	60	4	30	0	n	n
1	60	4	31	0	n	n
1	60	4	32	0	n	n
1	60	4	33	0	n	n
1	60	4	34	0	n	n
1	60	4	35	0	n	n
1	60	4	36	0	n	n
1	60	4	37	0	n	n
1	60	4	38	0	n	n
1	60	4	39	0	n	n
1	60	4	40	0	n	n
1	60	4	41	0	n	n
1	60	4	42	0	n	n
1	60	4	43	0	n	n
1	60	4	44	0	n	n
1	60	4	45	0	n	n
1	60	4	46	0	n	n
1	60	4	47	0	n	n
1	60	4	48	0	n	n
1	60	4	49	0	n	n
1	60	4	50	0	n	n
1	60	5	1	27	s	n
1	60	5	2	30	s	n
1	60	5	3	29	s	n
1	60	5	4	33	s	n
1	60	5	5	36	s	n
1	60	5	6	26	s	n
1	60	5	7	24	s	n
1	60	5	8	33	s	n
1	60	5	9	42	s	n
1	60	5	10	30	s	n
1	60	5	11	31	n	n
1	60	5	12	28	s	n
1	60	5	13	35	n	n
1	60	5	14	18	n	n
1	60	5	15	25	n	n
1	60	5	16	23	n	n
1	60	5	17	9	n	n
1	60	5	18	8	n	n
1	60	5	19	3	n	n
1	60	5	20	2	n	n
1	60	5	21	1	n	n
1	60	5	22	0	n	n
1	60	5	23	1	n	n
1	60	5	24	0	n	n
1	60	5	25	0	n	n
1	60	5	26	0	n	n
1	60	5	27	0	n	n
1	60	5	28	0	n	n
1	60	5	29	0	n	n
1	60	5	30	0	n	n
1	60	5	31	0	n	n
1	60	5	32	0	n	n
1	60	5	33	0	n	n
1	60	5	34	0	n	n
1	60	5	35	0	n	n
1	60	5	36	0	n	n
1	60	5	37	0	n	n
1	60	5	38	0	n	n
1	60	5	39	0	n	n
1	60	5	40	0	n	n
1	60	5	41	0	n	n
1	60	5	42	0	n	n
1	60	5	43	0	n	n
1	60	5	44	0	n	n
1	60	5	45	0	n	n
1	60	5	46	0	n	n
1	60	5	47	0	n	n
1	60	5	48	0	n	n
1	60	5	49	0	n	n
1	60	5	50	0	n	n
1	60	6	1	37	s	n
1	60	6	2	30	s	n
1	60	6	3	31	s	n
1	60	6	4	26	s	n
1	60	6	5	37	s	n
1	60	6	6	34	s	n
1	60	6	7	32	s	n
1	60	6	8	37	s	n
1	60	6	9	36	s	n
1	60	6	10	39	s	n
1	60	6	11	31	s	n
1	60	6	12	35	s	n
1	60	6	13	44	s	d
1	60	6	14	28	s	n
1	60	6	15	12	n	n
1	60	6	16	25	n	n
1	60	6	17	8	n	n
1	60	6	18	8	n	n
1	60	6	19	7	n	n
1	60	6	20	0	n	n
1	60	6	21	3	n	n
1	60	6	22	0	n	n
1	60	6	23	0	n	n
1	60	6	24	0	n	n
1	60	6	25	0	n	n
1	60	6	26	0	n	n
1	60	6	27	0	n	n
1	60	6	28	0	n	n
1	60	6	29	0	n	n
1	60	6	30	0	n	n
1	60	6	31	0	n	n
1	60	6	32	0	n	n
1	60	6	33	0	n	n
1	60	6	34	0	n	n
1	60	6	35	0	n	n
1	60	6	36	0	n	n
1	60	6	37	0	n	n
1	60	6	38	0	n	n
1	60	6	39	0	n	n
1	60	6	40	0	n	n
1	60	6	41	0	n	n
1	60	6	42	0	n	n
1	60	6	43	0	n	n
1	60	6	44	0	n	n
1	60	6	45	0	n	n
1	60	6	46	0	n	n
1	60	6	47	0	n	n
1	60	6	48	0	n	n
1	60	6	49	0	n	n
1	60	6	50	0	n	n
1	60	7	1	32	s	n
1	60	7	2	34	s	n
1	60	7	3	36	s	n
1	60	7	4	38	s	n
1	60	7	5	26	s	n
1	60	7	6	41	s	n
1	60	7	7	31	s	n
1	60	7	8	31	s	n
1	60	7	9	30	s	n
1	60	7	10	43	s	n
1	60	7	11	31	s	n
1	60	7	12	27	n	n
1	60	7	13	41	s	d
1	60	7	14	36	n	n
1	60	7	15	34	n	n
1	60	7	16	16	n	n
1	60	7	17	17	n	n
1	60	7	18	8	n	n
1	60	7	19	1	n	n
1	60	7	20	2	n	n
1	60	7	21	1	n	n
1	60	7	22	0	n	n
1	60	7	23	0	n	n
1	60	7	24	0	n	n
1	60	7	25	0	n	n
1	60	7	26	0	n	n
1	60	7	27	0	n	n
1	60	7	28	0	n	n
1	60	7	29	0	n	n
1	60	7	30	0	n	n
1	60	7	31	0	n	n
1	60	7	32	0	n	n
1	60	7	33	0	n	n
1	60	7	34	0	n	n
1	60	7	35	0	n	n
1	60	7	36	0	n	n
1	60	7	37	0	n	n
1	60	7	38	0	n	n
1	60	7	39	0	n	n
1	60	7	40	0	n	n
1	60	7	41	0	n	n
1	60	7	42	0	n	n
1	60	7	43	0	n	n
1	60	7	44	0	n	n
1	60	7	45	0	n	n
1	60	7	46	0	n	n
1	60	7	47	0	n	n
1	60	7	48	0	n	n
1	60	7	49	0	n	n
1	60	7	50	0	n	n
1	60	8	1	30	s	n
1	60	8	2	34	s	n
1	60	8	3	39	s	n
1	60	8	4	30	s	n
1	60	8	5	29	s	n
1	60	8	6	36	s	n
1	60	8	7	24	s	n
1	60	8	8	36	s	n
1	60	8	9	43	s	n
1	60	8	10	37	s	n
1	60	8	11	22	s	n
1	60	8	12	55	s	n
1	60	8	13	33	n	n
1	60	8	14	47	s	n
1	60	8	15	12	n	n
1	60	8	16	12	n	n
1	60	8	17	25	n	n
1	60	8	18	8	n	n
1	60	8	19	7	n	n
1	60	8	20	7	n	n
1	60	8	21	0	n	n
1	60	8	22	2	n	n
1	60	8	23	1	n	n
1	60	8	24	0	n	n
1	60	8	25	0	n	n
1	60	8	26	0	n	n
1	60	8	27	0	n	n
1	60	8	28	0	n	n
1	60	8	29	0	n	n
1	60	8	30	0	n	n
1	60	8	31	0	n	n
1	60	8	32	0	n	n
1	60	8	33	0	n	n
1	60	8	34	0	n	n
1	60	8	35	0	n	n
1	60	8	36	0	n	n
1	60	8	37	0	n	n
1	60	8	38	0	n	n
1	60	8	39	0	n	n
1	60	8	40	0	n	n
1	60	8	41	0	n	n
1	60	8	42	0	n	n
1	60	8	43	0	n	n
1	60	8	44	0	n	n
1	60	8	45	0	n	n
1	60	8	46	0	n	n
1	60	8	47	0	n	n
1	60	8	48	0	n	n
1	60	8	49	0	n	n
1	60	8	50	0	n	n
1	60	9	1	35	s	n
1	60	9	2	30	s	n
1	60	9	3	38	s	n
1	60	9	4	31	s	n
1	60	9	5	31	s	n
1	60	9	6	38	s	n
1	60	9	7	29	s	n
1	60	9	8	37	s	n
1	60	9	9	49	s	n
1	60	9	10	45	s	n
1	60	9	11	35	s	n
1	60	9	12	36	s	n
1	60	9	13	37	s	n
1	60	9	14	36	n	n
1	60	9	15	18	n	n
1	60	9	16	17	n	n
1	60	9	17	11	n	n
1	60	9	18	18	n	n
1	60	9	19	7	n	n
1	60	9	20	1	n	n
1	60	9	21	0	n	n
1	60	9	22	2	n	n
1	60	9	23	0	n	n
1	60	9	24	0	n	n
1	60	9	25	0	n	n
1	60	9	26	0	n	n
1	60	9	27	0	n	n
1	60	9	28	0	n	n
1	60	9	29	0	n	n
1	60	9	30	0	n	n
1	60	9	31	0	n	n
1	60	9	32	0	n	n
1	60	9	33	0	n	n
1	60	9	34	0	n	n
1	60	9	35	0	n	n
1	60	9	36	0	n	n
1	60	9	37	0	n	n
1	60	9	38	0	n	n
1	60	9	39	0	n	n
1	60	9	40	0	n	n
1	60	9	41	0	n	n
1	60	9	42	0	n	n
1	60	9	43	0	n	n
1	60	9	44	0	n	n
1	60	9	45	0	n	n
1	60	9	46	0	n	n
1	60	9	47	0	n	n
1	60	9	48	0	n	n
1	60	9	49	0	n	n
1	60	9	50	0	n	n
1	60	10	1	37	s	n
1	60	10	2	35	s	n
1	60	10	3	40	s	n
1	60	10	4	26	s	n
1	60	10	5	40	s	n
1	60	10	6	39	s	n
1	60	10	7	39	s	n
1	60	10	8	40	s	n
1	60	10	9	45	s	n
1	60	10	10	37	s	n
1	60	10	11	34	s	n
1	60	10	12	53	s	n
1	60	10	13	35	s	n
1	60	10	14	24	s	n
1	60	10	15	31	s	n
1	60	10	16	10	n	n
1	60	10	17	23	n	n
1	60	10	18	8	n	n
1	60	10	19	13	n	n
1	60	10	20	2	n	n
1	60	10	21	0	n	n
1	60	10	22	1	n	n
1	60	10	23	0	n	n
1	60	10	24	0	n	n
1	60	10	25	0	n	n
1	60	10	26	0	n	n
1	60	10	27	0	n	n
1	60	10	28	0	n	n
1	60	10	29	0	n	n
1	60	10	30	0	n	n
1	60	10	31	0	n	n
1	60	10	32	0	n	n
1	60	10	33	0	n	n
1	60	10	34	0	n	n
1	60	10	35	0	n	n
1	60	10	36	0	n	n
1	60	10	37	0	n	n
1	60	10	38	0	n	n
1	60	10	39	0	n	n
1	60	10	40	0	n	n
1	60	10	41	0	n	n
1	60	10	42	0	n	n
1	60	10	43	0	n	n
1	60	10	44	0	n	n
1	60	10	45	0	n	n
1	60	10	46	0	n	n
1	60	10	47	0	n	n
1	60	10	48	0	n	n
1	60	10	49	0	n	n
1	60	10	50	0	n	n
1	60	11	1	37	s	n
1	60	11	2	36	s	n
1	60	11	3	36	s	n
1	60	11	4	36	s	n
1	60	11	5	38	s	n
1	60	11	6	36	s	n
1	60	11	7	37	s	n
1	60	11	8	38	s	n
1	60	11	9	31	s	n
1	60	11	10	43	s	n
1	60	11	11	27	s	n
1	60	11	12	36	s	n
1	60	11	13	44	s	n
1	60	11	14	40	s	n
1	60	11	15	21	s	n
1	60	11	16	21	s	n
1	60	11	17	18	n	n
1	60	11	18	36	n	n
1	60	11	19	3	n	n
1	60	11	20	18	n	n
1	60	11	21	1	n	n
1	60	11	22	0	n	n
1	60	11	23	0	n	n
1	60	11	24	0	n	n
1	60	11	25	0	n	n
1	60	11	26	0	n	n
1	60	11	27	0	n	n
1	60	11	28	0	n	n
1	60	11	29	0	n	n
1	60	11	30	0	n	n
1	60	11	31	0	n	n
1	60	11	32	0	n	n
1	60	11	33	0	n	n
1	60	11	34	0	n	n
1	60	11	35	0	n	n
1	60	11	36	0	n	n
1	60	11	37	0	n	n
1	60	11	38	0	n	n
1	60	11	39	0	n	n
1	60	11	40	0	n	n
1	60	11	41	0	n	n
1	60	11	42	0	n	n
1	60	11	43	0	n	n
1	60	11	44	0	n	n
1	60	11	45	0	n	n
1	60	11	46	0	n	n
1	60	11	47	0	n	n
1	60	11	48	0	n	n
1	60	11	49	0	n	n
1	60	11	50	0	n	n
1	60	12	1	33	s	n
1	60	12	2	34	s	n
1	60	12	3	31	s	n
1	60	12	4	28	s	n
1	60	12	5	38	s	n
1	60	12	6	39	s	n
1	60	12	7	34	s	n
1	60	12	8	39	s	n
1	60	12	9	43	s	n
1	60	12	10	39	s	n
1	60	12	11	45	s	n
1	60	12	12	23	s	n
1	60	12	13	26	s	n
1	60	12	14	36	n	n
1	60	12	15	18	s	n
1	60	12	16	19	n	n
1	60	12	17	7	n	n
1	60	12	18	8	n	n
1	60	12	19	24	n	n
1	60	12	20	10	n	n
1	60	12	21	18	n	n
1	60	12	22	0	n	n
1	60	12	23	0	n	n
1	60	12	24	0	n	n
1	60	12	25	0	n	n
1	60	12	26	0	n	n
1	60	12	27	0	n	n
1	60	12	28	0	n	n
1	60	12	29	0	n	n
1	60	12	30	0	n	n
1	60	12	31	0	n	n
1	60	12	32	0	n	n
1	60	12	33	0	n	n
1	60	12	34	0	n	n
1	60	12	35	0	n	n
1	60	12	36	0	n	n
1	60	12	37	0	n	n
1	60	12	38	0	n	n
1	60	12	39	0	n	n
1	60	12	40	0	n	n
1	60	12	41	0	n	n
1	60	12	42	0	n	n
1	60	12	43	0	n	n
1	60	12	44	0	n	n
1	60	12	45	0	n	n
1	60	12	46	0	n	n
1	60	12	47	0	n	n
1	60	12	48	0	n	n
1	60	12	49	0	n	n
1	60	12	50	0	n	n
1	60	13	1	28	s	n
1	60	13	2	32	s	n
1	60	13	3	35	s	n
1	60	13	4	38	s	n
1	60	13	5	38	s	n
1	60	13	6	42	s	n
1	60	13	7	37	s	n
1	60	13	8	31	s	n
1	60	13	9	42	s	n
1	60	13	10	25	s	n
1	60	13	11	36	s	n
1	60	13	12	41	s	n
1	60	13	13	33	s	n
1	60	13	14	27	n	n
1	60	13	15	36	s	n
1	60	13	16	24	s	n
1	60	13	17	33	n	n
1	60	13	18	27	n	n
1	60	13	19	5	n	n
1	60	13	20	13	n	n
1	60	13	21	6	n	n
1	60	13	22	0	n	n
1	60	13	23	0	n	n
1	60	13	24	0	n	n
1	60	13	25	0	n	n
1	60	13	26	0	n	n
1	60	13	27	0	n	n
1	60	13	28	0	n	n
1	60	13	29	0	n	n
1	60	13	30	0	n	n
1	60	13	31	0	n	n
1	60	13	32	0	n	n
1	60	13	33	0	n	n
1	60	13	34	0	n	n
1	60	13	35	0	n	n
1	60	13	36	0	n	n
1	60	13	37	0	n	n
1	60	13	38	0	n	n
1	60	13	39	0	n	n
1	60	13	40	0	n	n
1	60	13	41	0	n	n
1	60	13	42	0	n	n
1	60	13	43	0	n	n
1	60	13	44	0	n	n
1	60	13	45	0	n	n
1	60	13	46	0	n	n
1	60	13	47	0	n	n
1	60	13	48	0	n	n
1	60	13	49	0	n	n
1	60	13	50	0	n	n
1	60	14	1	46	s	n
1	60	14	2	36	s	n
1	60	14	3	35	s	n
1	60	14	4	43	s	n
1	60	14	5	29	s	n
1	60	14	6	37	s	n
1	60	14	7	37	s	n
1	60	14	8	43	s	n
1	60	14	9	50	s	n
1	60	14	10	37	s	n
1	60	14	11	31	s	n
1	60	14	12	27	s	n
1	60	14	13	41	s	n
1	60	14	14	27	s	n
1	60	14	15	43	s	d
1	60	14	16	41	s	d
1	60	14	17	15	n	n
1	60	14	18	15	n	n
1	60	14	19	4	n	n
1	60	14	20	3	n	n
1	60	14	21	0	n	n
1	60	14	22	0	n	n
1	60	14	23	0	n	n
1	60	14	24	0	n	n
1	60	14	25	0	n	n
1	60	14	26	0	n	n
1	60	14	27	0	n	n
1	60	14	28	0	n	n
1	60	14	29	0	n	n
1	60	14	30	0	n	n
1	60	14	31	0	n	n
1	60	14	32	0	n	n
1	60	14	33	0	n	n
1	60	14	34	0	n	n
1	60	14	35	0	n	n
1	60	14	36	0	n	n
1	60	14	37	0	n	n
1	60	14	38	0	n	n
1	60	14	39	0	n	n
1	60	14	40	0	n	n
1	60	14	41	0	n	n
1	60	14	42	0	n	n
1	60	14	43	0	n	n
1	60	14	44	0	n	n
1	60	14	45	0	n	n
1	60	14	46	0	n	n
1	60	14	47	0	n	n
1	60	14	48	0	n	n
1	60	14	49	0	n	n
1	60	14	50	0	n	n
1	60	15	1	35	s	n
1	60	15	2	40	s	n
1	60	15	3	33	s	n
1	60	15	4	43	s	n
1	60	15	5	43	s	n
1	60	15	6	37	s	n
1	60	15	7	41	s	n
1	60	15	8	41	s	n
1	60	15	9	31	s	n
1	60	15	10	36	s	n
1	60	15	11	32	s	n
1	60	15	12	31	n	n
1	60	15	13	44	s	n
1	60	15	14	16	n	n
1	60	15	15	15	s	n
1	60	15	16	9	n	n
1	60	15	17	12	n	n
1	60	15	18	4	n	n
1	60	15	19	13	n	n
1	60	15	20	9	n	n
1	60	15	21	0	n	n
1	60	15	22	0	n	n
1	60	15	23	0	n	n
1	60	15	24	0	n	n
1	60	15	25	0	n	n
1	60	15	26	0	n	n
1	60	15	27	0	n	n
1	60	15	28	0	n	n
1	60	15	29	0	n	n
1	60	15	30	0	n	n
1	60	15	31	0	n	n
1	60	15	32	0	n	n
1	60	15	33	0	n	n
1	60	15	34	0	n	n
1	60	15	35	0	n	n
1	60	15	36	0	n	n
1	60	15	37	0	n	n
1	60	15	38	0	n	n
1	60	15	39	0	n	n
1	60	15	40	0	n	n
1	60	15	41	0	n	n
1	60	15	42	0	n	n
1	60	15	43	0	n	n
1	60	15	44	0	n	n
1	60	15	45	0	n	n
1	60	15	46	0	n	n
1	60	15	47	0	n	n
1	60	15	48	0	n	n
1	60	15	49	0	n	n
1	60	15	50	0	n	n
1	60	16	1	39	s	n
1	60	16	2	36	s	n
1	60	16	3	35	s	n
1	60	16	4	36	s	n
1	60	16	5	42	s	n
1	60	16	6	44	s	n
1	60	16	7	38	s	n
1	60	16	8	32	s	n
1	60	16	9	21	s	n
1	60	16	10	32	s	n
1	60	16	11	26	s	n
1	60	16	12	34	s	n
1	60	16	13	52	s	n
1	60	16	14	49	s	n
1	60	16	15	25	n	n
1	60	16	16	16	n	n
1	60	16	17	7	n	n
1	60	16	18	5	n	n
1	60	16	19	0	n	n
1	60	16	20	22	n	n
1	60	16	21	0	n	n
1	60	16	22	0	n	n
1	60	16	23	0	n	n
1	60	16	24	0	n	n
1	60	16	25	0	n	n
1	60	16	26	0	n	n
1	60	16	27	0	n	n
1	60	16	28	0	n	n
1	60	16	29	0	n	n
1	60	16	30	0	n	n
1	60	16	31	0	n	n
1	60	16	32	0	n	n
1	60	16	33	0	n	n
1	60	16	34	0	n	n
1	60	16	35	0	n	n
1	60	16	36	0	n	n
1	60	16	37	0	n	n
1	60	16	38	0	n	n
1	60	16	39	0	n	n
1	60	16	40	0	n	n
1	60	16	41	0	n	n
1	60	16	42	0	n	n
1	60	16	43	0	n	n
1	60	16	44	0	n	n
1	60	16	45	0	n	n
1	60	16	46	0	n	n
1	60	16	47	0	n	n
1	60	16	48	0	n	n
1	60	16	49	0	n	n
1	60	16	50	0	n	n
1	60	17	1	34	s	n
1	60	17	2	47	s	n
1	60	17	3	51	s	n
1	60	17	4	36	s	n
1	60	17	5	51	s	n
1	60	17	6	42	s	n
1	60	17	7	44	s	n
1	60	17	8	27	s	n
1	60	17	9	32	s	n
1	60	17	10	21	s	n
1	60	17	11	39	s	n
1	60	17	12	19	n	n
1	60	17	13	14	n	n
1	60	17	14	42	s	n
1	60	17	15	21	s	n
1	60	17	16	10	n	n
1	60	17	17	11	s	n
1	60	17	18	12	n	n
1	60	17	19	9	n	n
1	60	17	20	1	n	n
1	60	17	21	0	n	n
1	60	17	22	0	n	n
1	60	17	23	0	n	n
1	60	17	24	0	n	n
1	60	17	25	0	n	n
1	60	17	26	0	n	n
1	60	17	27	0	n	n
1	60	17	28	0	n	n
1	60	17	29	0	n	n
1	60	17	30	0	n	n
1	60	17	31	0	n	n
1	60	17	32	0	n	n
1	60	17	33	0	n	n
1	60	17	34	0	n	n
1	60	17	35	0	n	n
1	60	17	36	0	n	n
1	60	17	37	0	n	n
1	60	17	38	0	n	n
1	60	17	39	0	n	n
1	60	17	40	0	n	n
1	60	17	41	0	n	n
1	60	17	42	0	n	n
1	60	17	43	0	n	n
1	60	17	44	0	n	n
1	60	17	45	0	n	n
1	60	17	46	0	n	n
1	60	17	47	0	n	n
1	60	17	48	0	n	n
1	60	17	49	0	n	n
1	60	17	50	0	n	n
1	60	18	1	34	s	n
1	60	18	2	52	s	n
1	60	18	3	45	s	n
1	60	18	4	49	s	n
1	60	18	5	37	s	n
1	60	18	6	34	s	n
1	60	18	7	37	s	n
1	60	18	8	36	s	n
1	60	18	9	50	s	n
1	60	18	10	37	s	n
1	60	18	11	34	s	n
1	60	18	12	27	s	n
1	60	18	13	38	n	n
1	60	18	14	12	n	n
1	60	18	15	23	n	n
1	60	18	16	15	n	n
1	60	18	17	17	n	n
1	60	18	18	18	n	n
1	60	18	19	13	n	n
1	60	18	20	2	n	n
1	60	18	21	2	n	n
1	60	18	22	0	n	n
1	60	18	23	0	n	n
1	60	18	24	0	n	n
1	60	18	25	0	n	n
1	60	18	26	0	n	n
1	60	18	27	0	n	n
1	60	18	28	0	n	n
1	60	18	29	0	n	n
1	60	18	30	0	n	n
1	60	18	31	0	n	n
1	60	18	32	0	n	n
1	60	18	33	0	n	n
1	60	18	34	0	n	n
1	60	18	35	0	n	n
1	60	18	36	0	n	n
1	60	18	37	0	n	n
1	60	18	38	0	n	n
1	60	18	39	0	n	n
1	60	18	40	0	n	n
1	60	18	41	0	n	n
1	60	18	42	0	n	n
1	60	18	43	0	n	n
1	60	18	44	0	n	n
1	60	18	45	0	n	n
1	60	18	46	0	n	n
1	60	18	47	0	n	n
1	60	18	48	0	n	n
1	60	18	49	0	n	n
1	60	18	50	0	n	n
1	60	19	1	36	s	n
1	60	19	2	32	s	n
1	60	19	3	33	s	n
1	60	19	4	46	s	n
1	60	19	5	39	s	n
1	60	19	6	36	s	n
1	60	19	7	26	s	n
1	60	19	8	47	s	n
1	60	19	9	35	s	n
1	60	19	10	31	s	n
1	60	19	11	42	s	n
1	60	19	12	35	s	n
1	60	19	13	43	s	d
1	60	19	14	10	s	n
1	60	19	15	8	n	n
1	60	19	16	11	n	n
1	60	19	17	5	n	n
1	60	19	18	7	n	n
1	60	19	19	4	n	n
1	60	19	20	3	n	n
1	60	19	21	0	n	n
1	60	19	22	1	n	n
1	60	19	23	0	n	n
1	60	19	24	0	n	n
1	60	19	25	0	n	n
1	60	19	26	0	n	n
1	60	19	27	0	n	n
1	60	19	28	0	n	n
1	60	19	29	0	n	n
1	60	19	30	0	n	n
1	60	19	31	0	n	n
1	60	19	32	0	n	n
1	60	19	33	0	n	n
1	60	19	34	0	n	n
1	60	19	35	0	n	n
1	60	19	36	0	n	n
1	60	19	37	0	n	n
1	60	19	38	0	n	n
1	60	19	39	0	n	n
1	60	19	40	0	n	n
1	60	19	41	0	n	n
1	60	19	42	0	n	n
1	60	19	43	0	n	n
1	60	19	44	0	n	n
1	60	19	45	0	n	n
1	60	19	46	0	n	n
1	60	19	47	0	n	n
1	60	19	48	0	n	n
1	60	19	49	0	n	n
1	60	19	50	0	n	n
1	60	20	1	48	s	n
1	60	20	2	39	s	n
1	60	20	3	48	s	n
1	60	20	4	38	s	n
1	60	20	5	48	s	n
1	60	20	6	35	s	n
1	60	20	7	41	s	n
1	60	20	8	31	s	n
1	60	20	9	32	s	n
1	60	20	10	27	s	n
1	60	20	11	52	s	n
1	60	20	12	27	s	n
1	60	20	13	29	n	n
1	60	20	14	29	s	n
1	60	20	15	10	n	n
1	60	20	16	9	n	n
1	60	20	17	3	n	n
1	60	20	18	2	n	n
1	60	20	19	3	n	n
1	60	20	20	1	n	n
1	60	20	21	0	n	n
1	60	20	22	2	n	n
1	60	20	23	0	n	n
1	60	20	24	0	n	n
1	60	20	25	0	n	n
1	60	20	26	0	n	n
1	60	20	27	0	n	n
1	60	20	28	0	n	n
1	60	20	29	0	n	n
1	60	20	30	0	n	n
1	60	20	31	0	n	n
1	60	20	32	0	n	n
1	60	20	33	0	n	n
1	60	20	34	0	n	n
1	60	20	35	0	n	n
1	60	20	36	0	n	n
1	60	20	37	0	n	n
1	60	20	38	0	n	n
1	60	20	39	0	n	n
1	60	20	40	0	n	n
1	60	20	41	0	n	n
1	60	20	42	0	n	n
1	60	20	43	0	n	n
1	60	20	44	0	n	n
1	60	20	45	0	n	n
1	60	20	46	0	n	n
1	60	20	47	0	n	n
1	60	20	48	0	n	n
1	60	20	49	0	n	n
1	60	20	50	0	n	n
1	70	1	1	47	s	n
1	70	1	2	45	s	n
1	70	1	3	25	s	n
1	70	1	4	38	s	n
1	70	1	5	43	s	n
1	70	1	6	40	s	n
1	70	1	7	43	s	n
1	70	1	8	38	s	n
1	70	1	9	38	s	n
1	70	1	10	39	s	n
1	70	1	11	38	s	n
1	70	1	12	41	s	n
1	70	1	13	39	s	n
1	70	1	14	30	s	n
1	70	1	15	41	s	n
1	70	1	16	41	s	d
1	70	1	17	31	n	n
1	70	1	18	25	n	n
1	70	1	19	20	n	n
1	70	1	20	11	n	n
1	70	1	21	16	n	n
1	70	1	22	7	n	n
1	70	1	23	12	n	n
1	70	1	24	2	n	n
1	70	1	25	3	n	n
1	70	1	26	0	n	n
1	70	1	27	0	n	n
1	70	1	28	0	n	n
1	70	1	29	0	n	n
1	70	1	30	0	n	n
1	70	1	31	0	n	n
1	70	1	32	0	n	n
1	70	1	33	0	n	n
1	70	1	34	0	n	n
1	70	1	35	0	n	n
1	70	1	36	0	n	n
1	70	1	37	0	n	n
1	70	1	38	0	n	n
1	70	1	39	0	n	n
1	70	1	40	0	n	n
1	70	1	41	0	n	n
1	70	1	42	0	n	n
1	70	1	43	0	n	n
1	70	1	44	0	n	n
1	70	1	45	0	n	n
1	70	1	46	0	n	n
1	70	1	47	0	n	n
1	70	1	48	0	n	n
1	70	1	49	0	n	n
1	70	1	50	0	n	n
1	70	2	1	28	s	n
1	70	2	2	33	s	n
1	70	2	3	32	s	n
1	70	2	4	36	s	n
1	70	2	5	32	s	n
1	70	2	6	28	s	n
1	70	2	7	37	s	n
1	70	2	8	32	s	n
1	70	2	9	35	s	n
1	70	2	10	35	s	n
1	70	2	11	38	s	n
1	70	2	12	35	s	n
1	70	2	13	40	s	n
1	70	2	14	32	s	n
1	70	2	15	30	n	n
1	70	2	16	25	n	n
1	70	2	17	20	n	n
1	70	2	18	10	n	n
1	70	2	19	26	n	n
1	70	2	20	18	n	n
1	70	2	21	11	n	n
1	70	2	22	9	n	n
1	70	2	23	8	n	n
1	70	2	24	15	n	n
1	70	2	25	2	n	n
1	70	2	26	2	n	n
1	70	2	27	1	n	n
1	70	2	28	0	n	n
1	70	2	29	0	n	n
1	70	2	30	0	n	n
1	70	2	31	0	n	n
1	70	2	32	0	n	n
1	70	2	33	0	n	n
1	70	2	34	0	n	n
1	70	2	35	0	n	n
1	70	2	36	0	n	n
1	70	2	37	0	n	n
1	70	2	38	0	n	n
1	70	2	39	0	n	n
1	70	2	40	0	n	n
1	70	2	41	0	n	n
1	70	2	42	0	n	n
1	70	2	43	0	n	n
1	70	2	44	0	n	n
1	70	2	45	0	n	n
1	70	2	46	0	n	n
1	70	2	47	0	n	n
1	70	2	48	0	n	n
1	70	2	49	0	n	n
1	70	2	50	0	n	n
1	70	3	1	39	s	n
1	70	3	2	31	s	n
1	70	3	3	38	s	n
1	70	3	4	33	s	n
1	70	3	5	37	s	n
1	70	3	6	32	s	n
1	70	3	7	27	s	n
1	70	3	8	38	s	n
1	70	3	9	37	s	n
1	70	3	10	23	s	n
1	70	3	11	28	s	n
1	70	3	12	32	s	n
1	70	3	13	38	s	n
1	70	3	14	32	s	n
1	70	3	15	33	n	n
1	70	3	16	17	n	n
1	70	3	17	21	n	n
1	70	3	18	21	n	n
1	70	3	19	15	n	n
1	70	3	20	6	n	n
1	70	3	21	7	n	n
1	70	3	22	14	n	n
1	70	3	23	0	n	n
1	70	3	24	8	n	n
1	70	3	25	0	n	n
1	70	3	26	1	n	n
1	70	3	27	0	n	n
1	70	3	28	1	n	n
1	70	3	29	0	n	n
1	70	3	30	0	n	n
1	70	3	31	0	n	n
1	70	3	32	0	n	n
1	70	3	33	0	n	n
1	70	3	34	0	n	n
1	70	3	35	0	n	n
1	70	3	36	0	n	n
1	70	3	37	0	n	n
1	70	3	38	0	n	n
1	70	3	39	0	n	n
1	70	3	40	0	n	n
1	70	3	41	0	n	n
1	70	3	42	0	n	n
1	70	3	43	0	n	n
1	70	3	44	0	n	n
1	70	3	45	0	n	n
1	70	3	46	0	n	n
1	70	3	47	0	n	n
1	70	3	48	0	n	n
1	70	3	49	0	n	n
1	70	3	50	0	n	n
1	70	4	1	26	s	n
1	70	4	2	34	s	n
1	70	4	3	40	s	n
1	70	4	4	39	s	n
1	70	4	5	36	s	n
1	70	4	6	35	s	n
1	70	4	7	44	s	n
1	70	4	8	35	s	n
1	70	4	9	28	s	n
1	70	4	10	27	s	n
1	70	4	11	37	s	n
1	70	4	12	28	s	n
1	70	4	13	29	s	n
1	70	4	14	31	s	n
1	70	4	15	28	s	n
1	70	4	16	17	n	n
1	70	4	17	25	n	n
1	70	4	18	25	n	n
1	70	4	19	22	n	n
1	70	4	20	10	n	n
1	70	4	21	8	n	n
1	70	4	22	14	n	n
1	70	4	23	4	n	n
1	70	4	24	1	n	n
1	70	4	25	2	n	n
1	70	4	26	9	n	n
1	70	4	27	1	n	n
1	70	4	28	0	n	n
1	70	4	29	0	n	n
1	70	4	30	0	n	n
1	70	4	31	0	n	n
1	70	4	32	0	n	n
1	70	4	33	0	n	n
1	70	4	34	0	n	n
1	70	4	35	0	n	n
1	70	4	36	0	n	n
1	70	4	37	0	n	n
1	70	4	38	0	n	n
1	70	4	39	0	n	n
1	70	4	40	0	n	n
1	70	4	41	0	n	n
1	70	4	42	0	n	n
1	70	4	43	0	n	n
1	70	4	44	0	n	n
1	70	4	45	0	n	n
1	70	4	46	0	n	n
1	70	4	47	0	n	n
1	70	4	48	0	n	n
1	70	4	49	0	n	n
1	70	4	50	0	n	n
1	70	5	1	33	s	n
1	70	5	2	25	s	n
1	70	5	3	30	s	n
1	70	5	4	41	s	n
1	70	5	5	41	s	n
1	70	5	6	24	s	n
1	70	5	7	41	s	n
1	70	5	8	32	s	n
1	70	5	9	24	s	n
1	70	5	10	29	s	n
1	70	5	11	33	s	n
1	70	5	12	54	s	n
1	70	5	13	32	s	n
1	70	5	14	40	s	n
1	70	5	15	33	s	n
1	70	5	16	29	n	n
1	70	5	17	28	n	n
1	70	5	18	16	n	n
1	70	5	19	14	n	n
1	70	5	20	10	n	n
1	70	5	21	6	n	n
1	70	5	22	11	n	n
1	70	5	23	6	n	n
1	70	5	24	1	n	n
1	70	5	25	2	n	n
1	70	5	26	3	n	n
1	70	5	27	0	n	n
1	70	5	28	0	n	n
1	70	5	29	0	n	n
1	70	5	30	0	n	n
1	70	5	31	0	n	n
1	70	5	32	0	n	n
1	70	5	33	0	n	n
1	70	5	34	0	n	n
1	70	5	35	0	n	n
1	70	5	36	0	n	n
1	70	5	37	0	n	n
1	70	5	38	0	n	n
1	70	5	39	0	n	n
1	70	5	40	0	n	n
1	70	5	41	0	n	n
1	70	5	42	0	n	n
1	70	5	43	0	n	n
1	70	5	44	0	n	n
1	70	5	45	0	n	n
1	70	5	46	0	n	n
1	70	5	47	0	n	n
1	70	5	48	0	n	n
1	70	5	49	0	n	n
1	70	5	50	0	n	n
1	70	6	1	30	s	n
1	70	6	2	38	s	n
1	70	6	3	48	s	n
1	70	6	4	30	s	n
1	70	6	5	35	s	n
1	70	6	6	34	s	n
1	70	6	7	37	s	n
1	70	6	8	36	s	n
1	70	6	9	29	s	n
1	70	6	10	35	s	n
1	70	6	11	26	s	n
1	70	6	12	32	s	n
1	70	6	13	29	s	n
1	70	6	14	33	s	n
1	70	6	15	28	n	n
1	70	6	16	25	n	n
1	70	6	17	25	n	n
1	70	6	18	33	n	n
1	70	6	19	27	n	n
1	70	6	20	12	n	n
1	70	6	21	9	n	n
1	70	6	22	6	n	n
1	70	6	23	4	n	n
1	70	6	24	11	n	n
1	70	6	25	3	n	n
1	70	6	26	2	n	n
1	70	6	27	1	n	n
1	70	6	28	0	n	n
1	70	6	29	0	n	n
1	70	6	30	0	n	n
1	70	6	31	0	n	n
1	70	6	32	0	n	n
1	70	6	33	0	n	n
1	70	6	34	0	n	n
1	70	6	35	0	n	n
1	70	6	36	0	n	n
1	70	6	37	0	n	n
1	70	6	38	0	n	n
1	70	6	39	0	n	n
1	70	6	40	0	n	n
1	70	6	41	0	n	n
1	70	6	42	0	n	n
1	70	6	43	0	n	n
1	70	6	44	0	n	n
1	70	6	45	0	n	n
1	70	6	46	0	n	n
1	70	6	47	0	n	n
1	70	6	48	0	n	n
1	70	6	49	0	n	n
1	70	6	50	0	n	n
1	70	7	1	32	s	n
1	70	7	2	32	s	n
1	70	7	3	35	s	n
1	70	7	4	44	s	n
1	70	7	5	37	s	n
1	70	7	6	25	s	n
1	70	7	7	42	s	n
1	70	7	8	34	s	n
1	70	7	9	34	s	n
1	70	7	10	39	s	n
1	70	7	11	37	s	n
1	70	7	12	37	s	n
1	70	7	13	33	s	n
1	70	7	14	42	s	n
1	70	7	15	26	s	n
1	70	7	16	37	n	n
1	70	7	17	30	n	n
1	70	7	18	19	n	n
1	70	7	19	24	n	n
1	70	7	20	17	n	n
1	70	7	21	4	n	n
1	70	7	22	7	n	n
1	70	7	23	6	n	n
1	70	7	24	3	n	n
1	70	7	25	0	n	n
1	70	7	26	0	n	n
1	70	7	27	0	n	n
1	70	7	28	0	n	n
1	70	7	29	0	n	n
1	70	7	30	0	n	n
1	70	7	31	0	n	n
1	70	7	32	0	n	n
1	70	7	33	0	n	n
1	70	7	34	0	n	n
1	70	7	35	0	n	n
1	70	7	36	0	n	n
1	70	7	37	0	n	n
1	70	7	38	0	n	n
1	70	7	39	0	n	n
1	70	7	40	0	n	n
1	70	7	41	0	n	n
1	70	7	42	0	n	n
1	70	7	43	0	n	n
1	70	7	44	0	n	n
1	70	7	45	0	n	n
1	70	7	46	0	n	n
1	70	7	47	0	n	n
1	70	7	48	0	n	n
1	70	7	49	0	n	n
1	70	7	50	0	n	n
1	70	8	1	38	s	n
1	70	8	2	43	s	n
1	70	8	3	32	s	n
1	70	8	4	43	s	n
1	70	8	5	38	s	n
1	70	8	6	41	s	n
1	70	8	7	40	s	n
1	70	8	8	31	s	n
1	70	8	9	38	s	n
1	70	8	10	44	s	n
1	70	8	11	35	s	n
1	70	8	12	39	s	n
1	70	8	13	39	s	n
1	70	8	14	34	s	n
1	70	8	15	36	s	n
1	70	8	16	28	n	n
1	70	8	17	22	n	n
1	70	8	18	24	n	n
1	70	8	19	27	n	n
1	70	8	20	26	n	n
1	70	8	21	9	n	n
1	70	8	22	7	n	n
1	70	8	23	3	n	n
1	70	8	24	3	n	n
1	70	8	25	1	n	n
1	70	8	26	10	n	n
1	70	8	27	0	n	n
1	70	8	28	0	n	n
1	70	8	29	0	n	n
1	70	8	30	0	n	n
1	70	8	31	0	n	n
1	70	8	32	0	n	n
1	70	8	33	0	n	n
1	70	8	34	0	n	n
1	70	8	35	0	n	n
1	70	8	36	0	n	n
1	70	8	37	0	n	n
1	70	8	38	0	n	n
1	70	8	39	0	n	n
1	70	8	40	0	n	n
1	70	8	41	0	n	n
1	70	8	42	0	n	n
1	70	8	43	0	n	n
1	70	8	44	0	n	n
1	70	8	45	0	n	n
1	70	8	46	0	n	n
1	70	8	47	0	n	n
1	70	8	48	0	n	n
1	70	8	49	0	n	n
1	70	8	50	0	n	n
1	70	9	1	29	s	n
1	70	9	2	32	s	n
1	70	9	3	37	s	n
1	70	9	4	41	s	n
1	70	9	5	43	s	n
1	70	9	6	36	s	n
1	70	9	7	40	s	n
1	70	9	8	38	s	n
1	70	9	9	48	s	n
1	70	9	10	20	s	n
1	70	9	11	43	s	n
1	70	9	12	40	s	n
1	70	9	13	27	s	n
1	70	9	14	31	s	n
1	70	9	15	36	s	n
1	70	9	16	20	n	n
1	70	9	17	15	n	n
1	70	9	18	19	n	n
1	70	9	19	24	n	n
1	70	9	20	12	n	n
1	70	9	21	8	n	n
1	70	9	22	7	n	n
1	70	9	23	0	n	n
1	70	9	24	1	n	n
1	70	9	25	0	n	n
1	70	9	26	0	n	n
1	70	9	27	0	n	n
1	70	9	28	0	n	n
1	70	9	29	0	n	n
1	70	9	30	0	n	n
1	70	9	31	0	n	n
1	70	9	32	0	n	n
1	70	9	33	0	n	n
1	70	9	34	0	n	n
1	70	9	35	0	n	n
1	70	9	36	0	n	n
1	70	9	37	0	n	n
1	70	9	38	0	n	n
1	70	9	39	0	n	n
1	70	9	40	0	n	n
1	70	9	41	0	n	n
1	70	9	42	0	n	n
1	70	9	43	0	n	n
1	70	9	44	0	n	n
1	70	9	45	0	n	n
1	70	9	46	0	n	n
1	70	9	47	0	n	n
1	70	9	48	0	n	n
1	70	9	49	0	n	n
1	70	9	50	0	n	n
1	70	10	1	29	s	n
1	70	10	2	40	s	n
1	70	10	3	34	s	n
1	70	10	4	34	s	n
1	70	10	5	44	s	n
1	70	10	6	36	s	n
1	70	10	7	37	s	n
1	70	10	8	39	s	n
1	70	10	9	32	s	n
1	70	10	10	31	s	n
1	70	10	11	45	s	n
1	70	10	12	44	s	n
1	70	10	13	35	n	n
1	70	10	14	37	s	n
1	70	10	15	42	s	n
1	70	10	16	29	n	n
1	70	10	17	26	s	n
1	70	10	18	22	n	n
1	70	10	19	20	n	n
1	70	10	20	23	n	n
1	70	10	21	5	n	n
1	70	10	22	6	n	n
1	70	10	23	1	n	n
1	70	10	24	0	n	n
1	70	10	25	0	n	n
1	70	10	26	0	n	n
1	70	10	27	0	n	n
1	70	10	28	0	n	n
1	70	10	29	0	n	n
1	70	10	30	0	n	n
1	70	10	31	0	n	n
1	70	10	32	0	n	n
1	70	10	33	0	n	n
1	70	10	34	0	n	n
1	70	10	35	0	n	n
1	70	10	36	0	n	n
1	70	10	37	0	n	n
1	70	10	38	0	n	n
1	70	10	39	0	n	n
1	70	10	40	0	n	n
1	70	10	41	0	n	n
1	70	10	42	0	n	n
1	70	10	43	0	n	n
1	70	10	44	0	n	n
1	70	10	45	0	n	n
1	70	10	46	0	n	n
1	70	10	47	0	n	n
1	70	10	48	0	n	n
1	70	10	49	0	n	n
1	70	10	50	0	n	n
1	70	11	1	32	s	n
1	70	11	2	33	s	n
1	70	11	3	35	s	n
1	70	11	4	41	s	n
1	70	11	5	37	s	n
1	70	11	6	39	s	n
1	70	11	7	39	s	n
1	70	11	8	49	s	n
1	70	11	9	36	s	n
1	70	11	10	37	s	n
1	70	11	11	49	s	n
1	70	11	12	30	s	n
1	70	11	13	49	s	n
1	70	11	14	37	s	n
1	70	11	15	32	n	n
1	70	11	16	34	n	n
1	70	11	17	28	n	n
1	70	11	18	17	n	n
1	70	11	19	18	n	n
1	70	11	20	13	n	n
1	70	11	21	20	n	n
1	70	11	22	0	n	n
1	70	11	23	6	n	n
1	70	11	24	0	n	n
1	70	11	25	0	n	n
1	70	11	26	0	n	n
1	70	11	27	0	n	n
1	70	11	28	0	n	n
1	70	11	29	0	n	n
1	70	11	30	0	n	n
1	70	11	31	0	n	n
1	70	11	32	0	n	n
1	70	11	33	0	n	n
1	70	11	34	0	n	n
1	70	11	35	0	n	n
1	70	11	36	0	n	n
1	70	11	37	0	n	n
1	70	11	38	0	n	n
1	70	11	39	0	n	n
1	70	11	40	0	n	n
1	70	11	41	0	n	n
1	70	11	42	0	n	n
1	70	11	43	0	n	n
1	70	11	44	0	n	n
1	70	11	45	0	n	n
1	70	11	46	0	n	n
1	70	11	47	0	n	n
1	70	11	48	0	n	n
1	70	11	49	0	n	n
1	70	11	50	0	n	n
1	70	12	1	32	s	n
1	70	12	2	30	s	n
1	70	12	3	37	s	n
1	70	12	4	39	s	n
1	70	12	5	33	s	n
1	70	12	6	32	s	n
1	70	12	7	35	s	n
1	70	12	8	37	s	n
1	70	12	9	44	s	n
1	70	12	10	37	s	n
1	70	12	11	39	s	n
1	70	12	12	43	s	n
1	70	12	13	27	s	n
1	70	12	14	35	s	n
1	70	12	15	27	s	n
1	70	12	16	43	s	n
1	70	12	17	19	n	n
1	70	12	18	25	s	n
1	70	12	19	20	n	n
1	70	12	20	22	n	n
1	70	12	21	15	n	n
1	70	12	22	6	n	n
1	70	12	23	4	n	n
1	70	12	24	0	n	n
1	70	12	25	0	n	n
1	70	12	26	0	n	n
1	70	12	27	0	n	n
1	70	12	28	0	n	n
1	70	12	29	0	n	n
1	70	12	30	0	n	n
1	70	12	31	0	n	n
1	70	12	32	0	n	n
1	70	12	33	0	n	n
1	70	12	34	0	n	n
1	70	12	35	0	n	n
1	70	12	36	0	n	n
1	70	12	37	0	n	n
1	70	12	38	0	n	n
1	70	12	39	0	n	n
1	70	12	40	0	n	n
1	70	12	41	0	n	n
1	70	12	42	0	n	n
1	70	12	43	0	n	n
1	70	12	44	0	n	n
1	70	12	45	0	n	n
1	70	12	46	0	n	n
1	70	12	47	0	n	n
1	70	12	48	0	n	n
1	70	12	49	0	n	n
1	70	12	50	0	n	n
1	70	13	1	41	s	n
1	70	13	2	34	s	n
1	70	13	3	38	s	n
1	70	13	4	35	s	n
1	70	13	5	32	s	n
1	70	13	6	41	s	n
1	70	13	7	27	s	n
1	70	13	8	41	s	n
1	70	13	9	42	s	n
1	70	13	10	42	s	n
1	70	13	11	25	s	n
1	70	13	12	36	s	n
1	70	13	13	30	n	n
1	70	13	14	42	s	n
1	70	13	15	30	s	n
1	70	13	16	29	n	n
1	70	13	17	16	s	n
1	70	13	18	26	n	n
1	70	13	19	14	n	n
1	70	13	20	15	n	n
1	70	13	21	7	n	n
1	70	13	22	4	n	n
1	70	13	23	1	n	n
1	70	13	24	0	n	n
1	70	13	25	0	n	n
1	70	13	26	0	n	n
1	70	13	27	0	n	n
1	70	13	28	0	n	n
1	70	13	29	0	n	n
1	70	13	30	0	n	n
1	70	13	31	0	n	n
1	70	13	32	0	n	n
1	70	13	33	0	n	n
1	70	13	34	0	n	n
1	70	13	35	0	n	n
1	70	13	36	0	n	n
1	70	13	37	0	n	n
1	70	13	38	0	n	n
1	70	13	39	0	n	n
1	70	13	40	0	n	n
1	70	13	41	0	n	n
1	70	13	42	0	n	n
1	70	13	43	0	n	n
1	70	13	44	0	n	n
1	70	13	45	0	n	n
1	70	13	46	0	n	n
1	70	13	47	0	n	n
1	70	13	48	0	n	n
1	70	13	49	0	n	n
1	70	13	50	0	n	n
1	70	14	1	44	s	n
1	70	14	2	32	s	n
1	70	14	3	48	s	n
1	70	14	4	34	s	n
1	70	14	5	29	s	n
1	70	14	6	33	s	n
1	70	14	7	28	s	n
1	70	14	8	43	s	n
1	70	14	9	39	s	n
1	70	14	10	50	s	n
1	70	14	11	32	s	n
1	70	14	12	31	s	n
1	70	14	13	30	s	n
1	70	14	14	37	s	n
1	70	14	15	32	s	n
1	70	14	16	25	n	n
1	70	14	17	13	n	n
1	70	14	18	32	s	n
1	70	14	19	18	n	n
1	70	14	20	10	n	n
1	70	14	21	5	n	n
1	70	14	22	6	n	n
1	70	14	23	1	n	n
1	70	14	24	0	n	n
1	70	14	25	0	n	n
1	70	14	26	1	n	n
1	70	14	27	0	n	n
1	70	14	28	0	n	n
1	70	14	29	0	n	n
1	70	14	30	0	n	n
1	70	14	31	0	n	n
1	70	14	32	0	n	n
1	70	14	33	0	n	n
1	70	14	34	0	n	n
1	70	14	35	0	n	n
1	70	14	36	0	n	n
1	70	14	37	0	n	n
1	70	14	38	0	n	n
1	70	14	39	0	n	n
1	70	14	40	0	n	n
1	70	14	41	0	n	n
1	70	14	42	0	n	n
1	70	14	43	0	n	n
1	70	14	44	0	n	n
1	70	14	45	0	n	n
1	70	14	46	0	n	n
1	70	14	47	0	n	n
1	70	14	48	0	n	n
1	70	14	49	0	n	n
1	70	14	50	0	n	n
1	70	15	1	43	s	n
1	70	15	2	32	s	n
1	70	15	3	38	s	n
1	70	15	4	32	s	n
1	70	15	5	39	s	n
1	70	15	6	40	s	n
1	70	15	7	35	s	n
1	70	15	8	43	s	n
1	70	15	9	25	s	n
1	70	15	10	41	s	n
1	70	15	11	25	s	n
1	70	15	12	29	s	n
1	70	15	13	13	s	n
1	70	15	14	28	s	n
1	70	15	15	27	s	n
1	70	15	16	22	s	n
1	70	15	17	31	n	n
1	70	15	18	15	n	n
1	70	15	19	22	n	n
1	70	15	20	18	n	n
1	70	15	21	2	n	n
1	70	15	22	11	n	n
1	70	15	23	0	n	n
1	70	15	24	1	n	n
1	70	15	25	0	n	n
1	70	15	26	0	n	n
1	70	15	27	0	n	n
1	70	15	28	1	n	n
1	70	15	29	0	n	n
1	70	15	30	0	n	n
1	70	15	31	0	n	n
1	70	15	32	0	n	n
1	70	15	33	0	n	n
1	70	15	34	0	n	n
1	70	15	35	0	n	n
1	70	15	36	0	n	n
1	70	15	37	0	n	n
1	70	15	38	0	n	n
1	70	15	39	0	n	n
1	70	15	40	0	n	n
1	70	15	41	0	n	n
1	70	15	42	0	n	n
1	70	15	43	0	n	n
1	70	15	44	0	n	n
1	70	15	45	0	n	n
1	70	15	46	0	n	n
1	70	15	47	0	n	n
1	70	15	48	0	n	n
1	70	15	49	0	n	n
1	70	15	50	0	n	n
1	70	16	1	32	s	n
1	70	16	2	34	s	n
1	70	16	3	30	s	n
1	70	16	4	28	s	n
1	70	16	5	38	s	n
1	70	16	6	32	s	n
1	70	16	7	38	s	n
1	70	16	8	43	s	n
1	70	16	9	44	s	n
1	70	16	10	41	s	n
1	70	16	11	35	s	n
1	70	16	12	23	s	n
1	70	16	13	29	s	n
1	70	16	14	31	s	n
1	70	16	15	24	s	n
1	70	16	16	10	s	n
1	70	16	17	22	s	n
1	70	16	18	9	n	n
1	70	16	19	20	n	n
1	70	16	20	14	n	n
1	70	16	21	7	n	n
1	70	16	22	1	n	n
1	70	16	23	0	n	n
1	70	16	24	0	n	n
1	70	16	25	1	n	n
1	70	16	26	0	n	n
1	70	16	27	0	n	n
1	70	16	28	0	n	n
1	70	16	29	0	n	n
1	70	16	30	0	n	n
1	70	16	31	0	n	n
1	70	16	32	0	n	n
1	70	16	33	0	n	n
1	70	16	34	0	n	n
1	70	16	35	0	n	n
1	70	16	36	0	n	n
1	70	16	37	0	n	n
1	70	16	38	0	n	n
1	70	16	39	0	n	n
1	70	16	40	0	n	n
1	70	16	41	0	n	n
1	70	16	42	0	n	n
1	70	16	43	0	n	n
1	70	16	44	0	n	n
1	70	16	45	0	n	n
1	70	16	46	0	n	n
1	70	16	47	0	n	n
1	70	16	48	0	n	n
1	70	16	49	0	n	n
1	70	16	50	0	n	n
1	70	17	1	37	s	n
1	70	17	2	36	s	n
1	70	17	3	41	s	n
1	70	17	4	42	s	n
1	70	17	5	36	s	n
1	70	17	6	41	s	n
1	70	17	7	34	s	n
1	70	17	8	37	s	n
1	70	17	9	51	s	n
1	70	17	10	32	s	n
1	70	17	11	38	s	n
1	70	17	12	35	s	n
1	70	17	13	15	s	n
1	70	17	14	37	s	n
1	70	17	15	45	s	n
1	70	17	16	12	s	n
1	70	17	17	17	n	n
1	70	17	18	11	s	n
1	70	17	19	11	n	n
1	70	17	20	11	n	n
1	70	17	21	23	n	n
1	70	17	22	0	n	n
1	70	17	23	1	n	n
1	70	17	24	0	n	n
1	70	17	25	0	n	n
1	70	17	26	0	n	n
1	70	17	27	0	n	n
1	70	17	28	0	n	n
1	70	17	29	0	n	n
1	70	17	30	0	n	n
1	70	17	31	0	n	n
1	70	17	32	0	n	n
1	70	17	33	0	n	n
1	70	17	34	0	n	n
1	70	17	35	0	n	n
1	70	17	36	0	n	n
1	70	17	37	0	n	n
1	70	17	38	0	n	n
1	70	17	39	0	n	n
1	70	17	40	0	n	n
1	70	17	41	0	n	n
1	70	17	42	0	n	n
1	70	17	43	0	n	n
1	70	17	44	0	n	n
1	70	17	45	0	n	n
1	70	17	46	0	n	n
1	70	17	47	0	n	n
1	70	17	48	0	n	n
1	70	17	49	0	n	n
1	70	17	50	0	n	n
1	70	18	1	37	s	n
1	70	18	2	40	s	n
1	70	18	3	46	s	n
1	70	18	4	45	s	n
1	70	18	5	33	s	n
1	70	18	6	35	s	n
1	70	18	7	47	s	n
1	70	18	8	48	s	n
1	70	18	9	48	s	n
1	70	18	10	43	s	n
1	70	18	11	37	s	n
1	70	18	12	28	s	n
1	70	18	13	37	s	n
1	70	18	14	45	s	n
1	70	18	15	17	s	n
1	70	18	16	7	s	n
1	70	18	17	19	s	n
1	70	18	18	13	s	n
1	70	18	19	5	n	n
1	70	18	20	2	n	n
1	70	18	21	4	n	n
1	70	18	22	0	n	n
1	70	18	23	0	n	n
1	70	18	24	0	n	n
1	70	18	25	0	n	n
1	70	18	26	0	n	n
1	70	18	27	0	n	n
1	70	18	28	0	n	n
1	70	18	29	0	n	n
1	70	18	30	0	n	n
1	70	18	31	0	n	n
1	70	18	32	0	n	n
1	70	18	33	0	n	n
1	70	18	34	0	n	n
1	70	18	35	0	n	n
1	70	18	36	0	n	n
1	70	18	37	0	n	n
1	70	18	38	0	n	n
1	70	18	39	0	n	n
1	70	18	40	0	n	n
1	70	18	41	0	n	n
1	70	18	42	0	n	n
1	70	18	43	0	n	n
1	70	18	44	0	n	n
1	70	18	45	0	n	n
1	70	18	46	0	n	n
1	70	18	47	0	n	n
1	70	18	48	0	n	n
1	70	18	49	0	n	n
1	70	18	50	0	n	n
1	70	19	1	34	s	n
1	70	19	2	46	s	n
1	70	19	3	38	s	n
1	70	19	4	48	s	n
1	70	19	5	45	s	n
1	70	19	6	34	s	n
1	70	19	7	46	s	n
1	70	19	8	53	s	n
1	70	19	9	44	s	n
1	70	19	10	49	s	n
1	70	19	11	44	s	n
1	70	19	12	46	s	n
1	70	19	13	38	s	n
1	70	19	14	24	s	n
1	70	19	15	16	s	n
1	70	19	16	4	s	n
1	70	19	17	10	s	n
1	70	19	18	10	n	n
1	70	19	19	8	s	n
1	70	19	20	2	n	n
1	70	19	21	1	n	n
1	70	19	22	2	n	n
1	70	19	23	1	n	n
1	70	19	24	0	n	n
1	70	19	25	2	n	n
1	70	19	26	0	n	n
1	70	19	27	0	n	n
1	70	19	28	0	n	n
1	70	19	29	0	n	n
1	70	19	30	0	n	n
1	70	19	31	0	n	n
1	70	19	32	0	n	n
1	70	19	33	0	n	n
1	70	19	34	0	n	n
1	70	19	35	0	n	n
1	70	19	36	0	n	n
1	70	19	37	0	n	n
1	70	19	38	0	n	n
1	70	19	39	0	n	n
1	70	19	40	0	n	n
1	70	19	41	0	n	n
1	70	19	42	0	n	n
1	70	19	43	0	n	n
1	70	19	44	0	n	n
1	70	19	45	0	n	n
1	70	19	46	0	n	n
1	70	19	47	0	n	n
1	70	19	48	0	n	n
1	70	19	49	0	n	n
1	70	19	50	0	n	n
1	70	20	1	46	s	n
1	70	20	2	49	s	n
1	70	20	3	45	s	n
1	70	20	4	44	s	n
1	70	20	5	32	s	n
1	70	20	6	34	s	n
1	70	20	7	32	s	n
1	70	20	8	56	s	n
1	70	20	9	56	s	n
1	70	20	10	51	s	n
1	70	20	11	46	s	n
1	70	20	12	52	s	n
1	70	20	13	49	s	n
1	70	20	14	25	s	n
1	70	20	15	17	s	n
1	70	20	16	23	s	n
1	70	20	17	12	s	n
1	70	20	18	9	n	n
1	70	20	19	12	s	n
1	70	20	20	7	n	n
1	70	20	21	1	n	n
1	70	20	22	0	n	n
1	70	20	23	2	n	n
1	70	20	24	0	n	n
1	70	20	25	0	n	n
1	70	20	26	0	n	n
1	70	20	27	0	n	n
1	70	20	28	0	n	n
1	70	20	29	0	n	n
1	70	20	30	0	n	n
1	70	20	31	0	n	n
1	70	20	32	0	n	n
1	70	20	33	0	n	n
1	70	20	34	0	n	n
1	70	20	35	0	n	n
1	70	20	36	0	n	n
1	70	20	37	0	n	n
1	70	20	38	0	n	n
1	70	20	39	0	n	n
1	70	20	40	0	n	n
1	70	20	41	0	n	n
1	70	20	42	0	n	n
1	70	20	43	0	n	n
1	70	20	44	0	n	n
1	70	20	45	0	n	n
1	70	20	46	0	n	n
1	70	20	47	0	n	n
1	70	20	48	0	n	n
1	70	20	49	0	n	n
1	70	20	50	0	n	n
1	80	1	1	31	s	n
1	80	1	2	36	s	n
1	80	1	3	37	s	n
1	80	1	4	41	s	n
1	80	1	5	46	s	n
1	80	1	6	38	s	n
1	80	1	7	47	s	n
1	80	1	8	37	s	n
1	80	1	9	37	s	n
1	80	1	10	27	s	n
1	80	1	11	28	s	n
1	80	1	12	36	s	n
1	80	1	13	31	s	n
1	80	1	14	49	s	n
1	80	1	15	47	s	n
1	80	1	16	56	s	n
1	80	1	17	48	s	n
1	80	1	18	49	s	n
1	80	1	19	48	s	n
1	80	1	20	27	n	n
1	80	1	21	42	s	d
1	80	1	22	21	n	n
1	80	1	23	17	s	n
1	80	1	24	11	n	n
1	80	1	25	15	n	n
1	80	1	26	14	n	n
1	80	1	27	16	n	n
1	80	1	28	13	n	n
1	80	1	29	1	n	n
1	80	1	30	0	n	n
1	80	1	31	0	n	n
1	80	1	32	0	n	n
1	80	1	33	0	n	n
1	80	1	34	0	n	n
1	80	1	35	0	n	n
1	80	1	36	0	n	n
1	80	1	37	0	n	n
1	80	1	38	0	n	n
1	80	1	39	0	n	n
1	80	1	40	0	n	n
1	80	1	41	0	n	n
1	80	1	42	0	n	n
1	80	1	43	0	n	n
1	80	1	44	0	n	n
1	80	1	45	0	n	n
1	80	1	46	0	n	n
1	80	1	47	0	n	n
1	80	1	48	0	n	n
1	80	1	49	0	n	n
1	80	1	50	0	n	n
1	80	2	1	39	s	n
1	80	2	2	44	s	n
1	80	2	3	41	s	n
1	80	2	4	40	s	n
1	80	2	5	41	s	n
1	80	2	6	35	s	n
1	80	2	7	39	s	n
1	80	2	8	39	s	n
1	80	2	9	40	s	n
1	80	2	10	36	s	n
1	80	2	11	34	s	n
1	80	2	12	26	s	n
1	80	2	13	31	s	n
1	80	2	14	35	s	n
1	80	2	15	49	s	d
1	80	2	16	48	s	n
1	80	2	17	41	s	n
1	80	2	18	50	s	n
1	80	2	19	35	s	n
1	80	2	20	39	n	n
1	80	2	21	36	s	n
1	80	2	22	28	n	n
1	80	2	23	25	n	n
1	80	2	24	19	n	n
1	80	2	25	19	n	n
1	80	2	26	8	n	n
1	80	2	27	4	n	n
1	80	2	28	2	n	n
1	80	2	29	1	n	n
1	80	2	30	0	n	n
1	80	2	31	0	n	n
1	80	2	32	0	n	n
1	80	2	33	2	n	n
1	80	2	34	0	n	n
1	80	2	35	0	n	n
1	80	2	36	0	n	n
1	80	2	37	0	n	n
1	80	2	38	0	n	n
1	80	2	39	0	n	n
1	80	2	40	0	n	n
1	80	2	41	0	n	n
1	80	2	42	0	n	n
1	80	2	43	0	n	n
1	80	2	44	0	n	n
1	80	2	45	0	n	n
1	80	2	46	0	n	n
1	80	2	47	0	n	n
1	80	2	48	0	n	n
1	80	2	49	0	n	n
1	80	2	50	0	n	n
1	80	3	1	34	s	n
1	80	3	2	33	s	n
1	80	3	3	41	s	n
1	80	3	4	37	s	n
1	80	3	5	42	s	n
1	80	3	6	42	s	n
1	80	3	7	42	s	n
1	80	3	8	40	s	n
1	80	3	9	34	s	n
1	80	3	10	34	s	n
1	80	3	11	37	s	n
1	80	3	12	33	s	n
1	80	3	13	37	s	n
1	80	3	14	37	n	n
1	80	3	15	35	n	n
1	80	3	16	43	s	n
1	80	3	17	35	s	n
1	80	3	18	28	s	n
1	80	3	19	36	s	n
1	80	3	20	23	s	n
1	80	3	21	28	s	n
1	80	3	22	19	n	n
1	80	3	23	27	n	n
1	80	3	24	31	n	n
1	80	3	25	23	n	n
1	80	3	26	2	n	n
1	80	3	27	18	n	n
1	80	3	28	7	n	n
1	80	3	29	8	n	n
1	80	3	30	0	n	n
1	80	3	31	0	n	n
1	80	3	32	0	n	n
1	80	3	33	0	n	n
1	80	3	34	0	n	n
1	80	3	35	0	n	n
1	80	3	36	0	n	n
1	80	3	37	0	n	n
1	80	3	38	0	n	n
1	80	3	39	0	n	n
1	80	3	40	0	n	n
1	80	3	41	0	n	n
1	80	3	42	0	n	n
1	80	3	43	0	n	n
1	80	3	44	0	n	n
1	80	3	45	0	n	n
1	80	3	46	0	n	n
1	80	3	47	0	n	n
1	80	3	48	0	n	n
1	80	3	49	0	n	n
1	80	3	50	0	n	n
1	80	4	1	33	s	n
1	80	4	2	33	s	n
1	80	4	3	35	s	n
1	80	4	4	37	s	n
1	80	4	5	43	s	n
1	80	4	6	48	s	n
1	80	4	7	31	s	n
1	80	4	8	35	s	n
1	80	4	9	28	s	n
1	80	4	10	28	s	n
1	80	4	11	21	s	n
1	80	4	12	32	s	n
1	80	4	13	33	s	n
1	80	4	14	32	n	n
1	80	4	15	40	s	d
1	80	4	16	46	s	n
1	80	4	17	34	s	n
1	80	4	18	33	s	n
1	80	4	19	38	n	n
1	80	4	20	37	n	n
1	80	4	21	11	s	n
1	80	4	22	30	n	n
1	80	4	23	26	s	n
1	80	4	24	11	n	n
1	80	4	25	11	n	n
1	80	4	26	5	n	n
1	80	4	27	14	n	n
1	80	4	28	8	n	n
1	80	4	29	2	n	n
1	80	4	30	1	n	n
1	80	4	31	0	n	n
1	80	4	32	0	n	n
1	80	4	33	0	n	n
1	80	4	34	0	n	n
1	80	4	35	0	n	n
1	80	4	36	0	n	n
1	80	4	37	0	n	n
1	80	4	38	0	n	n
1	80	4	39	0	n	n
1	80	4	40	0	n	n
1	80	4	41	0	n	n
1	80	4	42	0	n	n
1	80	4	43	0	n	n
1	80	4	44	0	n	n
1	80	4	45	0	n	n
1	80	4	46	0	n	n
1	80	4	47	0	n	n
1	80	4	48	0	n	n
1	80	4	49	0	n	n
1	80	4	50	0	n	n
1	80	5	1	35	s	n
1	80	5	2	34	s	n
1	80	5	3	29	s	n
1	80	5	4	34	s	n
1	80	5	5	44	s	n
1	80	5	6	46	s	n
1	80	5	7	42	s	n
1	80	5	8	31	s	n
1	80	5	9	36	s	n
1	80	5	10	31	s	n
1	80	5	11	33	s	n
1	80	5	12	23	s	n
1	80	5	13	29	s	n
1	80	5	14	31	s	n
1	80	5	15	23	n	n
1	80	5	16	40	s	n
1	80	5	17	36	s	n
1	80	5	18	33	s	n
1	80	5	19	41	s	n
1	80	5	20	18	s	n
1	80	5	21	13	n	n
1	80	5	22	11	n	n
1	80	5	23	13	s	n
1	80	5	24	25	n	n
1	80	5	25	9	n	n
1	80	5	26	5	n	n
1	80	5	27	0	n	n
1	80	5	28	1	n	n
1	80	5	29	1	n	n
1	80	5	30	1	n	n
1	80	5	31	1	n	n
1	80	5	32	0	n	n
1	80	5	33	0	n	n
1	80	5	34	0	n	n
1	80	5	35	0	n	n
1	80	5	36	0	n	n
1	80	5	37	0	n	n
1	80	5	38	0	n	n
1	80	5	39	0	n	n
1	80	5	40	0	n	n
1	80	5	41	0	n	n
1	80	5	42	0	n	n
1	80	5	43	0	n	n
1	80	5	44	0	n	n
1	80	5	45	0	n	n
1	80	5	46	0	n	n
1	80	5	47	0	n	n
1	80	5	48	0	n	n
1	80	5	49	0	n	n
1	80	5	50	0	n	n
1	80	6	1	31	s	n
1	80	6	2	42	s	n
1	80	6	3	30	s	n
1	80	6	4	31	s	n
1	80	6	5	44	s	n
1	80	6	6	41	s	n
1	80	6	7	41	s	n
1	80	6	8	35	s	n
1	80	6	9	38	s	n
1	80	6	10	28	s	n
1	80	6	11	25	s	n
1	80	6	12	45	s	n
1	80	6	13	27	s	n
1	80	6	14	27	s	n
1	80	6	15	24	s	n
1	80	6	16	25	s	n
1	80	6	17	39	s	n
1	80	6	18	29	s	n
1	80	6	19	28	s	n
1	80	6	20	28	s	n
1	80	6	21	16	n	n
1	80	6	22	20	n	n
1	80	6	23	14	n	n
1	80	6	24	12	n	n
1	80	6	25	5	n	n
1	80	6	26	6	n	n
1	80	6	27	3	n	n
1	80	6	28	1	n	n
1	80	6	29	0	n	n
1	80	6	30	0	n	n
1	80	6	31	0	n	n
1	80	6	32	0	n	n
1	80	6	33	0	n	n
1	80	6	34	0	n	n
1	80	6	35	0	n	n
1	80	6	36	0	n	n
1	80	6	37	0	n	n
1	80	6	38	0	n	n
1	80	6	39	0	n	n
1	80	6	40	0	n	n
1	80	6	41	0	n	n
1	80	6	42	0	n	n
1	80	6	43	0	n	n
1	80	6	44	0	n	n
1	80	6	45	0	n	n
1	80	6	46	0	n	n
1	80	6	47	0	n	n
1	80	6	48	0	n	n
1	80	6	49	0	n	n
1	80	6	50	0	n	n
1	80	7	1	37	s	n
1	80	7	2	35	s	n
1	80	7	3	39	s	n
1	80	7	4	41	s	n
1	80	7	5	40	s	n
1	80	7	6	52	s	n
1	80	7	7	42	s	n
1	80	7	8	48	s	n
1	80	7	9	32	s	n
1	80	7	10	39	s	n
1	80	7	11	28	s	n
1	80	7	12	33	s	n
1	80	7	13	31	s	n
1	80	7	14	30	s	n
1	80	7	15	19	s	n
1	80	7	16	31	s	n
1	80	7	17	52	s	n
1	80	7	18	48	s	n
1	80	7	19	40	s	n
1	80	7	20	36	n	n
1	80	7	21	32	n	n
1	80	7	22	11	n	n
1	80	7	23	23	n	n
1	80	7	24	16	n	n
1	80	7	25	6	n	n
1	80	7	26	11	n	n
1	80	7	27	1	n	n
1	80	7	28	0	n	n
1	80	7	29	0	n	n
1	80	7	30	3	n	n
1	80	7	31	0	n	n
1	80	7	32	0	n	n
1	80	7	33	0	n	n
1	80	7	34	0	n	n
1	80	7	35	0	n	n
1	80	7	36	0	n	n
1	80	7	37	0	n	n
1	80	7	38	0	n	n
1	80	7	39	0	n	n
1	80	7	40	0	n	n
1	80	7	41	0	n	n
1	80	7	42	0	n	n
1	80	7	43	0	n	n
1	80	7	44	0	n	n
1	80	7	45	0	n	n
1	80	7	46	0	n	n
1	80	7	47	0	n	n
1	80	7	48	0	n	n
1	80	7	49	0	n	n
1	80	7	50	0	n	n
1	80	8	1	33	s	n
1	80	8	2	26	s	n
1	80	8	3	35	s	n
1	80	8	4	36	s	n
1	80	8	5	45	s	n
1	80	8	6	45	s	n
1	80	8	7	42	s	n
1	80	8	8	40	s	n
1	80	8	9	49	s	n
1	80	8	10	33	s	n
1	80	8	11	19	s	n
1	80	8	12	33	s	n
1	80	8	13	40	s	n
1	80	8	14	32	n	n
1	80	8	15	41	s	n
1	80	8	16	47	s	n
1	80	8	17	22	s	n
1	80	8	18	47	s	d
1	80	8	19	40	s	d
1	80	8	20	39	s	n
1	80	8	21	22	n	n
1	80	8	22	37	n	n
1	80	8	23	16	n	n
1	80	8	24	9	n	n
1	80	8	25	24	n	n
1	80	8	26	7	n	n
1	80	8	27	0	n	n
1	80	8	28	1	n	n
1	80	8	29	0	n	n
1	80	8	30	2	n	n
1	80	8	31	0	n	n
1	80	8	32	0	n	n
1	80	8	33	0	n	n
1	80	8	34	0	n	n
1	80	8	35	0	n	n
1	80	8	36	0	n	n
1	80	8	37	0	n	n
1	80	8	38	0	n	n
1	80	8	39	0	n	n
1	80	8	40	0	n	n
1	80	8	41	0	n	n
1	80	8	42	0	n	n
1	80	8	43	0	n	n
1	80	8	44	0	n	n
1	80	8	45	0	n	n
1	80	8	46	0	n	n
1	80	8	47	0	n	n
1	80	8	48	0	n	n
1	80	8	49	0	n	n
1	80	8	50	0	n	n
1	80	9	1	30	s	n
1	80	9	2	31	s	n
1	80	9	3	32	s	n
1	80	9	4	38	s	n
1	80	9	5	34	s	n
1	80	9	6	37	s	n
1	80	9	7	29	s	n
1	80	9	8	43	s	n
1	80	9	9	30	s	n
1	80	9	10	43	s	n
1	80	9	11	30	s	n
1	80	9	12	28	s	n
1	80	9	13	34	s	n
1	80	9	14	39	s	n
1	80	9	15	33	s	n
1	80	9	16	41	s	n
1	80	9	17	41	s	d
1	80	9	18	27	n	n
1	80	9	19	34	n	n
1	80	9	20	31	s	n
1	80	9	21	28	n	n
1	80	9	22	28	n	n
1	80	9	23	7	n	n
1	80	9	24	17	n	n
1	80	9	25	5	n	n
1	80	9	26	4	n	n
1	80	9	27	1	n	n
1	80	9	28	1	n	n
1	80	9	29	1	n	n
1	80	9	30	0	n	n
1	80	9	31	0	n	n
1	80	9	32	0	n	n
1	80	9	33	0	n	n
1	80	9	34	0	n	n
1	80	9	35	0	n	n
1	80	9	36	0	n	n
1	80	9	37	0	n	n
1	80	9	38	0	n	n
1	80	9	39	0	n	n
1	80	9	40	0	n	n
1	80	9	41	0	n	n
1	80	9	42	0	n	n
1	80	9	43	0	n	n
1	80	9	44	0	n	n
1	80	9	45	0	n	n
1	80	9	46	0	n	n
1	80	9	47	0	n	n
1	80	9	48	0	n	n
1	80	9	49	0	n	n
1	80	9	50	0	n	n
1	80	10	1	33	s	n
1	80	10	2	34	s	n
1	80	10	3	32	s	n
1	80	10	4	38	s	n
1	80	10	5	30	s	n
1	80	10	6	48	s	n
1	80	10	7	40	s	n
1	80	10	8	36	s	n
1	80	10	9	31	s	n
1	80	10	10	39	s	n
1	80	10	11	31	s	n
1	80	10	12	36	s	n
1	80	10	13	28	s	n
1	80	10	14	29	s	n
1	80	10	15	40	s	n
1	80	10	16	41	s	n
1	80	10	17	32	s	n
1	80	10	18	36	n	n
1	80	10	19	35	s	n
1	80	10	20	34	n	n
1	80	10	21	29	n	n
1	80	10	22	21	n	n
1	80	10	23	31	n	n
1	80	10	24	16	n	n
1	80	10	25	6	n	n
1	80	10	26	0	n	n
1	80	10	27	4	n	n
1	80	10	28	1	n	n
1	80	10	29	0	n	n
1	80	10	30	0	n	n
1	80	10	31	0	n	n
1	80	10	32	0	n	n
1	80	10	33	0	n	n
1	80	10	34	0	n	n
1	80	10	35	0	n	n
1	80	10	36	0	n	n
1	80	10	37	0	n	n
1	80	10	38	0	n	n
1	80	10	39	0	n	n
1	80	10	40	0	n	n
1	80	10	41	0	n	n
1	80	10	42	0	n	n
1	80	10	43	0	n	n
1	80	10	44	0	n	n
1	80	10	45	0	n	n
1	80	10	46	0	n	n
1	80	10	47	0	n	n
1	80	10	48	0	n	n
1	80	10	49	0	n	n
1	80	10	50	0	n	n
1	80	11	1	39	s	n
1	80	11	2	31	s	n
1	80	11	3	28	s	n
1	80	11	4	39	s	n
1	80	11	5	42	s	n
1	80	11	6	35	s	n
1	80	11	7	35	s	n
1	80	11	8	42	s	n
1	80	11	9	30	s	n
1	80	11	10	41	s	n
1	80	11	11	46	s	n
1	80	11	12	33	s	n
1	80	11	13	24	s	n
1	80	11	14	40	s	n
1	80	11	15	36	s	n
1	80	11	16	35	s	n
1	80	11	17	31	s	n
1	80	11	18	33	s	n
1	80	11	19	25	n	n
1	80	11	20	22	n	n
1	80	11	21	34	n	n
1	80	11	22	47	s	n
1	80	11	23	37	n	n
1	80	11	24	8	n	n
1	80	11	25	4	n	n
1	80	11	26	0	n	n
1	80	11	27	4	n	n
1	80	11	28	0	n	n
1	80	11	29	0	n	n
1	80	11	30	0	n	n
1	80	11	31	0	n	n
1	80	11	32	0	n	n
1	80	11	33	0	n	n
1	80	11	34	0	n	n
1	80	11	35	0	n	n
1	80	11	36	0	n	n
1	80	11	37	0	n	n
1	80	11	38	0	n	n
1	80	11	39	0	n	n
1	80	11	40	0	n	n
1	80	11	41	0	n	n
1	80	11	42	0	n	n
1	80	11	43	0	n	n
1	80	11	44	0	n	n
1	80	11	45	0	n	n
1	80	11	46	0	n	n
1	80	11	47	0	n	n
1	80	11	48	0	n	n
1	80	11	49	0	n	n
1	80	11	50	0	n	n
1	80	12	1	37	s	n
1	80	12	2	31	s	n
1	80	12	3	37	s	n
1	80	12	4	30	s	n
1	80	12	5	34	s	n
1	80	12	6	29	s	n
1	80	12	7	37	s	n
1	80	12	8	38	s	n
1	80	12	9	38	s	n
1	80	12	10	44	s	n
1	80	12	11	37	s	n
1	80	12	12	27	s	n
1	80	12	13	29	s	n
1	80	12	14	27	s	n
1	80	12	15	37	s	n
1	80	12	16	32	s	n
1	80	12	17	43	s	n
1	80	12	18	34	s	n
1	80	12	19	28	s	n
1	80	12	20	15	s	n
1	80	12	21	30	n	n
1	80	12	22	25	n	n
1	80	12	23	9	n	n
1	80	12	24	13	n	n
1	80	12	25	4	n	n
1	80	12	26	1	n	n
1	80	12	27	0	n	n
1	80	12	28	1	n	n
1	80	12	29	0	n	n
1	80	12	30	0	n	n
1	80	12	31	0	n	n
1	80	12	32	0	n	n
1	80	12	33	0	n	n
1	80	12	34	0	n	n
1	80	12	35	0	n	n
1	80	12	36	0	n	n
1	80	12	37	0	n	n
1	80	12	38	0	n	n
1	80	12	39	0	n	n
1	80	12	40	0	n	n
1	80	12	41	0	n	n
1	80	12	42	0	n	n
1	80	12	43	0	n	n
1	80	12	44	0	n	n
1	80	12	45	0	n	n
1	80	12	46	0	n	n
1	80	12	47	0	n	n
1	80	12	48	0	n	n
1	80	12	49	0	n	n
1	80	12	50	0	n	n
1	80	13	1	38	s	n
1	80	13	2	36	s	n
1	80	13	3	31	s	n
1	80	13	4	31	s	n
1	80	13	5	31	s	n
1	80	13	6	30	s	n
1	80	13	7	32	s	n
1	80	13	8	33	s	n
1	80	13	9	36	s	n
1	80	13	10	39	s	n
1	80	13	11	40	s	n
1	80	13	12	35	s	n
1	80	13	13	44	s	n
1	80	13	14	48	s	n
1	80	13	15	24	s	n
1	80	13	16	28	s	n
1	80	13	17	46	s	n
1	80	13	18	26	s	n
1	80	13	19	27	n	n
1	80	13	20	27	n	n
1	80	13	21	23	n	n
1	80	13	22	6	n	n
1	80	13	23	16	n	n
1	80	13	24	0	n	n
1	80	13	25	3	n	n
1	80	13	26	1	n	n
1	80	13	27	0	n	n
1	80	13	28	0	n	n
1	80	13	29	0	n	n
1	80	13	30	0	n	n
1	80	13	31	0	n	n
1	80	13	32	0	n	n
1	80	13	33	0	n	n
1	80	13	34	0	n	n
1	80	13	35	0	n	n
1	80	13	36	0	n	n
1	80	13	37	0	n	n
1	80	13	38	0	n	n
1	80	13	39	0	n	n
1	80	13	40	0	n	n
1	80	13	41	0	n	n
1	80	13	42	0	n	n
1	80	13	43	0	n	n
1	80	13	44	0	n	n
1	80	13	45	0	n	n
1	80	13	46	0	n	n
1	80	13	47	0	n	n
1	80	13	48	0	n	n
1	80	13	49	0	n	n
1	80	13	50	0	n	n
1	80	14	1	26	s	n
1	80	14	2	35	s	n
1	80	14	3	30	s	n
1	80	14	4	20	s	n
1	80	14	5	30	s	n
1	80	14	6	39	s	n
1	80	14	7	32	s	n
1	80	14	8	31	s	n
1	80	14	9	31	s	n
1	80	14	10	38	s	n
1	80	14	11	37	s	n
1	80	14	12	32	s	n
1	80	14	13	21	s	n
1	80	14	14	33	s	n
1	80	14	15	24	s	n
1	80	14	16	33	n	n
1	80	14	17	29	n	n
1	80	14	18	40	s	d
1	80	14	19	31	n	n
1	80	14	20	34	n	n
1	80	14	21	19	n	n
1	80	14	22	13	n	n
1	80	14	23	19	n	n
1	80	14	24	0	n	n
1	80	14	25	0	n	n
1	80	14	26	0	n	n
1	80	14	27	0	n	n
1	80	14	28	0	n	n
1	80	14	29	1	n	n
1	80	14	30	0	n	n
1	80	14	31	0	n	n
1	80	14	32	0	n	n
1	80	14	33	0	n	n
1	80	14	34	0	n	n
1	80	14	35	0	n	n
1	80	14	36	0	n	n
1	80	14	37	0	n	n
1	80	14	38	0	n	n
1	80	14	39	0	n	n
1	80	14	40	0	n	n
1	80	14	41	0	n	n
1	80	14	42	0	n	n
1	80	14	43	0	n	n
1	80	14	44	0	n	n
1	80	14	45	0	n	n
1	80	14	46	0	n	n
1	80	14	47	0	n	n
1	80	14	48	0	n	n
1	80	14	49	0	n	n
1	80	14	50	0	n	n
1	80	15	1	33	s	n
1	80	15	2	28	s	n
1	80	15	3	34	s	n
1	80	15	4	33	s	n
1	80	15	5	37	s	n
1	80	15	6	32	s	n
1	80	15	7	41	s	n
1	80	15	8	31	s	n
1	80	15	9	32	s	n
1	80	15	10	28	s	n
1	80	15	11	48	s	n
1	80	15	12	27	s	n
1	80	15	13	21	s	n
1	80	15	14	22	n	n
1	80	15	15	31	n	n
1	80	15	16	19	s	n
1	80	15	17	38	s	n
1	80	15	18	34	s	n
1	80	15	19	15	n	n
1	80	15	20	21	s	n
1	80	15	21	7	n	n
1	80	15	22	16	n	n
1	80	15	23	12	n	n
1	80	15	24	3	n	n
1	80	15	25	0	n	n
1	80	15	26	0	n	n
1	80	15	27	0	n	n
1	80	15	28	0	n	n
1	80	15	29	0	n	n
1	80	15	30	0	n	n
1	80	15	31	0	n	n
1	80	15	32	0	n	n
1	80	15	33	0	n	n
1	80	15	34	0	n	n
1	80	15	35	0	n	n
1	80	15	36	0	n	n
1	80	15	37	0	n	n
1	80	15	38	0	n	n
1	80	15	39	0	n	n
1	80	15	40	0	n	n
1	80	15	41	0	n	n
1	80	15	42	0	n	n
1	80	15	43	0	n	n
1	80	15	44	0	n	n
1	80	15	45	0	n	n
1	80	15	46	0	n	n
1	80	15	47	0	n	n
1	80	15	48	0	n	n
1	80	15	49	0	n	n
1	80	15	50	0	n	n
1	80	16	1	36	s	n
1	80	16	2	44	s	n
1	80	16	3	34	s	n
1	80	16	4	40	s	n
1	80	16	5	45	s	n
1	80	16	6	30	s	n
1	80	16	7	36	s	n
1	80	16	8	27	s	n
1	80	16	9	28	s	n
1	80	16	10	28	s	n
1	80	16	11	24	s	n
1	80	16	12	26	s	n
1	80	16	13	31	s	n
1	80	16	14	30	s	n
1	80	16	15	18	n	n
1	80	16	16	19	n	n
1	80	16	17	25	s	n
1	80	16	18	38	n	n
1	80	16	19	17	s	n
1	80	16	20	17	s	n
1	80	16	21	12	s	n
1	80	16	22	10	n	n
1	80	16	23	9	n	n
1	80	16	24	11	n	n
1	80	16	25	5	n	n
1	80	16	26	0	n	n
1	80	16	27	0	n	n
1	80	16	28	0	n	n
1	80	16	29	0	n	n
1	80	16	30	0	n	n
1	80	16	31	0	n	n
1	80	16	32	0	n	n
1	80	16	33	0	n	n
1	80	16	34	0	n	n
1	80	16	35	0	n	n
1	80	16	36	0	n	n
1	80	16	37	0	n	n
1	80	16	38	0	n	n
1	80	16	39	0	n	n
1	80	16	40	0	n	n
1	80	16	41	0	n	n
1	80	16	42	0	n	n
1	80	16	43	0	n	n
1	80	16	44	0	n	n
1	80	16	45	0	n	n
1	80	16	46	0	n	n
1	80	16	47	0	n	n
1	80	16	48	0	n	n
1	80	16	49	0	n	n
1	80	16	50	0	n	n
1	80	17	1	40	s	n
1	80	17	2	40	s	n
1	80	17	3	41	s	n
1	80	17	4	46	s	n
1	80	17	5	32	s	n
1	80	17	6	24	s	n
1	80	17	7	32	s	n
1	80	17	8	32	s	n
1	80	17	9	40	s	n
1	80	17	10	41	s	n
1	80	17	11	34	s	n
1	80	17	12	31	s	n
1	80	17	13	26	s	n
1	80	17	14	20	s	n
1	80	17	15	20	s	n
1	80	17	16	36	s	n
1	80	17	17	17	s	n
1	80	17	18	27	s	n
1	80	17	19	15	s	n
1	80	17	20	7	n	n
1	80	17	21	12	n	n
1	80	17	22	11	n	n
1	80	17	23	7	n	n
1	80	17	24	4	n	n
1	80	17	25	6	n	n
1	80	17	26	0	n	n
1	80	17	27	0	n	n
1	80	17	28	0	n	n
1	80	17	29	0	n	n
1	80	17	30	0	n	n
1	80	17	31	0	n	n
1	80	17	32	0	n	n
1	80	17	33	0	n	n
1	80	17	34	0	n	n
1	80	17	35	0	n	n
1	80	17	36	0	n	n
1	80	17	37	0	n	n
1	80	17	38	0	n	n
1	80	17	39	0	n	n
1	80	17	40	0	n	n
1	80	17	41	0	n	n
1	80	17	42	0	n	n
1	80	17	43	0	n	n
1	80	17	44	0	n	n
1	80	17	45	0	n	n
1	80	17	46	0	n	n
1	80	17	47	0	n	n
1	80	17	48	0	n	n
1	80	17	49	0	n	n
1	80	17	50	0	n	n
1	80	18	1	36	s	n
1	80	18	2	52	s	n
1	80	18	3	44	s	n
1	80	18	4	41	s	n
1	80	18	5	35	s	n
1	80	18	6	31	s	n
1	80	18	7	26	s	n
1	80	18	8	43	s	n
1	80	18	9	53	s	n
1	80	18	10	40	s	n
1	80	18	11	29	s	n
1	80	18	12	50	s	n
1	80	18	13	21	s	n
1	80	18	14	29	s	n
1	80	18	15	28	n	n
1	80	18	16	18	s	n
1	80	18	17	12	s	n
1	80	18	18	24	n	n
1	80	18	19	13	s	n
1	80	18	20	10	n	n
1	80	18	21	9	n	n
1	80	18	22	19	n	n
1	80	18	23	16	n	n
1	80	18	24	6	n	n
1	80	18	25	1	n	n
1	80	18	26	5	n	n
1	80	18	27	1	n	n
1	80	18	28	0	n	n
1	80	18	29	0	n	n
1	80	18	30	0	n	n
1	80	18	31	0	n	n
1	80	18	32	0	n	n
1	80	18	33	0	n	n
1	80	18	34	0	n	n
1	80	18	35	0	n	n
1	80	18	36	0	n	n
1	80	18	37	0	n	n
1	80	18	38	0	n	n
1	80	18	39	0	n	n
1	80	18	40	0	n	n
1	80	18	41	0	n	n
1	80	18	42	0	n	n
1	80	18	43	0	n	n
1	80	18	44	0	n	n
1	80	18	45	0	n	n
1	80	18	46	0	n	n
1	80	18	47	0	n	n
1	80	18	48	0	n	n
1	80	18	49	0	n	n
1	80	18	50	0	n	n
1	80	19	1	49	s	n
1	80	19	2	47	s	n
1	80	19	3	47	s	n
1	80	19	4	44	s	n
1	80	19	5	34	s	n
1	80	19	6	32	s	n
1	80	19	7	38	s	n
1	80	19	8	36	s	n
1	80	19	9	30	s	n
1	80	19	10	34	s	n
1	80	19	11	45	s	n
1	80	19	12	28	s	n
1	80	19	13	25	s	n
1	80	19	14	20	n	n
1	80	19	15	13	s	n
1	80	19	16	29	s	n
1	80	19	17	9	s	n
1	80	19	18	24	n	n
1	80	19	19	15	n	n
1	80	19	20	7	n	n
1	80	19	21	9	n	n
1	80	19	22	25	n	n
1	80	19	23	9	n	n
1	80	19	24	15	n	n
1	80	19	25	8	n	n
1	80	19	26	2	n	n
1	80	19	27	3	n	n
1	80	19	28	0	n	n
1	80	19	29	0	n	n
1	80	19	30	0	n	n
1	80	19	31	0	n	n
1	80	19	32	0	n	n
1	80	19	33	0	n	n
1	80	19	34	0	n	n
1	80	19	35	0	n	n
1	80	19	36	0	n	n
1	80	19	37	0	n	n
1	80	19	38	0	n	n
1	80	19	39	0	n	n
1	80	19	40	0	n	n
1	80	19	41	0	n	n
1	80	19	42	0	n	n
1	80	19	43	0	n	n
1	80	19	44	0	n	n
1	80	19	45	0	n	n
1	80	19	46	0	n	n
1	80	19	47	0	n	n
1	80	19	48	0	n	n
1	80	19	49	0	n	n
1	80	19	50	0	n	n
1	80	20	1	37	s	n
1	80	20	2	52	s	n
1	80	20	3	42	s	n
1	80	20	4	47	s	n
1	80	20	5	33	s	n
1	80	20	6	38	s	n
1	80	20	7	37	s	n
1	80	20	8	35	s	n
1	80	20	9	29	s	n
1	80	20	10	32	s	n
1	80	20	11	46	s	n
1	80	20	12	33	s	n
1	80	20	13	32	s	n
1	80	20	14	23	s	n
1	80	20	15	19	s	n
1	80	20	16	13	s	n
1	80	20	17	15	s	n
1	80	20	18	9	s	n
1	80	20	19	16	n	n
1	80	20	20	9	n	n
1	80	20	21	18	n	n
1	80	20	22	21	n	n
1	80	20	23	14	n	n
1	80	20	24	20	n	n
1	80	20	25	1	n	n
1	80	20	26	19	n	n
1	80	20	27	0	n	n
1	80	20	28	2	n	n
1	80	20	29	1	n	n
1	80	20	30	0	n	n
1	80	20	31	0	n	n
1	80	20	32	0	n	n
1	80	20	33	0	n	n
1	80	20	34	0	n	n
1	80	20	35	0	n	n
1	80	20	36	0	n	n
1	80	20	37	0	n	n
1	80	20	38	0	n	n
1	80	20	39	0	n	n
1	80	20	40	0	n	n
1	80	20	41	0	n	n
1	80	20	42	0	n	n
1	80	20	43	0	n	n
1	80	20	44	0	n	n
1	80	20	45	0	n	n
1	80	20	46	0	n	n
1	80	20	47	0	n	n
1	80	20	48	0	n	n
1	80	20	49	0	n	n
1	80	20	50	0	n	n
1	90	1	1	42	s	n
1	90	1	2	45	s	n
1	90	1	3	37	s	n
1	90	1	4	36	s	n
1	90	1	5	37	s	n
1	90	1	6	33	s	n
1	90	1	7	33	s	n
1	90	1	8	45	s	n
1	90	1	9	29	s	n
1	90	1	10	32	s	n
1	90	1	11	32	s	n
1	90	1	12	30	s	n
1	90	1	13	38	s	n
1	90	1	14	42	s	n
1	90	1	15	58	s	n
1	90	1	16	39	s	n
1	90	1	17	41	s	n
1	90	1	18	41	s	n
1	90	1	19	42	s	n
1	90	1	20	33	s	n
1	90	1	21	35	s	n
1	90	1	22	34	s	n
1	90	1	23	39	s	n
1	90	1	24	38	s	n
1	90	1	25	26	s	n
1	90	1	26	34	s	n
1	90	1	27	12	n	n
1	90	1	28	13	n	n
1	90	1	29	12	n	n
1	90	1	30	8	n	n
1	90	1	31	11	n	n
1	90	1	32	4	n	n
1	90	1	33	0	n	n
1	90	1	34	0	n	n
1	90	1	35	0	n	n
1	90	1	36	0	n	n
1	90	1	37	0	n	n
1	90	1	38	1	n	n
1	90	1	39	1	n	n
1	90	1	40	0	n	n
1	90	1	41	0	n	n
1	90	1	42	0	n	n
1	90	1	43	0	n	n
1	90	1	44	0	n	n
1	90	1	45	0	n	n
1	90	1	46	0	n	n
1	90	1	47	0	n	n
1	90	1	48	0	n	n
1	90	1	49	0	n	n
1	90	1	50	0	n	n
1	90	2	1	44	s	n
1	90	2	2	41	s	n
1	90	2	3	47	s	n
1	90	2	4	37	s	n
1	90	2	5	34	s	n
1	90	2	6	32	s	n
1	90	2	7	34	s	n
1	90	2	8	52	s	n
1	90	2	9	33	s	n
1	90	2	10	33	s	n
1	90	2	11	36	s	n
1	90	2	12	33	s	n
1	90	2	13	38	s	n
1	90	2	14	49	s	n
1	90	2	15	40	s	n
1	90	2	16	41	s	n
1	90	2	17	41	s	n
1	90	2	18	29	s	n
1	90	2	19	21	s	n
1	90	2	20	30	s	n
1	90	2	21	37	s	n
1	90	2	22	36	s	n
1	90	2	23	26	s	n
1	90	2	24	26	s	n
1	90	2	25	28	s	n
1	90	2	26	23	n	n
1	90	2	27	16	s	n
1	90	2	28	11	n	n
1	90	2	29	8	n	n
1	90	2	30	6	n	n
1	90	2	31	5	n	n
1	90	2	32	4	n	n
1	90	2	33	1	n	n
1	90	2	34	4	n	n
1	90	2	35	0	n	n
1	90	2	36	0	n	n
1	90	2	37	1	n	n
1	90	2	38	1	n	n
1	90	2	39	2	n	n
1	90	2	40	0	n	n
1	90	2	41	0	n	n
1	90	2	42	0	n	n
1	90	2	43	0	n	n
1	90	2	44	0	n	n
1	90	2	45	0	n	n
1	90	2	46	0	n	n
1	90	2	47	0	n	n
1	90	2	48	0	n	n
1	90	2	49	0	n	n
1	90	2	50	0	n	n
1	90	3	1	39	s	n
1	90	3	2	44	s	n
1	90	3	3	42	s	n
1	90	3	4	33	s	n
1	90	3	5	34	s	n
1	90	3	6	34	s	n
1	90	3	7	26	s	n
1	90	3	8	29	s	n
1	90	3	9	32	s	n
1	90	3	10	32	s	n
1	90	3	11	35	s	n
1	90	3	12	42	s	n
1	90	3	13	37	s	n
1	90	3	14	39	s	n
1	90	3	15	41	s	n
1	90	3	16	31	s	n
1	90	3	17	42	s	n
1	90	3	18	43	s	n
1	90	3	19	38	s	n
1	90	3	20	41	s	n
1	90	3	21	39	s	n
1	90	3	22	29	n	n
1	90	3	23	38	s	n
1	90	3	24	21	n	n
1	90	3	25	22	n	n
1	90	3	26	27	n	n
1	90	3	27	41	s	n
1	90	3	28	13	n	n
1	90	3	29	2	n	n
1	90	3	30	5	n	n
1	90	3	31	1	n	n
1	90	3	32	5	n	n
1	90	3	33	0	n	n
1	90	3	34	2	n	n
1	90	3	35	0	n	n
1	90	3	36	0	n	n
1	90	3	37	0	n	n
1	90	3	38	0	n	n
1	90	3	39	0	n	n
1	90	3	40	0	n	n
1	90	3	41	0	n	n
1	90	3	42	0	n	n
1	90	3	43	0	n	n
1	90	3	44	0	n	n
1	90	3	45	0	n	n
1	90	3	46	0	n	n
1	90	3	47	0	n	n
1	90	3	48	0	n	n
1	90	3	49	0	n	n
1	90	3	50	0	n	n
1	90	4	1	36	s	n
1	90	4	2	36	s	n
1	90	4	3	33	s	n
1	90	4	4	30	s	n
1	90	4	5	34	s	n
1	90	4	6	32	s	n
1	90	4	7	39	s	n
1	90	4	8	32	s	n
1	90	4	9	28	s	n
1	90	4	10	28	s	n
1	90	4	11	33	s	n
1	90	4	12	36	s	n
1	90	4	13	36	n	n
1	90	4	14	40	s	n
1	90	4	15	32	s	n
1	90	4	16	40	s	n
1	90	4	17	27	s	n
1	90	4	18	40	s	n
1	90	4	19	24	s	n
1	90	4	20	36	s	n
1	90	4	21	28	s	n
1	90	4	22	34	n	n
1	90	4	23	45	s	d
1	90	4	24	31	s	n
1	90	4	25	30	s	n
1	90	4	26	28	s	n
1	90	4	27	27	n	n
1	90	4	28	3	s	n
1	90	4	29	5	n	n
1	90	4	30	4	n	n
1	90	4	31	1	n	n
1	90	4	32	3	n	n
1	90	4	33	7	n	n
1	90	4	34	4	n	n
1	90	4	35	4	n	n
1	90	4	36	0	n	n
1	90	4	37	0	n	n
1	90	4	38	0	n	n
1	90	4	39	0	n	n
1	90	4	40	0	n	n
1	90	4	41	0	n	n
1	90	4	42	0	n	n
1	90	4	43	0	n	n
1	90	4	44	0	n	n
1	90	4	45	0	n	n
1	90	4	46	0	n	n
1	90	4	47	0	n	n
1	90	4	48	0	n	n
1	90	4	49	0	n	n
1	90	4	50	0	n	n
1	90	5	1	39	s	n
1	90	5	2	35	s	n
1	90	5	3	35	s	n
1	90	5	4	37	s	n
1	90	5	5	25	s	n
1	90	5	6	31	s	n
1	90	5	7	27	s	n
1	90	5	8	29	s	n
1	90	5	9	31	s	n
1	90	5	10	41	s	n
1	90	5	11	41	s	n
1	90	5	12	34	s	n
1	90	5	13	34	n	n
1	90	5	14	44	s	n
1	90	5	15	33	s	n
1	90	5	16	31	s	n
1	90	5	17	38	s	n
1	90	5	18	35	s	n
1	90	5	19	60	s	n
1	90	5	20	30	s	n
1	90	5	21	40	s	n
1	90	5	22	28	s	n
1	90	5	23	45	s	n
1	90	5	24	33	n	n
1	90	5	25	40	s	n
1	90	5	26	39	s	n
1	90	5	27	5	n	n
1	90	5	28	24	s	n
1	90	5	29	4	n	n
1	90	5	30	4	n	n
1	90	5	31	1	n	n
1	90	5	32	4	n	n
1	90	5	33	1	n	n
1	90	5	34	6	n	n
1	90	5	35	1	n	n
1	90	5	36	0	n	n
1	90	5	37	0	n	n
1	90	5	38	0	n	n
1	90	5	39	0	n	n
1	90	5	40	0	n	n
1	90	5	41	0	n	n
1	90	5	42	0	n	n
1	90	5	43	0	n	n
1	90	5	44	0	n	n
1	90	5	45	0	n	n
1	90	5	46	0	n	n
1	90	5	47	0	n	n
1	90	5	48	0	n	n
1	90	5	49	0	n	n
1	90	5	50	0	n	n
1	90	6	1	37	s	n
1	90	6	2	38	s	n
1	90	6	3	37	s	n
1	90	6	4	28	s	n
1	90	6	5	25	s	n
1	90	6	6	20	s	n
1	90	6	7	28	s	n
1	90	6	8	19	s	n
1	90	6	9	35	s	n
1	90	6	10	27	s	n
1	90	6	11	49	s	n
1	90	6	12	42	s	n
1	90	6	13	39	s	n
1	90	6	14	42	s	n
1	90	6	15	35	s	n
1	90	6	16	36	s	n
1	90	6	17	38	s	n
1	90	6	18	41	s	n
1	90	6	19	28	s	n
1	90	6	20	50	s	n
1	90	6	21	24	s	n
1	90	6	22	29	s	n
1	90	6	23	36	s	n
1	90	6	24	16	n	n
1	90	6	25	20	n	n
1	90	6	26	36	s	n
1	90	6	27	31	n	n
1	90	6	28	7	n	n
1	90	6	29	2	n	n
1	90	6	30	1	n	n
1	90	6	31	3	n	n
1	90	6	32	1	n	n
1	90	6	33	6	n	n
1	90	6	34	0	n	n
1	90	6	35	4	n	n
1	90	6	36	1	n	n
1	90	6	37	0	n	n
1	90	6	38	0	n	n
1	90	6	39	0	n	n
1	90	6	40	0	n	n
1	90	6	41	0	n	n
1	90	6	42	0	n	n
1	90	6	43	0	n	n
1	90	6	44	0	n	n
1	90	6	45	0	n	n
1	90	6	46	0	n	n
1	90	6	47	0	n	n
1	90	6	48	0	n	n
1	90	6	49	0	n	n
1	90	6	50	0	n	n
1	90	7	1	46	s	n
1	90	7	2	30	s	n
1	90	7	3	40	s	n
1	90	7	4	30	s	n
1	90	7	5	40	s	n
1	90	7	6	27	s	n
1	90	7	7	35	s	n
1	90	7	8	22	s	n
1	90	7	9	18	s	n
1	90	7	10	35	s	n
1	90	7	11	38	s	n
1	90	7	12	28	n	n
1	90	7	13	44	s	n
1	90	7	14	43	s	n
1	90	7	15	32	s	n
1	90	7	16	32	s	n
1	90	7	17	44	s	n
1	90	7	18	33	s	n
1	90	7	19	27	s	n
1	90	7	20	31	s	n
1	90	7	21	35	s	n
1	90	7	22	35	n	n
1	90	7	23	22	s	n
1	90	7	24	11	s	n
1	90	7	25	19	s	n
1	90	7	26	32	s	n
1	90	7	27	13	n	n
1	90	7	28	12	n	n
1	90	7	29	4	n	n
1	90	7	30	7	n	n
1	90	7	31	5	n	n
1	90	7	32	3	n	n
1	90	7	33	7	n	n
1	90	7	34	0	n	n
1	90	7	35	0	n	n
1	90	7	36	1	n	n
1	90	7	37	0	n	n
1	90	7	38	0	n	n
1	90	7	39	0	n	n
1	90	7	40	0	n	n
1	90	7	41	0	n	n
1	90	7	42	0	n	n
1	90	7	43	0	n	n
1	90	7	44	0	n	n
1	90	7	45	0	n	n
1	90	7	46	0	n	n
1	90	7	47	0	n	n
1	90	7	48	0	n	n
1	90	7	49	0	n	n
1	90	7	50	0	n	n
1	90	8	1	45	s	n
1	90	8	2	37	s	n
1	90	8	3	40	s	n
1	90	8	4	32	s	n
1	90	8	5	28	s	n
1	90	8	6	30	s	n
1	90	8	7	29	s	n
1	90	8	8	26	s	n
1	90	8	9	31	s	n
1	90	8	10	38	s	n
1	90	8	11	28	s	n
1	90	8	12	25	s	n
1	90	8	13	39	s	n
1	90	8	14	49	s	n
1	90	8	15	41	s	n
1	90	8	16	49	s	n
1	90	8	17	63	s	n
1	90	8	18	56	s	n
1	90	8	19	25	s	n
1	90	8	20	45	s	n
1	90	8	21	42	s	d
1	90	8	22	22	n	n
1	90	8	23	34	n	n
1	90	8	24	32	n	n
1	90	8	25	13	n	n
1	90	8	26	7	n	n
1	90	8	27	10	n	n
1	90	8	28	5	n	n
1	90	8	29	6	n	n
1	90	8	30	6	n	n
1	90	8	31	7	n	n
1	90	8	32	4	n	n
1	90	8	33	2	n	n
1	90	8	34	4	n	n
1	90	8	35	0	n	n
1	90	8	36	0	n	n
1	90	8	37	0	n	n
1	90	8	38	0	n	n
1	90	8	39	0	n	n
1	90	8	40	0	n	n
1	90	8	41	0	n	n
1	90	8	42	0	n	n
1	90	8	43	0	n	n
1	90	8	44	0	n	n
1	90	8	45	0	n	n
1	90	8	46	0	n	n
1	90	8	47	0	n	n
1	90	8	48	0	n	n
1	90	8	49	0	n	n
1	90	8	50	0	n	n
1	90	9	1	46	s	n
1	90	9	2	48	s	n
1	90	9	3	29	s	n
1	90	9	4	31	s	n
1	90	9	5	31	s	n
1	90	9	6	32	s	n
1	90	9	7	30	s	n
1	90	9	8	28	s	n
1	90	9	9	35	s	n
1	90	9	10	26	s	n
1	90	9	11	34	s	n
1	90	9	12	43	s	n
1	90	9	13	40	s	n
1	90	9	14	46	s	n
1	90	9	15	37	s	n
1	90	9	16	39	s	n
1	90	9	17	56	s	n
1	90	9	18	42	s	n
1	90	9	19	33	s	n
1	90	9	20	30	s	n
1	90	9	21	34	s	n
1	90	9	22	21	s	n
1	90	9	23	32	s	n
1	90	9	24	19	s	n
1	90	9	25	15	s	n
1	90	9	26	6	n	n
1	90	9	27	8	s	n
1	90	9	28	6	n	n
1	90	9	29	5	s	n
1	90	9	30	4	n	n
1	90	9	31	1	n	n
1	90	9	32	1	n	n
1	90	9	33	0	n	n
1	90	9	34	0	n	n
1	90	9	35	0	n	n
1	90	9	36	0	n	n
1	90	9	37	0	n	n
1	90	9	38	0	n	n
1	90	9	39	0	n	n
1	90	9	40	0	n	n
1	90	9	41	0	n	n
1	90	9	42	0	n	n
1	90	9	43	0	n	n
1	90	9	44	0	n	n
1	90	9	45	0	n	n
1	90	9	46	0	n	n
1	90	9	47	0	n	n
1	90	9	48	0	n	n
1	90	9	49	0	n	n
1	90	9	50	0	n	n
1	90	10	1	35	s	n
1	90	10	2	24	s	n
1	90	10	3	30	s	n
1	90	10	4	26	s	n
1	90	10	5	22	s	n
1	90	10	6	45	s	n
1	90	10	7	30	s	n
1	90	10	8	26	s	n
1	90	10	9	33	s	n
1	90	10	10	29	s	n
1	90	10	11	30	s	n
1	90	10	12	28	s	n
1	90	10	13	48	s	n
1	90	10	14	45	s	n
1	90	10	15	36	s	n
1	90	10	16	48	s	n
1	90	10	17	35	s	n
1	90	10	18	39	s	n
1	90	10	19	30	s	n
1	90	10	20	35	s	n
1	90	10	21	32	s	n
1	90	10	22	35	n	n
1	90	10	23	24	s	n
1	90	10	24	23	s	n
1	90	10	25	3	n	n
1	90	10	26	24	n	n
1	90	10	27	2	n	n
1	90	10	28	1	n	n
1	90	10	29	1	n	n
1	90	10	30	3	n	n
1	90	10	31	9	s	n
1	90	10	32	1	n	n
1	90	10	33	0	n	n
1	90	10	34	0	n	n
1	90	10	35	0	n	n
1	90	10	36	0	n	n
1	90	10	37	0	n	n
1	90	10	38	0	n	n
1	90	10	39	0	n	n
1	90	10	40	0	n	n
1	90	10	41	0	n	n
1	90	10	42	0	n	n
1	90	10	43	0	n	n
1	90	10	44	0	n	n
1	90	10	45	0	n	n
1	90	10	46	0	n	n
1	90	10	47	0	n	n
1	90	10	48	0	n	n
1	90	10	49	0	n	n
1	90	10	50	0	n	n
1	90	11	1	37	s	n
1	90	11	2	32	s	n
1	90	11	3	36	s	n
1	90	11	4	32	s	n
1	90	11	5	27	s	n
1	90	11	6	34	s	n
1	90	11	7	41	s	n
1	90	11	8	40	s	n
1	90	11	9	23	s	n
1	90	11	10	36	s	n
1	90	11	11	31	s	n
1	90	11	12	39	s	n
1	90	11	13	27	s	n
1	90	11	14	30	s	n
1	90	11	15	39	s	n
1	90	11	16	43	s	n
1	90	11	17	39	s	n
1	90	11	18	23	s	n
1	90	11	19	37	n	n
1	90	11	20	31	s	n
1	90	11	21	22	s	n
1	90	11	22	33	n	n
1	90	11	23	24	n	n
1	90	11	24	31	s	n
1	90	11	25	6	n	n
1	90	11	26	5	n	n
1	90	11	27	2	n	n
1	90	11	28	3	n	n
1	90	11	29	0	n	n
1	90	11	30	0	n	n
1	90	11	31	0	n	n
1	90	11	32	0	n	n
1	90	11	33	0	n	n
1	90	11	34	0	n	n
1	90	11	35	0	n	n
1	90	11	36	0	n	n
1	90	11	37	0	n	n
1	90	11	38	0	n	n
1	90	11	39	0	n	n
1	90	11	40	0	n	n
1	90	11	41	0	n	n
1	90	11	42	0	n	n
1	90	11	43	0	n	n
1	90	11	44	0	n	n
1	90	11	45	0	n	n
1	90	11	46	0	n	n
1	90	11	47	0	n	n
1	90	11	48	0	n	n
1	90	11	49	0	n	n
1	90	11	50	0	n	n
1	90	12	1	24	s	n
1	90	12	2	34	s	n
1	90	12	3	28	s	n
1	90	12	4	32	s	n
1	90	12	5	31	s	n
1	90	12	6	26	s	n
1	90	12	7	27	s	n
1	90	12	8	26	s	n
1	90	12	9	27	s	n
1	90	12	10	30	s	n
1	90	12	11	38	s	n
1	90	12	12	21	s	n
1	90	12	13	28	s	n
1	90	12	14	34	s	n
1	90	12	15	30	s	n
1	90	12	16	36	s	n
1	90	12	17	28	s	n
1	90	12	18	26	s	n
1	90	12	19	33	s	n
1	90	12	20	25	s	n
1	90	12	21	32	n	n
1	90	12	22	28	n	n
1	90	12	23	27	n	n
1	90	12	24	33	s	n
1	90	12	25	17	n	n
1	90	12	26	15	n	n
1	90	12	27	7	n	n
1	90	12	28	2	n	n
1	90	12	29	1	n	n
1	90	12	30	2	n	n
1	90	12	31	2	n	n
1	90	12	32	0	n	n
1	90	12	33	0	n	n
1	90	12	34	0	n	n
1	90	12	35	0	n	n
1	90	12	36	0	n	n
1	90	12	37	0	n	n
1	90	12	38	0	n	n
1	90	12	39	0	n	n
1	90	12	40	0	n	n
1	90	12	41	0	n	n
1	90	12	42	0	n	n
1	90	12	43	0	n	n
1	90	12	44	0	n	n
1	90	12	45	0	n	n
1	90	12	46	0	n	n
1	90	12	47	0	n	n
1	90	12	48	0	n	n
1	90	12	49	0	n	n
1	90	12	50	0	n	n
1	90	13	1	26	s	n
1	90	13	2	30	s	n
1	90	13	3	35	s	n
1	90	13	4	28	s	n
1	90	13	5	27	s	n
1	90	13	6	28	s	n
1	90	13	7	30	s	n
1	90	13	8	38	s	n
1	90	13	9	27	s	n
1	90	13	10	34	s	n
1	90	13	11	33	s	n
1	90	13	12	22	s	n
1	90	13	13	28	s	n
1	90	13	14	26	s	n
1	90	13	15	30	s	n
1	90	13	16	30	s	n
1	90	13	17	17	s	n
1	90	13	18	32	s	n
1	90	13	19	24	s	n
1	90	13	20	27	s	n
1	90	13	21	39	n	n
1	90	13	22	24	s	n
1	90	13	23	20	n	n
1	90	13	24	18	n	n
1	90	13	25	26	n	n
1	90	13	26	4	n	n
1	90	13	27	6	n	n
1	90	13	28	3	n	n
1	90	13	29	2	n	n
1	90	13	30	1	n	n
1	90	13	31	0	n	n
1	90	13	32	0	n	n
1	90	13	33	0	n	n
1	90	13	34	0	n	n
1	90	13	35	0	n	n
1	90	13	36	0	n	n
1	90	13	37	0	n	n
1	90	13	38	0	n	n
1	90	13	39	0	n	n
1	90	13	40	0	n	n
1	90	13	41	0	n	n
1	90	13	42	0	n	n
1	90	13	43	0	n	n
1	90	13	44	0	n	n
1	90	13	45	0	n	n
1	90	13	46	0	n	n
1	90	13	47	0	n	n
1	90	13	48	0	n	n
1	90	13	49	0	n	n
1	90	13	50	0	n	n
1	90	14	1	41	s	n
1	90	14	2	36	s	n
1	90	14	3	25	s	n
1	90	14	4	34	s	n
1	90	14	5	25	s	n
1	90	14	6	29	s	n
1	90	14	7	31	s	n
1	90	14	8	22	s	n
1	90	14	9	29	s	n
1	90	14	10	30	s	n
1	90	14	11	35	s	n
1	90	14	12	23	s	n
1	90	14	13	19	s	n
1	90	14	14	30	s	n
1	90	14	15	31	s	n
1	90	14	16	9	s	n
1	90	14	17	27	s	n
1	90	14	18	28	s	n
1	90	14	19	22	s	n
1	90	14	20	32	s	n
1	90	14	21	35	s	n
1	90	14	22	31	n	n
1	90	14	23	26	s	n
1	90	14	24	28	n	n
1	90	14	25	10	n	n
1	90	14	26	9	n	n
1	90	14	27	1	n	n
1	90	14	28	11	n	n
1	90	14	29	2	n	n
1	90	14	30	0	n	n
1	90	14	31	0	n	n
1	90	14	32	0	n	n
1	90	14	33	0	n	n
1	90	14	34	0	n	n
1	90	14	35	0	n	n
1	90	14	36	0	n	n
1	90	14	37	0	n	n
1	90	14	38	0	n	n
1	90	14	39	0	n	n
1	90	14	40	0	n	n
1	90	14	41	0	n	n
1	90	14	42	0	n	n
1	90	14	43	0	n	n
1	90	14	44	0	n	n
1	90	14	45	0	n	n
1	90	14	46	0	n	n
1	90	14	47	0	n	n
1	90	14	48	0	n	n
1	90	14	49	0	n	n
1	90	14	50	0	n	n
1	90	15	1	24	s	n
1	90	15	2	38	s	n
1	90	15	3	37	s	n
1	90	15	4	40	s	n
1	90	15	5	28	s	n
1	90	15	6	32	s	n
1	90	15	7	28	s	n
1	90	15	8	43	s	n
1	90	15	9	38	s	n
1	90	15	10	38	s	n
1	90	15	11	20	s	n
1	90	15	12	31	s	n
1	90	15	13	23	s	n
1	90	15	14	17	s	n
1	90	15	15	20	s	n
1	90	15	16	25	s	n
1	90	15	17	27	s	n
1	90	15	18	27	s	n
1	90	15	19	28	n	n
1	90	15	20	31	s	n
1	90	15	21	35	s	n
1	90	15	22	23	s	n
1	90	15	23	29	n	n
1	90	15	24	10	n	n
1	90	15	25	5	n	n
1	90	15	26	14	n	n
1	90	15	27	11	n	n
1	90	15	28	4	n	n
1	90	15	29	9	n	n
1	90	15	30	0	n	n
1	90	15	31	0	n	n
1	90	15	32	0	n	n
1	90	15	33	0	n	n
1	90	15	34	0	n	n
1	90	15	35	0	n	n
1	90	15	36	0	n	n
1	90	15	37	0	n	n
1	90	15	38	0	n	n
1	90	15	39	0	n	n
1	90	15	40	0	n	n
1	90	15	41	0	n	n
1	90	15	42	0	n	n
1	90	15	43	0	n	n
1	90	15	44	0	n	n
1	90	15	45	0	n	n
1	90	15	46	0	n	n
1	90	15	47	0	n	n
1	90	15	48	0	n	n
1	90	15	49	0	n	n
1	90	15	50	0	n	n
1	90	16	1	39	s	n
1	90	16	2	31	s	n
1	90	16	3	47	s	n
1	90	16	4	25	s	n
1	90	16	5	43	s	n
1	90	16	6	31	s	n
1	90	16	7	33	s	n
1	90	16	8	30	s	n
1	90	16	9	41	s	n
1	90	16	10	24	s	n
1	90	16	11	40	s	n
1	90	16	12	19	s	n
1	90	16	13	24	s	n
1	90	16	14	12	s	n
1	90	16	15	24	s	n
1	90	16	16	30	s	n
1	90	16	17	25	s	n
1	90	16	18	27	n	n
1	90	16	19	30	n	n
1	90	16	20	33	s	n
1	90	16	21	31	n	n
1	90	16	22	25	n	n
1	90	16	23	29	n	n
1	90	16	24	8	n	n
1	90	16	25	17	n	n
1	90	16	26	7	n	n
1	90	16	27	20	n	n
1	90	16	28	4	n	n
1	90	16	29	1	n	n
1	90	16	30	0	n	n
1	90	16	31	0	n	n
1	90	16	32	0	n	n
1	90	16	33	0	n	n
1	90	16	34	0	n	n
1	90	16	35	0	n	n
1	90	16	36	0	n	n
1	90	16	37	0	n	n
1	90	16	38	0	n	n
1	90	16	39	0	n	n
1	90	16	40	0	n	n
1	90	16	41	0	n	n
1	90	16	42	0	n	n
1	90	16	43	0	n	n
1	90	16	44	0	n	n
1	90	16	45	0	n	n
1	90	16	46	0	n	n
1	90	16	47	0	n	n
1	90	16	48	0	n	n
1	90	16	49	0	n	n
1	90	16	50	0	n	n
1	90	17	1	32	s	n
1	90	17	2	48	s	n
1	90	17	3	46	s	n
1	90	17	4	31	s	n
1	90	17	5	37	s	n
1	90	17	6	35	s	n
1	90	17	7	41	s	n
1	90	17	8	19	s	n
1	90	17	9	30	s	n
1	90	17	10	40	s	n
1	90	17	11	29	s	n
1	90	17	12	28	s	n
1	90	17	13	33	s	n
1	90	17	14	25	s	n
1	90	17	15	19	s	n
1	90	17	16	15	s	n
1	90	17	17	12	s	n
1	90	17	18	24	s	n
1	90	17	19	21	s	n
1	90	17	20	40	s	n
1	90	17	21	27	n	n
1	90	17	22	30	s	n
1	90	17	23	15	n	n
1	90	17	24	4	n	n
1	90	17	25	17	n	n
1	90	17	26	10	n	n
1	90	17	27	12	n	n
1	90	17	28	1	n	n
1	90	17	29	0	n	n
1	90	17	30	0	n	n
1	90	17	31	0	n	n
1	90	17	32	0	n	n
1	90	17	33	0	n	n
1	90	17	34	0	n	n
1	90	17	35	0	n	n
1	90	17	36	0	n	n
1	90	17	37	0	n	n
1	90	17	38	0	n	n
1	90	17	39	0	n	n
1	90	17	40	0	n	n
1	90	17	41	0	n	n
1	90	17	42	0	n	n
1	90	17	43	0	n	n
1	90	17	44	0	n	n
1	90	17	45	0	n	n
1	90	17	46	0	n	n
1	90	17	47	0	n	n
1	90	17	48	0	n	n
1	90	17	49	0	n	n
1	90	17	50	0	n	n
1	90	18	1	41	s	n
1	90	18	2	43	s	n
1	90	18	3	36	s	n
1	90	18	4	34	s	n
1	90	18	5	32	s	n
1	90	18	6	37	s	n
1	90	18	7	36	s	n
1	90	18	8	48	s	n
1	90	18	9	27	s	n
1	90	18	10	30	s	n
1	90	18	11	24	s	n
1	90	18	12	31	s	n
1	90	18	13	25	s	n
1	90	18	14	27	s	n
1	90	18	15	21	s	n
1	90	18	16	27	s	n
1	90	18	17	19	s	n
1	90	18	18	18	s	n
1	90	18	19	13	s	n
1	90	18	20	28	n	n
1	90	18	21	34	n	n
1	90	18	22	24	n	n
1	90	18	23	33	n	n
1	90	18	24	7	n	n
1	90	18	25	16	n	n
1	90	18	26	8	n	n
1	90	18	27	5	n	n
1	90	18	28	9	n	n
1	90	18	29	4	n	n
1	90	18	30	1	n	n
1	90	18	31	0	n	n
1	90	18	32	0	n	n
1	90	18	33	0	n	n
1	90	18	34	0	n	n
1	90	18	35	0	n	n
1	90	18	36	0	n	n
1	90	18	37	0	n	n
1	90	18	38	0	n	n
1	90	18	39	0	n	n
1	90	18	40	0	n	n
1	90	18	41	0	n	n
1	90	18	42	0	n	n
1	90	18	43	0	n	n
1	90	18	44	0	n	n
1	90	18	45	0	n	n
1	90	18	46	0	n	n
1	90	18	47	0	n	n
1	90	18	48	0	n	n
1	90	18	49	0	n	n
1	90	18	50	0	n	n
1	90	19	1	37	s	n
1	90	19	2	35	s	n
1	90	19	3	38	s	n
1	90	19	4	28	s	n
1	90	19	5	39	s	n
1	90	19	6	28	s	n
1	90	19	7	36	s	n
1	90	19	8	38	s	n
1	90	19	9	27	s	n
1	90	19	10	31	s	n
1	90	19	11	32	s	n
1	90	19	12	29	s	n
1	90	19	13	31	s	n
1	90	19	14	26	s	n
1	90	19	15	22	s	n
1	90	19	16	21	s	n
1	90	19	17	22	s	n
1	90	19	18	21	s	n
1	90	19	19	34	n	n
1	90	19	20	27	n	n
1	90	19	21	36	s	n
1	90	19	22	37	s	n
1	90	19	23	17	n	n
1	90	19	24	18	n	n
1	90	19	25	14	n	n
1	90	19	26	6	n	n
1	90	19	27	12	n	n
1	90	19	28	13	n	n
1	90	19	29	1	n	n
1	90	19	30	0	n	n
1	90	19	31	2	n	n
1	90	19	32	0	n	n
1	90	19	33	0	n	n
1	90	19	34	0	n	n
1	90	19	35	0	n	n
1	90	19	36	0	n	n
1	90	19	37	0	n	n
1	90	19	38	0	n	n
1	90	19	39	0	n	n
1	90	19	40	0	n	n
1	90	19	41	0	n	n
1	90	19	42	0	n	n
1	90	19	43	0	n	n
1	90	19	44	0	n	n
1	90	19	45	0	n	n
1	90	19	46	0	n	n
1	90	19	47	0	n	n
1	90	19	48	0	n	n
1	90	19	49	0	n	n
1	90	19	50	0	n	n
1	90	20	1	40	s	n
1	90	20	2	45	s	n
1	90	20	3	45	s	n
1	90	20	4	27	s	n
1	90	20	5	60	s	n
1	90	20	6	25	s	n
1	90	20	7	39	s	n
1	90	20	8	33	s	n
1	90	20	9	36	s	n
1	90	20	10	35	s	n
1	90	20	11	29	s	n
1	90	20	12	31	s	n
1	90	20	13	31	s	n
1	90	20	14	21	s	n
1	90	20	15	25	s	n
1	90	20	16	22	s	n
1	90	20	17	20	s	n
1	90	20	18	28	n	n
1	90	20	19	27	n	n
1	90	20	20	27	n	n
1	90	20	21	28	n	n
1	90	20	22	34	n	n
1	90	20	23	25	n	n
1	90	20	24	33	n	n
1	90	20	25	14	n	n
1	90	20	26	6	n	n
1	90	20	27	18	n	n
1	90	20	28	4	n	n
1	90	20	29	13	n	n
1	90	20	30	3	n	n
1	90	20	31	1	n	n
1	90	20	32	0	n	n
1	90	20	33	0	n	n
1	90	20	34	0	n	n
1	90	20	35	0	n	n
1	90	20	36	0	n	n
1	90	20	37	0	n	n
1	90	20	38	0	n	n
1	90	20	39	0	n	n
1	90	20	40	0	n	n
1	90	20	41	0	n	n
1	90	20	42	0	n	n
1	90	20	43	0	n	n
1	90	20	44	0	n	n
1	90	20	45	0	n	n
1	90	20	46	0	n	n
1	90	20	47	0	n	n
1	90	20	48	0	n	n
1	90	20	49	0	n	n
1	90	20	50	0	n	n
1	100	1	1	30	s	n
1	100	1	2	38	s	n
1	100	1	3	27	s	n
1	100	1	4	25	s	n
1	100	1	5	34	s	n
1	100	1	6	31	s	n
1	100	1	7	26	s	n
1	100	1	8	45	s	n
1	100	1	9	33	s	n
1	100	1	10	39	s	n
1	100	1	11	39	s	n
1	100	1	12	38	s	n
1	100	1	13	39	s	n
1	100	1	14	42	s	n
1	100	1	15	38	s	n
1	100	1	16	47	s	n
1	100	1	17	35	s	n
1	100	1	18	39	s	n
1	100	1	19	39	s	n
1	100	1	20	38	s	n
1	100	1	21	44	s	n
1	100	1	22	33	s	n
1	100	1	23	34	s	n
1	100	1	24	44	s	n
1	100	1	25	34	s	n
1	100	1	26	52	s	n
1	100	1	27	35	s	n
1	100	1	28	18	s	n
1	100	1	29	30	s	n
1	100	1	30	25	n	n
1	100	1	31	29	n	n
1	100	1	32	30	n	n
1	100	1	33	3	n	n
1	100	1	34	13	n	n
1	100	1	35	2	n	n
1	100	1	36	3	n	n
1	100	1	37	1	n	n
1	100	1	38	5	n	n
1	100	1	39	2	n	n
1	100	1	40	1	n	n
1	100	1	41	0	n	n
1	100	1	42	1	n	n
1	100	1	43	1	n	n
1	100	1	44	3	n	n
1	100	1	45	0	n	n
1	100	1	46	0	n	n
1	100	1	47	0	n	n
1	100	1	48	0	n	n
1	100	1	49	0	n	n
1	100	1	50	0	n	n
1	100	2	1	39	s	n
1	100	2	2	30	s	n
1	100	2	3	24	s	n
1	100	2	4	25	s	n
1	100	2	5	24	s	n
1	100	2	6	33	s	n
1	100	2	7	31	s	n
1	100	2	8	42	s	n
1	100	2	9	40	s	n
1	100	2	10	28	s	n
1	100	2	11	35	s	n
1	100	2	12	42	s	n
1	100	2	13	39	s	n
1	100	2	14	51	s	n
1	100	2	15	53	s	n
1	100	2	16	45	s	n
1	100	2	17	36	s	n
1	100	2	18	37	s	n
1	100	2	19	42	s	n
1	100	2	20	52	s	n
1	100	2	21	33	s	n
1	100	2	22	46	s	n
1	100	2	23	37	s	n
1	100	2	24	29	s	n
1	100	2	25	42	s	n
1	100	2	26	44	s	n
1	100	2	27	29	n	n
1	100	2	28	25	n	n
1	100	2	29	22	n	n
1	100	2	30	20	s	n
1	100	2	31	21	n	n
1	100	2	32	28	n	n
1	100	2	33	18	n	n
1	100	2	34	8	n	n
1	100	2	35	2	n	n
1	100	2	36	8	n	n
1	100	2	37	8	n	n
1	100	2	38	2	n	n
1	100	2	39	11	n	n
1	100	2	40	2	n	n
1	100	2	41	0	n	n
1	100	2	42	1	n	n
1	100	2	43	1	n	n
1	100	2	44	0	n	n
1	100	2	45	0	n	n
1	100	2	46	0	n	n
1	100	2	47	0	n	n
1	100	2	48	0	n	n
1	100	2	49	0	n	n
1	100	2	50	0	n	n
1	100	3	1	32	s	n
1	100	3	2	35	s	n
1	100	3	3	26	s	n
1	100	3	4	36	s	n
1	100	3	5	25	s	n
1	100	3	6	35	s	n
1	100	3	7	30	s	n
1	100	3	8	30	s	n
1	100	3	9	43	s	n
1	100	3	10	9	s	n
1	100	3	11	43	s	n
1	100	3	12	24	s	n
1	100	3	13	38	s	n
1	100	3	14	40	s	n
1	100	3	15	34	s	n
1	100	3	16	44	s	n
1	100	3	17	31	s	n
1	100	3	18	46	s	n
1	100	3	19	33	s	n
1	100	3	20	38	s	n
1	100	3	21	34	s	n
1	100	3	22	28	s	n
1	100	3	23	30	s	n
1	100	3	24	37	n	n
1	100	3	25	31	s	n
1	100	3	26	29	s	n
1	100	3	27	34	n	n
1	100	3	28	42	s	d
1	100	3	29	18	n	n
1	100	3	30	16	n	n
1	100	3	31	22	n	n
1	100	3	32	27	n	n
1	100	3	33	10	n	n
1	100	3	34	7	n	n
1	100	3	35	4	n	n
1	100	3	36	6	n	n
1	100	3	37	2	n	n
1	100	3	38	5	n	n
1	100	3	39	0	n	n
1	100	3	40	1	n	n
1	100	3	41	0	n	n
1	100	3	42	1	n	n
1	100	3	43	1	n	n
1	100	3	44	0	n	n
1	100	3	45	0	n	n
1	100	3	46	0	n	n
1	100	3	47	0	n	n
1	100	3	48	0	n	n
1	100	3	49	0	n	n
1	100	3	50	0	n	n
1	100	4	1	28	s	n
1	100	4	2	30	s	n
1	100	4	3	26	s	n
1	100	4	4	31	s	n
1	100	4	5	26	s	n
1	100	4	6	33	s	n
1	100	4	7	30	s	n
1	100	4	8	36	s	n
1	100	4	9	34	s	n
1	100	4	10	37	s	n
1	100	4	11	48	s	n
1	100	4	12	23	s	n
1	100	4	13	30	s	n
1	100	4	14	32	s	n
1	100	4	15	37	s	n
1	100	4	16	52	s	n
1	100	4	17	44	s	n
1	100	4	18	39	s	n
1	100	4	19	45	s	n
1	100	4	20	34	s	n
1	100	4	21	22	s	n
1	100	4	22	29	s	n
1	100	4	23	32	s	n
1	100	4	24	36	s	n
1	100	4	25	45	s	d
1	100	4	26	40	s	n
1	100	4	27	37	n	n
1	100	4	28	18	n	n
1	100	4	29	11	n	n
1	100	4	30	8	n	n
1	100	4	31	23	n	n
1	100	4	32	20	n	n
1	100	4	33	15	n	n
1	100	4	34	14	n	n
1	100	4	35	1	n	n
1	100	4	36	0	n	n
1	100	4	37	2	n	n
1	100	4	38	4	n	n
1	100	4	39	4	n	n
1	100	4	40	1	n	n
1	100	4	41	1	n	n
1	100	4	42	0	n	n
1	100	4	43	0	n	n
1	100	4	44	0	n	n
1	100	4	45	0	n	n
1	100	4	46	0	n	n
1	100	4	47	0	n	n
1	100	4	48	0	n	n
1	100	4	49	0	n	n
1	100	4	50	0	n	n
1	100	5	1	39	s	n
1	100	5	2	36	s	n
1	100	5	3	32	s	n
1	100	5	4	33	s	n
1	100	5	5	35	s	n
1	100	5	6	31	s	n
1	100	5	7	22	s	n
1	100	5	8	37	s	n
1	100	5	9	28	s	n
1	100	5	10	34	s	n
1	100	5	11	36	s	n
1	100	5	12	31	s	n
1	100	5	13	31	s	n
1	100	5	14	38	s	n
1	100	5	15	42	s	n
1	100	5	16	49	s	n
1	100	5	17	40	s	n
1	100	5	18	47	s	n
1	100	5	19	27	s	n
1	100	5	20	52	s	n
1	100	5	21	41	s	n
1	100	5	22	33	s	n
1	100	5	23	30	s	n
1	100	5	24	39	s	n
1	100	5	25	29	s	n
1	100	5	26	25	n	n
1	100	5	27	24	s	n
1	100	5	28	32	n	n
1	100	5	29	5	n	n
1	100	5	30	8	n	n
1	100	5	31	8	n	n
1	100	5	32	16	n	n
1	100	5	33	15	n	n
1	100	5	34	3	n	n
1	100	5	35	3	n	n
1	100	5	36	5	n	n
1	100	5	37	1	n	n
1	100	5	38	4	n	n
1	100	5	39	0	n	n
1	100	5	40	0	n	n
1	100	5	41	0	n	n
1	100	5	42	0	n	n
1	100	5	43	0	n	n
1	100	5	44	0	n	n
1	100	5	45	0	n	n
1	100	5	46	0	n	n
1	100	5	47	0	n	n
1	100	5	48	0	n	n
1	100	5	49	0	n	n
1	100	5	50	0	n	n
1	100	6	1	45	s	n
1	100	6	2	40	s	n
1	100	6	3	33	s	n
1	100	6	4	30	s	n
1	100	6	5	32	s	n
1	100	6	6	24	s	n
1	100	6	7	25	s	n
1	100	6	8	20	s	n
1	100	6	9	34	s	n
1	100	6	10	37	s	n
1	100	6	11	41	s	n
1	100	6	12	44	s	n
1	100	6	13	39	s	n
1	100	6	14	46	s	n
1	100	6	15	45	s	n
1	100	6	16	54	s	n
1	100	6	17	26	s	n
1	100	6	18	29	s	n
1	100	6	19	40	s	n
1	100	6	20	32	s	n
1	100	6	21	31	s	n
1	100	6	22	29	s	n
1	100	6	23	27	s	n
1	100	6	24	19	s	n
1	100	6	25	34	s	n
1	100	6	26	36	s	n
1	100	6	27	24	n	n
1	100	6	28	18	n	n
1	100	6	29	17	n	n
1	100	6	30	6	n	n
1	100	6	31	7	n	n
1	100	6	32	10	n	n
1	100	6	33	6	n	n
1	100	6	34	1	n	n
1	100	6	35	0	n	n
1	100	6	36	0	n	n
1	100	6	37	2	n	n
1	100	6	38	0	n	n
1	100	6	39	0	n	n
1	100	6	40	1	n	n
1	100	6	41	0	n	n
1	100	6	42	0	n	n
1	100	6	43	0	n	n
1	100	6	44	0	n	n
1	100	6	45	0	n	n
1	100	6	46	0	n	n
1	100	6	47	0	n	n
1	100	6	48	0	n	n
1	100	6	49	0	n	n
1	100	6	50	0	n	n
1	100	7	1	41	s	n
1	100	7	2	40	s	n
1	100	7	3	33	s	n
1	100	7	4	30	s	n
1	100	7	5	27	s	n
1	100	7	6	31	s	n
1	100	7	7	25	s	n
1	100	7	8	22	s	n
1	100	7	9	22	s	n
1	100	7	10	35	s	n
1	100	7	11	38	s	n
1	100	7	12	37	s	n
1	100	7	13	38	s	n
1	100	7	14	52	s	n
1	100	7	15	43	s	n
1	100	7	16	41	s	n
1	100	7	17	39	s	n
1	100	7	18	43	s	n
1	100	7	19	50	s	n
1	100	7	20	43	s	n
1	100	7	21	41	s	n
1	100	7	22	26	s	n
1	100	7	23	33	s	n
1	100	7	24	18	s	n
1	100	7	25	45	s	n
1	100	7	26	21	s	n
1	100	7	27	31	s	n
1	100	7	28	19	n	n
1	100	7	29	16	n	n
1	100	7	30	7	n	n
1	100	7	31	8	n	n
1	100	7	32	9	n	n
1	100	7	33	3	n	n
1	100	7	34	7	n	n
1	100	7	35	2	n	n
1	100	7	36	0	n	n
1	100	7	37	1	n	n
1	100	7	38	0	n	n
1	100	7	39	0	n	n
1	100	7	40	0	n	n
1	100	7	41	0	n	n
1	100	7	42	0	n	n
1	100	7	43	0	n	n
1	100	7	44	0	n	n
1	100	7	45	0	n	n
1	100	7	46	0	n	n
1	100	7	47	0	n	n
1	100	7	48	0	n	n
1	100	7	49	0	n	n
1	100	7	50	0	n	n
1	100	8	1	43	s	n
1	100	8	2	44	s	n
1	100	8	3	37	s	n
1	100	8	4	33	s	n
1	100	8	5	25	s	n
1	100	8	6	41	s	n
1	100	8	7	43	s	n
1	100	8	8	30	s	n
1	100	8	9	24	s	n
1	100	8	10	39	s	n
1	100	8	11	48	s	n
1	100	8	12	30	s	n
1	100	8	13	36	s	n
1	100	8	14	46	s	n
1	100	8	15	29	s	n
1	100	8	16	41	s	n
1	100	8	17	42	s	n
1	100	8	18	31	s	n
1	100	8	19	51	s	n
1	100	8	20	35	s	n
1	100	8	21	25	s	n
1	100	8	22	34	s	n
1	100	8	23	39	s	n
1	100	8	24	25	s	n
1	100	8	25	38	s	n
1	100	8	26	10	s	n
1	100	8	27	30	s	n
1	100	8	28	15	n	n
1	100	8	29	14	n	n
1	100	8	30	14	n	n
1	100	8	31	13	n	n
1	100	8	32	9	n	n
1	100	8	33	2	n	n
1	100	8	34	1	n	n
1	100	8	35	1	n	n
1	100	8	36	0	n	n
1	100	8	37	0	n	n
1	100	8	38	0	n	n
1	100	8	39	0	n	n
1	100	8	40	1	n	n
1	100	8	41	0	n	n
1	100	8	42	0	n	n
1	100	8	43	0	n	n
1	100	8	44	0	n	n
1	100	8	45	0	n	n
1	100	8	46	0	n	n
1	100	8	47	0	n	n
1	100	8	48	0	n	n
1	100	8	49	0	n	n
1	100	8	50	0	n	n
1	100	9	1	31	s	n
1	100	9	2	43	s	n
1	100	9	3	42	s	n
1	100	9	4	37	s	n
1	100	9	5	28	s	n
1	100	9	6	31	s	n
1	100	9	7	25	s	n
1	100	9	8	30	s	n
1	100	9	9	45	s	n
1	100	9	10	35	s	n
1	100	9	11	42	s	n
1	100	9	12	46	s	n
1	100	9	13	44	s	n
1	100	9	14	38	s	n
1	100	9	15	26	s	n
1	100	9	16	39	s	n
1	100	9	17	44	s	n
1	100	9	18	39	s	n
1	100	9	19	40	s	n
1	100	9	20	44	s	n
1	100	9	21	42	s	n
1	100	9	22	25	s	n
1	100	9	23	30	s	n
1	100	9	24	28	s	n
1	100	9	25	28	s	n
1	100	9	26	11	n	n
1	100	9	27	27	n	n
1	100	9	28	11	n	n
1	100	9	29	5	n	n
1	100	9	30	8	n	n
1	100	9	31	4	n	n
1	100	9	32	3	n	n
1	100	9	33	2	n	n
1	100	9	34	1	n	n
1	100	9	35	1	n	n
1	100	9	36	1	n	n
1	100	9	37	1	n	n
1	100	9	38	2	n	n
1	100	9	39	0	n	n
1	100	9	40	1	n	n
1	100	9	41	0	n	n
1	100	9	42	0	n	n
1	100	9	43	0	n	n
1	100	9	44	0	n	n
1	100	9	45	0	n	n
1	100	9	46	0	n	n
1	100	9	47	0	n	n
1	100	9	48	0	n	n
1	100	9	49	0	n	n
1	100	9	50	0	n	n
1	100	10	1	38	s	n
1	100	10	2	31	s	n
1	100	10	3	39	s	n
1	100	10	4	35	s	n
1	100	10	5	27	s	n
1	100	10	6	24	s	n
1	100	10	7	31	s	n
1	100	10	8	31	s	n
1	100	10	9	41	s	n
1	100	10	10	26	s	n
1	100	10	11	48	s	n
1	100	10	12	48	s	n
1	100	10	13	33	s	n
1	100	10	14	46	s	n
1	100	10	15	36	s	n
1	100	10	16	36	s	n
1	100	10	17	30	s	n
1	100	10	18	33	s	n
1	100	10	19	35	s	n
1	100	10	20	34	s	n
1	100	10	21	39	s	n
1	100	10	22	40	s	n
1	100	10	23	39	s	n
1	100	10	24	34	s	n
1	100	10	25	28	s	n
1	100	10	26	20	n	n
1	100	10	27	11	n	n
1	100	10	28	7	n	n
1	100	10	29	10	n	n
1	100	10	30	3	n	n
1	100	10	31	5	n	n
1	100	10	32	4	n	n
1	100	10	33	4	n	n
1	100	10	34	3	n	n
1	100	10	35	1	n	n
1	100	10	36	0	n	n
1	100	10	37	1	n	n
1	100	10	38	0	n	n
1	100	10	39	0	n	n
1	100	10	40	1	n	n
1	100	10	41	0	n	n
1	100	10	42	0	n	n
1	100	10	43	0	n	n
1	100	10	44	0	n	n
1	100	10	45	0	n	n
1	100	10	46	0	n	n
1	100	10	47	0	n	n
1	100	10	48	0	n	n
1	100	10	49	0	n	n
1	100	10	50	0	n	n
1	100	11	1	20	s	n
1	100	11	2	36	s	n
1	100	11	3	44	s	n
1	100	11	4	31	s	n
1	100	11	5	27	s	n
1	100	11	6	34	s	n
1	100	11	7	35	s	n
1	100	11	8	34	s	n
1	100	11	9	39	s	n
1	100	11	10	30	s	n
1	100	11	11	35	s	n
1	100	11	12	37	s	n
1	100	11	13	34	s	n
1	100	11	14	45	s	n
1	100	11	15	30	s	n
1	100	11	16	39	s	n
1	100	11	17	31	s	n
1	100	11	18	36	s	n
1	100	11	19	30	s	n
1	100	11	20	40	s	n
1	100	11	21	41	s	n
1	100	11	22	40	s	n
1	100	11	23	34	s	n
1	100	11	24	32	n	n
1	100	11	25	33	s	n
1	100	11	26	27	s	n
1	100	11	27	36	n	n
1	100	11	28	18	n	n
1	100	11	29	12	n	n
1	100	11	30	11	n	n
1	100	11	31	5	n	n
1	100	11	32	2	n	n
1	100	11	33	2	n	n
1	100	11	34	2	n	n
1	100	11	35	0	n	n
1	100	11	36	1	n	n
1	100	11	37	1	n	n
1	100	11	38	0	n	n
1	100	11	39	0	n	n
1	100	11	40	0	n	n
1	100	11	41	0	n	n
1	100	11	42	0	n	n
1	100	11	43	0	n	n
1	100	11	44	0	n	n
1	100	11	45	0	n	n
1	100	11	46	0	n	n
1	100	11	47	0	n	n
1	100	11	48	0	n	n
1	100	11	49	0	n	n
1	100	11	50	0	n	n
1	100	12	1	46	s	n
1	100	12	2	38	s	n
1	100	12	3	35	s	n
1	100	12	4	39	s	n
1	100	12	5	34	s	n
1	100	12	6	40	s	n
1	100	12	7	27	s	n
1	100	12	8	29	s	n
1	100	12	9	27	s	n
1	100	12	10	39	s	n
1	100	12	11	40	s	n
1	100	12	12	33	s	n
1	100	12	13	38	s	n
1	100	12	14	30	s	n
1	100	12	15	31	s	n
1	100	12	16	29	s	n
1	100	12	17	52	s	n
1	100	12	18	39	s	n
1	100	12	19	32	s	n
1	100	12	20	38	s	n
1	100	12	21	45	s	n
1	100	12	22	53	s	n
1	100	12	23	30	s	n
1	100	12	24	41	s	n
1	100	12	25	38	n	n
1	100	12	26	43	s	d
1	100	12	27	29	s	n
1	100	12	28	28	n	n
1	100	12	29	6	n	n
1	100	12	30	2	n	n
1	100	12	31	1	n	n
1	100	12	32	2	n	n
1	100	12	33	1	n	n
1	100	12	34	3	n	n
1	100	12	35	0	n	n
1	100	12	36	0	n	n
1	100	12	37	0	n	n
1	100	12	38	0	n	n
1	100	12	39	0	n	n
1	100	12	40	0	n	n
1	100	12	41	0	n	n
1	100	12	42	0	n	n
1	100	12	43	0	n	n
1	100	12	44	0	n	n
1	100	12	45	0	n	n
1	100	12	46	0	n	n
1	100	12	47	0	n	n
1	100	12	48	0	n	n
1	100	12	49	0	n	n
1	100	12	50	0	n	n
1	100	13	1	33	s	n
1	100	13	2	30	s	n
1	100	13	3	42	s	n
1	100	13	4	35	s	n
1	100	13	5	31	s	n
1	100	13	6	40	s	n
1	100	13	7	33	s	n
1	100	13	8	40	s	n
1	100	13	9	23	s	n
1	100	13	10	27	s	n
1	100	13	11	35	s	n
1	100	13	12	25	s	n
1	100	13	13	31	s	n
1	100	13	14	35	s	n
1	100	13	15	25	s	n
1	100	13	16	30	s	n
1	100	13	17	28	s	n
1	100	13	18	43	s	n
1	100	13	19	38	s	n
1	100	13	20	34	s	n
1	100	13	21	43	s	n
1	100	13	22	33	s	n
1	100	13	23	41	s	n
1	100	13	24	40	s	n
1	100	13	25	30	s	n
1	100	13	26	29	n	n
1	100	13	27	11	n	n
1	100	13	28	8	n	n
1	100	13	29	0	n	n
1	100	13	30	11	n	n
1	100	13	31	2	n	n
1	100	13	32	3	n	n
1	100	13	33	4	n	n
1	100	13	34	0	n	n
1	100	13	35	0	n	n
1	100	13	36	0	n	n
1	100	13	37	0	n	n
1	100	13	38	0	n	n
1	100	13	39	0	n	n
1	100	13	40	0	n	n
1	100	13	41	0	n	n
1	100	13	42	0	n	n
1	100	13	43	0	n	n
1	100	13	44	0	n	n
1	100	13	45	0	n	n
1	100	13	46	0	n	n
1	100	13	47	0	n	n
1	100	13	48	0	n	n
1	100	13	49	0	n	n
1	100	13	50	0	n	n
1	100	14	1	35	s	n
1	100	14	2	32	s	n
1	100	14	3	43	s	n
1	100	14	4	39	s	n
1	100	14	5	32	s	n
1	100	14	6	25	s	n
1	100	14	7	30	s	n
1	100	14	8	37	s	n
1	100	14	9	33	s	n
1	100	14	10	26	s	n
1	100	14	11	28	s	n
1	100	14	12	28	s	n
1	100	14	13	31	s	n
1	100	14	14	38	s	n
1	100	14	15	19	s	n
1	100	14	16	25	s	n
1	100	14	17	31	s	n
1	100	14	18	32	s	n
1	100	14	19	32	s	n
1	100	14	20	35	s	n
1	100	14	21	24	s	n
1	100	14	22	30	s	n
1	100	14	23	48	s	n
1	100	14	24	33	s	n
1	100	14	25	42	s	n
1	100	14	26	13	n	n
1	100	14	27	9	n	n
1	100	14	28	16	n	n
1	100	14	29	0	n	n
1	100	14	30	3	n	n
1	100	14	31	2	n	n
1	100	14	32	2	n	n
1	100	14	33	1	n	n
1	100	14	34	2	n	n
1	100	14	35	0	n	n
1	100	14	36	0	n	n
1	100	14	37	0	n	n
1	100	14	38	0	n	n
1	100	14	39	0	n	n
1	100	14	40	0	n	n
1	100	14	41	0	n	n
1	100	14	42	0	n	n
1	100	14	43	0	n	n
1	100	14	44	0	n	n
1	100	14	45	0	n	n
1	100	14	46	0	n	n
1	100	14	47	0	n	n
1	100	14	48	0	n	n
1	100	14	49	0	n	n
1	100	14	50	0	n	n
1	100	15	1	31	s	n
1	100	15	2	44	s	n
1	100	15	3	39	s	n
1	100	15	4	33	s	n
1	100	15	5	32	s	n
1	100	15	6	31	s	n
1	100	15	7	26	s	n
1	100	15	8	25	s	n
1	100	15	9	51	s	n
1	100	15	10	32	s	n
1	100	15	11	29	s	n
1	100	15	12	34	s	n
1	100	15	13	25	s	n
1	100	15	14	25	s	n
1	100	15	15	21	s	n
1	100	15	16	33	s	n
1	100	15	17	23	s	n
1	100	15	18	17	s	n
1	100	15	19	23	n	n
1	100	15	20	26	s	n
1	100	15	21	38	n	n
1	100	15	22	53	s	n
1	100	15	23	32	s	n
1	100	15	24	30	n	n
1	100	15	25	14	n	n
1	100	15	26	8	n	n
1	100	15	27	8	n	n
1	100	15	28	13	n	n
1	100	15	29	12	n	n
1	100	15	30	2	n	n
1	100	15	31	3	n	n
1	100	15	32	3	n	n
1	100	15	33	2	n	n
1	100	15	34	0	n	n
1	100	15	35	1	n	n
1	100	15	36	0	n	n
1	100	15	37	0	n	n
1	100	15	38	0	n	n
1	100	15	39	0	n	n
1	100	15	40	0	n	n
1	100	15	41	0	n	n
1	100	15	42	0	n	n
1	100	15	43	0	n	n
1	100	15	44	0	n	n
1	100	15	45	0	n	n
1	100	15	46	0	n	n
1	100	15	47	0	n	n
1	100	15	48	0	n	n
1	100	15	49	0	n	n
1	100	15	50	0	n	n
1	100	16	1	33	s	n
1	100	16	2	38	s	n
1	100	16	3	41	s	n
1	100	16	4	27	s	n
1	100	16	5	39	s	n
1	100	16	6	28	s	n
1	100	16	7	39	s	n
1	100	16	8	26	s	n
1	100	16	9	43	s	n
1	100	16	10	33	s	n
1	100	16	11	30	s	n
1	100	16	12	27	s	n
1	100	16	13	27	s	n
1	100	16	14	22	s	n
1	100	16	15	36	s	n
1	100	16	16	17	s	n
1	100	16	17	28	s	n
1	100	16	18	24	s	n
1	100	16	19	31	s	n
1	100	16	20	29	n	n
1	100	16	21	37	s	n
1	100	16	22	39	s	n
1	100	16	23	34	n	n
1	100	16	24	23	n	n
1	100	16	25	13	n	n
1	100	16	26	43	s	d
1	100	16	27	23	n	n
1	100	16	28	13	n	n
1	100	16	29	6	n	n
1	100	16	30	4	n	n
1	100	16	31	3	n	n
1	100	16	32	5	n	n
1	100	16	33	1	n	n
1	100	16	34	0	n	n
1	100	16	35	1	n	n
1	100	16	36	0	n	n
1	100	16	37	0	n	n
1	100	16	38	0	n	n
1	100	16	39	0	n	n
1	100	16	40	0	n	n
1	100	16	41	0	n	n
1	100	16	42	0	n	n
1	100	16	43	0	n	n
1	100	16	44	0	n	n
1	100	16	45	0	n	n
1	100	16	46	0	n	n
1	100	16	47	0	n	n
1	100	16	48	0	n	n
1	100	16	49	0	n	n
1	100	16	50	0	n	n
1	100	17	1	40	s	n
1	100	17	2	50	s	n
1	100	17	3	39	s	n
1	100	17	4	40	s	n
1	100	17	5	31	s	n
1	100	17	6	34	s	n
1	100	17	7	30	s	n
1	100	17	8	33	s	n
1	100	17	9	28	s	n
1	100	17	10	36	s	n
1	100	17	11	28	s	n
1	100	17	12	18	s	n
1	100	17	13	33	s	n
1	100	17	14	28	s	n
1	100	17	15	24	s	n
1	100	17	16	25	s	n
1	100	17	17	16	s	n
1	100	17	18	13	s	n
1	100	17	19	31	s	n
1	100	17	20	11	s	n
1	100	17	21	39	n	n
1	100	17	22	33	s	n
1	100	17	23	28	n	n
1	100	17	24	38	n	n
1	100	17	25	42	s	d
1	100	17	26	24	s	n
1	100	17	27	20	n	n
1	100	17	28	8	n	n
1	100	17	29	6	n	n
1	100	17	30	9	n	n
1	100	17	31	1	n	n
1	100	17	32	2	n	n
1	100	17	33	1	n	n
1	100	17	34	0	n	n
1	100	17	35	0	n	n
1	100	17	36	0	n	n
1	100	17	37	0	n	n
1	100	17	38	0	n	n
1	100	17	39	0	n	n
1	100	17	40	0	n	n
1	100	17	41	0	n	n
1	100	17	42	0	n	n
1	100	17	43	0	n	n
1	100	17	44	0	n	n
1	100	17	45	0	n	n
1	100	17	46	0	n	n
1	100	17	47	0	n	n
1	100	17	48	0	n	n
1	100	17	49	0	n	n
1	100	17	50	0	n	n
1	100	18	1	43	s	n
1	100	18	2	41	s	n
1	100	18	3	35	s	n
1	100	18	4	41	s	n
1	100	18	5	29	s	n
1	100	18	6	31	s	n
1	100	18	7	44	s	n
1	100	18	8	28	s	n
1	100	18	9	30	s	n
1	100	18	10	30	s	n
1	100	18	11	32	s	n
1	100	18	12	35	s	n
1	100	18	13	27	s	n
1	100	18	14	24	s	n
1	100	18	15	26	s	n
1	100	18	16	27	s	n
1	100	18	17	29	s	n
1	100	18	18	29	s	n
1	100	18	19	29	s	n
1	100	18	20	17	s	n
1	100	18	21	38	s	n
1	100	18	22	44	s	d
1	100	18	23	23	n	n
1	100	18	24	25	n	n
1	100	18	25	23	n	n
1	100	18	26	29	n	n
1	100	18	27	6	n	n
1	100	18	28	15	n	n
1	100	18	29	6	n	n
1	100	18	30	5	n	n
1	100	18	31	1	n	n
1	100	18	32	7	n	n
1	100	18	33	2	n	n
1	100	18	34	0	n	n
1	100	18	35	0	n	n
1	100	18	36	0	n	n
1	100	18	37	0	n	n
1	100	18	38	0	n	n
1	100	18	39	0	n	n
1	100	18	40	0	n	n
1	100	18	41	0	n	n
1	100	18	42	0	n	n
1	100	18	43	0	n	n
1	100	18	44	0	n	n
1	100	18	45	0	n	n
1	100	18	46	0	n	n
1	100	18	47	0	n	n
1	100	18	48	0	n	n
1	100	18	49	0	n	n
1	100	18	50	0	n	n
1	100	19	1	35	s	n
1	100	19	2	37	s	n
1	100	19	3	29	s	n
1	100	19	4	33	s	n
1	100	19	5	25	s	n
1	100	19	6	31	s	n
1	100	19	7	33	s	n
1	100	19	8	28	s	n
1	100	19	9	29	s	n
1	100	19	10	31	s	n
1	100	19	11	28	s	n
1	100	19	12	27	s	n
1	100	19	13	27	s	n
1	100	19	14	48	s	n
1	100	19	15	28	s	n
1	100	19	16	32	s	n
1	100	19	17	33	s	n
1	100	19	18	20	s	n
1	100	19	19	37	s	n
1	100	19	20	34	s	n
1	100	19	21	38	n	n
1	100	19	22	32	s	n
1	100	19	23	33	s	n
1	100	19	24	24	s	n
1	100	19	25	27	s	n
1	100	19	26	13	s	n
1	100	19	27	21	n	n
1	100	19	28	16	n	n
1	100	19	29	6	n	n
1	100	19	30	2	n	n
1	100	19	31	4	n	n
1	100	19	32	1	n	n
1	100	19	33	1	n	n
1	100	19	34	3	n	n
1	100	19	35	2	n	n
1	100	19	36	0	n	n
1	100	19	37	0	n	n
1	100	19	38	0	n	n
1	100	19	39	0	n	n
1	100	19	40	0	n	n
1	100	19	41	0	n	n
1	100	19	42	0	n	n
1	100	19	43	0	n	n
1	100	19	44	0	n	n
1	100	19	45	0	n	n
1	100	19	46	0	n	n
1	100	19	47	0	n	n
1	100	19	48	0	n	n
1	100	19	49	0	n	n
1	100	19	50	0	n	n
1	100	20	1	32	s	n
1	100	20	2	32	s	n
1	100	20	3	33	s	n
1	100	20	4	37	s	n
1	100	20	5	28	s	n
1	100	20	6	36	s	n
1	100	20	7	23	s	n
1	100	20	8	30	s	n
1	100	20	9	35	s	n
1	100	20	10	32	s	n
1	100	20	11	26	s	n
1	100	20	12	28	s	n
1	100	20	13	30	s	n
1	100	20	14	25	s	n
1	100	20	15	33	s	n
1	100	20	16	29	s	n
1	100	20	17	25	s	n
1	100	20	18	32	s	n
1	100	20	19	38	s	n
1	100	20	20	33	s	n
1	100	20	21	32	s	n
1	100	20	22	31	s	n
1	100	20	23	37	s	n
1	100	20	24	27	n	n
1	100	20	25	16	n	n
1	100	20	26	15	n	n
1	100	20	27	24	n	n
1	100	20	28	12	n	n
1	100	20	29	24	n	n
1	100	20	30	5	n	n
1	100	20	31	8	n	n
1	100	20	32	6	n	n
1	100	20	33	4	n	n
1	100	20	34	0	n	n
1	100	20	35	2	n	n
1	100	20	36	0	n	n
1	100	20	37	0	n	n
1	100	20	38	0	n	n
1	100	20	39	0	n	n
1	100	20	40	0	n	n
1	100	20	41	0	n	n
1	100	20	42	0	n	n
1	100	20	43	0	n	n
1	100	20	44	0	n	n
1	100	20	45	0	n	n
1	100	20	46	0	n	n
1	100	20	47	0	n	n
1	100	20	48	0	n	n
1	100	20	49	0	n	n
1	100	20	50	0	n	n
1	110	1	1	29	s	n
1	110	1	2	37	s	n
1	110	1	3	31	s	n
1	110	1	4	29	s	n
1	110	1	5	36	s	n
1	110	1	6	20	s	n
1	110	1	7	38	s	n
1	110	1	8	28	s	n
1	110	1	9	33	s	n
1	110	1	10	26	s	n
1	110	1	11	37	s	n
1	110	1	12	39	s	n
1	110	1	13	39	s	n
1	110	1	14	38	s	n
1	110	1	15	36	s	n
1	110	1	16	40	s	n
1	110	1	17	38	s	n
1	110	1	18	37	s	n
1	110	1	19	50	s	n
1	110	1	20	38	s	n
1	110	1	21	41	s	n
1	110	1	22	36	s	n
1	110	1	23	44	s	n
1	110	1	24	41	s	n
1	110	1	25	32	s	n
1	110	1	26	38	s	n
1	110	1	27	31	s	n
1	110	1	28	25	s	n
1	110	1	29	40	s	n
1	110	1	30	27	s	n
1	110	1	31	26	n	n
1	110	1	32	35	n	n
1	110	1	33	26	n	n
1	110	1	34	23	n	n
1	110	1	35	14	n	n
1	110	1	36	16	n	n
1	110	1	37	15	n	n
1	110	1	38	1	n	n
1	110	1	39	11	n	n
1	110	1	40	2	n	n
1	110	1	41	4	n	n
1	110	1	42	0	n	n
1	110	1	43	0	n	n
1	110	1	44	3	n	n
1	110	1	45	1	n	n
1	110	1	46	3	n	n
1	110	1	47	0	n	n
1	110	1	48	0	n	n
1	110	1	49	0	n	n
1	110	1	50	0	n	n
1	110	2	1	25	s	n
1	110	2	2	27	s	n
1	110	2	3	35	s	n
1	110	2	4	34	s	n
1	110	2	5	32	s	n
1	110	2	6	29	s	n
1	110	2	7	26	s	n
1	110	2	8	35	s	n
1	110	2	9	34	s	n
1	110	2	10	41	s	n
1	110	2	11	33	s	n
1	110	2	12	27	s	n
1	110	2	13	33	s	n
1	110	2	14	45	s	n
1	110	2	15	29	s	n
1	110	2	16	55	s	n
1	110	2	17	47	s	n
1	110	2	18	43	s	n
1	110	2	19	47	s	n
1	110	2	20	36	s	n
1	110	2	21	43	s	n
1	110	2	22	33	s	n
1	110	2	23	49	s	n
1	110	2	24	38	s	n
1	110	2	25	54	s	n
1	110	2	26	40	s	n
1	110	2	27	21	s	n
1	110	2	28	47	s	n
1	110	2	29	41	s	n
1	110	2	30	36	n	n
1	110	2	31	24	s	n
1	110	2	32	32	s	n
1	110	2	33	29	n	n
1	110	2	34	33	n	n
1	110	2	35	5	n	n
1	110	2	36	19	n	n
1	110	2	37	3	n	n
1	110	2	38	6	n	n
1	110	2	39	4	n	n
1	110	2	40	2	n	n
1	110	2	41	7	n	n
1	110	2	42	2	n	n
1	110	2	43	3	n	n
1	110	2	44	4	n	n
1	110	2	45	1	n	n
1	110	2	46	0	n	n
1	110	2	47	0	n	n
1	110	2	48	0	n	n
1	110	2	49	0	n	n
1	110	2	50	0	n	n
1	110	3	1	27	s	n
1	110	3	2	31	s	n
1	110	3	3	38	s	n
1	110	3	4	29	s	n
1	110	3	5	27	s	n
1	110	3	6	27	s	n
1	110	3	7	30	s	n
1	110	3	8	37	s	n
1	110	3	9	34	s	n
1	110	3	10	29	s	n
1	110	3	11	34	s	n
1	110	3	12	26	s	n
1	110	3	13	28	s	n
1	110	3	14	31	s	n
1	110	3	15	38	s	n
1	110	3	16	30	s	n
1	110	3	17	39	s	n
1	110	3	18	28	s	n
1	110	3	19	38	s	n
1	110	3	20	40	s	n
1	110	3	21	32	s	n
1	110	3	22	31	s	n
1	110	3	23	44	s	n
1	110	3	24	52	s	n
1	110	3	25	33	s	n
1	110	3	26	26	s	n
1	110	3	27	37	s	n
1	110	3	28	31	s	n
1	110	3	29	35	s	n
1	110	3	30	27	s	n
1	110	3	31	32	s	n
1	110	3	32	31	n	n
1	110	3	33	30	s	n
1	110	3	34	27	n	n
1	110	3	35	15	n	n
1	110	3	36	9	n	n
1	110	3	37	7	n	n
1	110	3	38	8	n	n
1	110	3	39	3	n	n
1	110	3	40	4	n	n
1	110	3	41	1	n	n
1	110	3	42	2	n	n
1	110	3	43	0	n	n
1	110	3	44	1	n	n
1	110	3	45	1	n	n
1	110	3	46	1	n	n
1	110	3	47	0	n	n
1	110	3	48	0	n	n
1	110	3	49	0	n	n
1	110	3	50	0	n	n
1	110	4	1	28	s	n
1	110	4	2	34	s	n
1	110	4	3	27	s	n
1	110	4	4	29	s	n
1	110	4	5	26	s	n
1	110	4	6	32	s	n
1	110	4	7	23	s	n
1	110	4	8	21	s	n
1	110	4	9	31	s	n
1	110	4	10	26	s	n
1	110	4	11	35	s	n
1	110	4	12	31	s	n
1	110	4	13	17	s	n
1	110	4	14	36	s	n
1	110	4	15	41	s	n
1	110	4	16	40	s	n
1	110	4	17	46	s	n
1	110	4	18	38	s	n
1	110	4	19	43	s	n
1	110	4	20	37	s	n
1	110	4	21	35	s	n
1	110	4	22	37	s	n
1	110	4	23	38	s	n
1	110	4	24	41	s	n
1	110	4	25	43	s	n
1	110	4	26	50	s	n
1	110	4	27	26	s	n
1	110	4	28	25	s	n
1	110	4	29	35	s	n
1	110	4	30	25	s	n
1	110	4	31	18	s	n
1	110	4	32	20	s	n
1	110	4	33	26	s	n
1	110	4	34	26	n	n
1	110	4	35	24	n	n
1	110	4	36	15	n	n
1	110	4	37	16	n	n
1	110	4	38	6	n	n
1	110	4	39	3	n	n
1	110	4	40	4	n	n
1	110	4	41	5	n	n
1	110	4	42	5	n	n
1	110	4	43	0	n	n
1	110	4	44	1	n	n
1	110	4	45	1	n	n
1	110	4	46	0	n	n
1	110	4	47	0	n	n
1	110	4	48	0	n	n
1	110	4	49	0	n	n
1	110	4	50	0	n	n
1	110	5	1	42	s	n
1	110	5	2	29	s	n
1	110	5	3	30	s	n
1	110	5	4	30	s	n
1	110	5	5	25	s	n
1	110	5	6	28	s	n
1	110	5	7	27	s	n
1	110	5	8	26	s	n
1	110	5	9	29	s	n
1	110	5	10	25	s	n
1	110	5	11	29	s	n
1	110	5	12	32	s	n
1	110	5	13	37	s	n
1	110	5	14	49	s	n
1	110	5	15	33	s	n
1	110	5	16	41	s	n
1	110	5	17	38	s	n
1	110	5	18	41	s	n
1	110	5	19	38	s	n
1	110	5	20	36	s	n
1	110	5	21	39	s	n
1	110	5	22	34	s	n
1	110	5	23	48	s	n
1	110	5	24	29	s	n
1	110	5	25	35	s	n
1	110	5	26	35	s	n
1	110	5	27	28	s	n
1	110	5	28	23	s	n
1	110	5	29	28	s	n
1	110	5	30	34	s	n
1	110	5	31	24	n	n
1	110	5	32	32	n	n
1	110	5	33	31	n	n
1	110	5	34	10	n	n
1	110	5	35	2	n	n
1	110	5	36	25	n	n
1	110	5	37	6	n	n
1	110	5	38	13	n	n
1	110	5	39	3	n	n
1	110	5	40	3	n	n
1	110	5	41	0	n	n
1	110	5	42	3	n	n
1	110	5	43	3	n	n
1	110	5	44	0	n	n
1	110	5	45	0	n	n
1	110	5	46	0	n	n
1	110	5	47	0	n	n
1	110	5	48	1	n	n
1	110	5	49	0	n	n
1	110	5	50	0	n	n
1	110	6	1	30	s	n
1	110	6	2	30	s	n
1	110	6	3	25	s	n
1	110	6	4	37	s	n
1	110	6	5	36	s	n
1	110	6	6	34	s	n
1	110	6	7	30	s	n
1	110	6	8	31	s	n
1	110	6	9	25	s	n
1	110	6	10	29	s	n
1	110	6	11	27	s	n
1	110	6	12	45	s	n
1	110	6	13	51	s	n
1	110	6	14	44	s	n
1	110	6	15	35	s	n
1	110	6	16	32	s	n
1	110	6	17	46	s	n
1	110	6	18	36	s	n
1	110	6	19	45	s	n
1	110	6	20	34	s	n
1	110	6	21	49	s	n
1	110	6	22	31	s	n
1	110	6	23	39	s	n
1	110	6	24	44	s	n
1	110	6	25	37	s	n
1	110	6	26	21	n	n
1	110	6	27	35	s	n
1	110	6	28	30	s	n
1	110	6	29	33	n	n
1	110	6	30	19	s	n
1	110	6	31	26	n	n
1	110	6	32	16	n	n
1	110	6	33	23	n	n
1	110	6	34	11	n	n
1	110	6	35	3	n	n
1	110	6	36	8	n	n
1	110	6	37	10	n	n
1	110	6	38	10	n	n
1	110	6	39	2	n	n
1	110	6	40	6	n	n
1	110	6	41	3	n	n
1	110	6	42	2	n	n
1	110	6	43	2	n	n
1	110	6	44	2	n	n
1	110	6	45	0	n	n
1	110	6	46	0	n	n
1	110	6	47	1	n	n
1	110	6	48	0	n	n
1	110	6	49	0	n	n
1	110	6	50	0	n	n
1	110	7	1	24	s	n
1	110	7	2	37	s	n
1	110	7	3	39	s	n
1	110	7	4	28	s	n
1	110	7	5	30	s	n
1	110	7	6	29	s	n
1	110	7	7	35	s	n
1	110	7	8	26	s	n
1	110	7	9	32	s	n
1	110	7	10	39	s	n
1	110	7	11	31	s	n
1	110	7	12	35	s	n
1	110	7	13	56	s	n
1	110	7	14	41	s	n
1	110	7	15	51	s	n
1	110	7	16	39	s	n
1	110	7	17	29	s	n
1	110	7	18	43	s	n
1	110	7	19	48	s	n
1	110	7	20	39	s	n
1	110	7	21	38	s	n
1	110	7	22	24	s	n
1	110	7	23	34	s	n
1	110	7	24	41	s	n
1	110	7	25	30	s	n
1	110	7	26	22	s	n
1	110	7	27	35	s	n
1	110	7	28	29	n	n
1	110	7	29	18	s	n
1	110	7	30	26	s	n
1	110	7	31	9	n	n
1	110	7	32	11	n	n
1	110	7	33	19	n	n
1	110	7	34	5	n	n
1	110	7	35	2	n	n
1	110	7	36	1	n	n
1	110	7	37	1	n	n
1	110	7	38	2	n	n
1	110	7	39	2	n	n
1	110	7	40	4	n	n
1	110	7	41	5	n	n
1	110	7	42	1	n	n
1	110	7	43	2	n	n
1	110	7	44	0	n	n
1	110	7	45	0	n	n
1	110	7	46	0	n	n
1	110	7	47	0	n	n
1	110	7	48	0	n	n
1	110	7	49	0	n	n
1	110	7	50	0	n	n
1	110	8	1	30	s	n
1	110	8	2	33	s	n
1	110	8	3	30	s	n
1	110	8	4	22	s	n
1	110	8	5	40	s	n
1	110	8	6	25	s	n
1	110	8	7	29	s	n
1	110	8	8	29	s	n
1	110	8	9	50	s	n
1	110	8	10	34	s	n
1	110	8	11	27	s	n
1	110	8	12	32	s	n
1	110	8	13	52	s	n
1	110	8	14	44	s	n
1	110	8	15	44	s	n
1	110	8	16	38	s	n
1	110	8	17	41	s	n
1	110	8	18	46	s	n
1	110	8	19	44	s	n
1	110	8	20	45	s	n
1	110	8	21	38	s	n
1	110	8	22	33	s	n
1	110	8	23	46	s	n
1	110	8	24	49	s	n
1	110	8	25	32	s	n
1	110	8	26	36	s	n
1	110	8	27	26	s	n
1	110	8	28	22	s	n
1	110	8	29	28	n	n
1	110	8	30	9	s	n
1	110	8	31	13	s	n
1	110	8	32	16	n	n
1	110	8	33	35	n	n
1	110	8	34	5	n	n
1	110	8	35	6	n	n
1	110	8	36	6	n	n
1	110	8	37	2	n	n
1	110	8	38	4	n	n
1	110	8	39	1	n	n
1	110	8	40	5	n	n
1	110	8	41	2	n	n
1	110	8	42	2	n	n
1	110	8	43	0	n	n
1	110	8	44	1	n	n
1	110	8	45	0	n	n
1	110	8	46	0	n	n
1	110	8	47	0	n	n
1	110	8	48	0	n	n
1	110	8	49	0	n	n
1	110	8	50	0	n	n
1	110	9	1	34	s	n
1	110	9	2	33	s	n
1	110	9	3	36	s	n
1	110	9	4	34	s	n
1	110	9	5	36	s	n
1	110	9	6	31	s	n
1	110	9	7	32	s	n
1	110	9	8	31	s	n
1	110	9	9	30	s	n
1	110	9	10	32	s	n
1	110	9	11	19	s	n
1	110	9	12	29	s	n
1	110	9	13	34	s	n
1	110	9	14	32	s	n
1	110	9	15	37	s	n
1	110	9	16	55	s	n
1	110	9	17	37	s	n
1	110	9	18	42	s	n
1	110	9	19	18	s	n
1	110	9	20	22	s	n
1	110	9	21	49	s	n
1	110	9	22	44	s	n
1	110	9	23	29	s	n
1	110	9	24	45	s	n
1	110	9	25	47	s	n
1	110	9	26	53	s	n
1	110	9	27	16	s	n
1	110	9	28	19	s	n
1	110	9	29	25	n	n
1	110	9	30	22	s	n
1	110	9	31	25	n	n
1	110	9	32	16	n	n
1	110	9	33	23	n	n
1	110	9	34	2	n	n
1	110	9	35	3	n	n
1	110	9	36	2	n	n
1	110	9	37	3	n	n
1	110	9	38	1	n	n
1	110	9	39	2	n	n
1	110	9	40	2	n	n
1	110	9	41	0	n	n
1	110	9	42	1	n	n
1	110	9	43	0	n	n
1	110	9	44	0	n	n
1	110	9	45	0	n	n
1	110	9	46	0	n	n
1	110	9	47	0	n	n
1	110	9	48	0	n	n
1	110	9	49	0	n	n
1	110	9	50	0	n	n
1	110	10	1	35	s	n
1	110	10	2	48	s	n
1	110	10	3	33	s	n
1	110	10	4	33	s	n
1	110	10	5	37	s	n
1	110	10	6	27	s	n
1	110	10	7	43	s	n
1	110	10	8	28	s	n
1	110	10	9	36	s	n
1	110	10	10	34	s	n
1	110	10	11	22	s	n
1	110	10	12	33	s	n
1	110	10	13	49	s	n
1	110	10	14	21	s	n
1	110	10	15	38	s	n
1	110	10	16	33	s	n
1	110	10	17	27	s	n
1	110	10	18	36	s	n
1	110	10	19	34	s	n
1	110	10	20	28	s	n
1	110	10	21	35	s	n
1	110	10	22	43	s	n
1	110	10	23	46	s	n
1	110	10	24	38	s	n
1	110	10	25	30	s	n
1	110	10	26	40	s	n
1	110	10	27	33	s	n
1	110	10	28	34	s	n
1	110	10	29	13	s	n
1	110	10	30	21	n	n
1	110	10	31	3	n	n
1	110	10	32	21	n	n
1	110	10	33	12	n	n
1	110	10	34	8	n	n
1	110	10	35	6	n	n
1	110	10	36	5	n	n
1	110	10	37	6	n	n
1	110	10	38	1	n	n
1	110	10	39	0	n	n
1	110	10	40	0	n	n
1	110	10	41	0	n	n
1	110	10	42	0	n	n
1	110	10	43	0	n	n
1	110	10	44	0	n	n
1	110	10	45	0	n	n
1	110	10	46	0	n	n
1	110	10	47	0	n	n
1	110	10	48	0	n	n
1	110	10	49	0	n	n
1	110	10	50	0	n	n
1	110	11	1	40	s	n
1	110	11	2	32	s	n
1	110	11	3	34	s	n
1	110	11	4	37	s	n
1	110	11	5	40	s	n
1	110	11	6	40	s	n
1	110	11	7	28	s	n
1	110	11	8	31	s	n
1	110	11	9	29	s	n
1	110	11	10	37	s	n
1	110	11	11	38	s	n
1	110	11	12	46	s	n
1	110	11	13	35	s	n
1	110	11	14	25	s	n
1	110	11	15	28	s	n
1	110	11	16	39	s	n
1	110	11	17	29	s	n
1	110	11	18	25	s	n
1	110	11	19	29	s	n
1	110	11	20	26	s	n
1	110	11	21	29	s	n
1	110	11	22	46	s	n
1	110	11	23	24	s	n
1	110	11	24	28	s	n
1	110	11	25	56	s	n
1	110	11	26	55	s	n
1	110	11	27	28	n	n
1	110	11	28	24	n	n
1	110	11	29	22	n	n
1	110	11	30	21	n	n
1	110	11	31	14	n	n
1	110	11	32	6	n	n
1	110	11	33	13	n	n
1	110	11	34	5	n	n
1	110	11	35	4	n	n
1	110	11	36	1	n	n
1	110	11	37	3	n	n
1	110	11	38	1	n	n
1	110	11	39	2	n	n
1	110	11	40	0	n	n
1	110	11	41	0	n	n
1	110	11	42	0	n	n
1	110	11	43	0	n	n
1	110	11	44	0	n	n
1	110	11	45	0	n	n
1	110	11	46	0	n	n
1	110	11	47	0	n	n
1	110	11	48	0	n	n
1	110	11	49	0	n	n
1	110	11	50	0	n	n
1	110	12	1	38	s	n
1	110	12	2	42	s	n
1	110	12	3	41	s	n
1	110	12	4	45	s	n
1	110	12	5	41	s	n
1	110	12	6	36	s	n
1	110	12	7	41	s	n
1	110	12	8	27	s	n
1	110	12	9	26	s	n
1	110	12	10	40	s	n
1	110	12	11	27	s	n
1	110	12	12	30	s	n
1	110	12	13	49	s	n
1	110	12	14	22	s	n
1	110	12	15	18	s	n
1	110	12	16	20	s	n
1	110	12	17	37	s	n
1	110	12	18	34	s	n
1	110	12	19	19	s	n
1	110	12	20	45	s	n
1	110	12	21	37	s	n
1	110	12	22	41	s	n
1	110	12	23	30	s	n
1	110	12	24	40	s	n
1	110	12	25	32	s	n
1	110	12	26	39	s	n
1	110	12	27	25	s	n
1	110	12	28	31	n	n
1	110	12	29	35	n	n
1	110	12	30	6	n	n
1	110	12	31	7	n	n
1	110	12	32	3	n	n
1	110	12	33	4	n	n
1	110	12	34	5	n	n
1	110	12	35	5	n	n
1	110	12	36	6	n	n
1	110	12	37	0	n	n
1	110	12	38	0	n	n
1	110	12	39	0	n	n
1	110	12	40	0	n	n
1	110	12	41	0	n	n
1	110	12	42	0	n	n
1	110	12	43	0	n	n
1	110	12	44	0	n	n
1	110	12	45	0	n	n
1	110	12	46	0	n	n
1	110	12	47	0	n	n
1	110	12	48	0	n	n
1	110	12	49	0	n	n
1	110	12	50	0	n	n
1	110	13	1	39	s	n
1	110	13	2	42	s	n
1	110	13	3	40	s	n
1	110	13	4	39	s	n
1	110	13	5	32	s	n
1	110	13	6	33	s	n
1	110	13	7	29	s	n
1	110	13	8	36	s	n
1	110	13	9	26	s	n
1	110	13	10	34	s	n
1	110	13	11	28	s	n
1	110	13	12	36	s	n
1	110	13	13	43	s	n
1	110	13	14	38	s	n
1	110	13	15	33	s	n
1	110	13	16	19	s	n
1	110	13	17	35	s	n
1	110	13	18	22	s	n
1	110	13	19	31	s	n
1	110	13	20	28	s	n
1	110	13	21	34	s	n
1	110	13	22	40	s	n
1	110	13	23	30	s	n
1	110	13	24	45	s	n
1	110	13	25	39	s	n
1	110	13	26	29	s	n
1	110	13	27	36	s	n
1	110	13	28	27	s	n
1	110	13	29	22	n	n
1	110	13	30	13	n	n
1	110	13	31	12	n	n
1	110	13	32	14	n	n
1	110	13	33	6	n	n
1	110	13	34	8	n	n
1	110	13	35	1	n	n
1	110	13	36	1	n	n
1	110	13	37	1	n	n
1	110	13	38	1	n	n
1	110	13	39	0	n	n
1	110	13	40	0	n	n
1	110	13	41	0	n	n
1	110	13	42	0	n	n
1	110	13	43	0	n	n
1	110	13	44	0	n	n
1	110	13	45	0	n	n
1	110	13	46	0	n	n
1	110	13	47	0	n	n
1	110	13	48	0	n	n
1	110	13	49	0	n	n
1	110	13	50	0	n	n
1	110	14	1	42	s	n
1	110	14	2	43	s	n
1	110	14	3	37	s	n
1	110	14	4	38	s	n
1	110	14	5	40	s	n
1	110	14	6	41	s	n
1	110	14	7	34	s	n
1	110	14	8	38	s	n
1	110	14	9	36	s	n
1	110	14	10	34	s	n
1	110	14	11	32	s	n
1	110	14	12	34	s	n
1	110	14	13	21	s	n
1	110	14	14	31	s	n
1	110	14	15	31	s	n
1	110	14	16	34	s	n
1	110	14	17	35	s	n
1	110	14	18	32	s	n
1	110	14	19	24	s	n
1	110	14	20	31	s	n
1	110	14	21	31	s	n
1	110	14	22	36	s	n
1	110	14	23	40	s	n
1	110	14	24	21	s	n
1	110	14	25	26	s	n
1	110	14	26	34	s	n
1	110	14	27	25	n	n
1	110	14	28	37	n	n
1	110	14	29	38	n	n
1	110	14	30	12	n	n
1	110	14	31	13	n	n
1	110	14	32	6	n	n
1	110	14	33	5	n	n
1	110	14	34	3	n	n
1	110	14	35	2	n	n
1	110	14	36	6	n	n
1	110	14	37	0	n	n
1	110	14	38	0	n	n
1	110	14	39	0	n	n
1	110	14	40	0	n	n
1	110	14	41	0	n	n
1	110	14	42	0	n	n
1	110	14	43	0	n	n
1	110	14	44	0	n	n
1	110	14	45	0	n	n
1	110	14	46	0	n	n
1	110	14	47	0	n	n
1	110	14	48	0	n	n
1	110	14	49	0	n	n
1	110	14	50	0	n	n
1	110	15	1	45	s	n
1	110	15	2	44	s	n
1	110	15	3	40	s	n
1	110	15	4	32	s	n
1	110	15	5	35	s	n
1	110	15	6	42	s	n
1	110	15	7	31	s	n
1	110	15	8	33	s	n
1	110	15	9	30	s	n
1	110	15	10	34	s	n
1	110	15	11	37	s	n
1	110	15	12	22	s	n
1	110	15	13	33	s	n
1	110	15	14	35	s	n
1	110	15	15	25	s	n
1	110	15	16	32	s	n
1	110	15	17	20	s	n
1	110	15	18	21	s	n
1	110	15	19	25	s	n
1	110	15	20	25	s	n
1	110	15	21	27	s	n
1	110	15	22	37	s	n
1	110	15	23	45	s	n
1	110	15	24	36	s	n
1	110	15	25	30	s	n
1	110	15	26	32	s	n
1	110	15	27	43	s	d
1	110	15	28	25	n	n
1	110	15	29	39	n	n
1	110	15	30	21	n	n
1	110	15	31	18	n	n
1	110	15	32	11	n	n
1	110	15	33	7	n	n
1	110	15	34	9	n	n
1	110	15	35	4	n	n
1	110	15	36	1	n	n
1	110	15	37	0	n	n
1	110	15	38	1	n	n
1	110	15	39	0	n	n
1	110	15	40	0	n	n
1	110	15	41	0	n	n
1	110	15	42	0	n	n
1	110	15	43	0	n	n
1	110	15	44	0	n	n
1	110	15	45	0	n	n
1	110	15	46	0	n	n
1	110	15	47	0	n	n
1	110	15	48	0	n	n
1	110	15	49	0	n	n
1	110	15	50	0	n	n
1	110	16	1	41	s	n
1	110	16	2	37	s	n
1	110	16	3	39	s	n
1	110	16	4	35	s	n
1	110	16	5	34	s	n
1	110	16	6	37	s	n
1	110	16	7	45	s	n
1	110	16	8	34	s	n
1	110	16	9	37	s	n
1	110	16	10	29	s	n
1	110	16	11	30	s	n
1	110	16	12	19	s	n
1	110	16	13	29	s	n
1	110	16	14	30	s	n
1	110	16	15	22	s	n
1	110	16	16	25	s	n
1	110	16	17	32	s	n
1	110	16	18	23	s	n
1	110	16	19	19	s	n
1	110	16	20	29	s	n
1	110	16	21	37	s	n
1	110	16	22	24	s	n
1	110	16	23	43	s	n
1	110	16	24	38	s	n
1	110	16	25	42	s	n
1	110	16	26	28	n	n
1	110	16	27	35	n	n
1	110	16	28	24	n	n
1	110	16	29	19	n	n
1	110	16	30	31	n	n
1	110	16	31	11	n	n
1	110	16	32	4	n	n
1	110	16	33	14	n	n
1	110	16	34	3	n	n
1	110	16	35	3	n	n
1	110	16	36	3	n	n
1	110	16	37	0	n	n
1	110	16	38	1	n	n
1	110	16	39	0	n	n
1	110	16	40	0	n	n
1	110	16	41	0	n	n
1	110	16	42	0	n	n
1	110	16	43	0	n	n
1	110	16	44	0	n	n
1	110	16	45	0	n	n
1	110	16	46	0	n	n
1	110	16	47	0	n	n
1	110	16	48	0	n	n
1	110	16	49	0	n	n
1	110	16	50	0	n	n
1	110	17	1	40	s	n
1	110	17	2	41	s	n
1	110	17	3	32	s	n
1	110	17	4	42	s	n
1	110	17	5	35	s	n
1	110	17	6	42	s	n
1	110	17	7	40	s	n
1	110	17	8	34	s	n
1	110	17	9	34	s	n
1	110	17	10	35	s	n
1	110	17	11	25	s	n
1	110	17	12	21	s	n
1	110	17	13	21	s	n
1	110	17	14	27	s	n
1	110	17	15	29	s	n
1	110	17	16	21	s	n
1	110	17	17	26	s	n
1	110	17	18	22	s	n
1	110	17	19	33	s	n
1	110	17	20	36	s	n
1	110	17	21	35	s	n
1	110	17	22	22	s	n
1	110	17	23	26	s	n
1	110	17	24	41	s	n
1	110	17	25	53	s	d
1	110	17	26	31	n	n
1	110	17	27	35	n	n
1	110	17	28	25	n	n
1	110	17	29	37	n	n
1	110	17	30	28	n	n
1	110	17	31	19	n	n
1	110	17	32	24	n	n
1	110	17	33	7	n	n
1	110	17	34	6	n	n
1	110	17	35	1	n	n
1	110	17	36	0	n	n
1	110	17	37	1	n	n
1	110	17	38	1	n	n
1	110	17	39	2	n	n
1	110	17	40	2	n	n
1	110	17	41	0	n	n
1	110	17	42	0	n	n
1	110	17	43	0	n	n
1	110	17	44	0	n	n
1	110	17	45	0	n	n
1	110	17	46	0	n	n
1	110	17	47	0	n	n
1	110	17	48	0	n	n
1	110	17	49	0	n	n
1	110	17	50	0	n	n
1	110	18	1	31	s	n
1	110	18	2	35	s	n
1	110	18	3	35	s	n
1	110	18	4	30	s	n
1	110	18	5	30	s	n
1	110	18	6	32	s	n
1	110	18	7	33	s	n
1	110	18	8	29	s	n
1	110	18	9	30	s	n
1	110	18	10	33	s	n
1	110	18	11	26	s	n
1	110	18	12	29	s	n
1	110	18	13	23	s	n
1	110	18	14	26	s	n
1	110	18	15	28	s	n
1	110	18	16	32	s	n
1	110	18	17	28	s	n
1	110	18	18	29	s	n
1	110	18	19	31	s	n
1	110	18	20	35	s	n
1	110	18	21	24	s	n
1	110	18	22	32	s	n
1	110	18	23	30	s	n
1	110	18	24	35	s	n
1	110	18	25	39	n	n
1	110	18	26	43	s	d
1	110	18	27	32	n	n
1	110	18	28	40	s	d
1	110	18	29	23	n	n
1	110	18	30	25	n	n
1	110	18	31	15	n	n
1	110	18	32	8	n	n
1	110	18	33	2	n	n
1	110	18	34	4	n	n
1	110	18	35	8	n	n
1	110	18	36	3	n	n
1	110	18	37	1	n	n
1	110	18	38	1	n	n
1	110	18	39	2	n	n
1	110	18	40	0	n	n
1	110	18	41	0	n	n
1	110	18	42	0	n	n
1	110	18	43	0	n	n
1	110	18	44	0	n	n
1	110	18	45	0	n	n
1	110	18	46	0	n	n
1	110	18	47	0	n	n
1	110	18	48	0	n	n
1	110	18	49	0	n	n
1	110	18	50	0	n	n
1	110	19	1	34	s	n
1	110	19	2	40	s	n
1	110	19	3	28	s	n
1	110	19	4	23	s	n
1	110	19	5	37	s	n
1	110	19	6	30	s	n
1	110	19	7	31	s	n
1	110	19	8	35	s	n
1	110	19	9	31	s	n
1	110	19	10	29	s	n
1	110	19	11	21	s	n
1	110	19	12	29	s	n
1	110	19	13	16	s	n
1	110	19	14	22	s	n
1	110	19	15	25	s	n
1	110	19	16	37	s	n
1	110	19	17	25	s	n
1	110	19	18	30	s	n
1	110	19	19	21	s	n
1	110	19	20	39	s	n
1	110	19	21	37	s	n
1	110	19	22	45	s	n
1	110	19	23	51	s	n
1	110	19	24	34	s	n
1	110	19	25	40	s	n
1	110	19	26	43	s	d
1	110	19	27	34	n	n
1	110	19	28	17	n	n
1	110	19	29	27	s	n
1	110	19	30	10	n	n
1	110	19	31	19	n	n
1	110	19	32	7	n	n
1	110	19	33	6	n	n
1	110	19	34	6	n	n
1	110	19	35	2	n	n
1	110	19	36	5	n	n
1	110	19	37	5	n	n
1	110	19	38	0	n	n
1	110	19	39	2	n	n
1	110	19	40	3	n	n
1	110	19	41	1	n	n
1	110	19	42	0	n	n
1	110	19	43	0	n	n
1	110	19	44	0	n	n
1	110	19	45	0	n	n
1	110	19	46	0	n	n
1	110	19	47	0	n	n
1	110	19	48	0	n	n
1	110	19	49	0	n	n
1	110	19	50	0	n	n
1	110	20	1	28	s	n
1	110	20	2	34	s	n
1	110	20	3	34	s	n
1	110	20	4	34	s	n
1	110	20	5	28	s	n
1	110	20	6	34	s	n
1	110	20	7	30	s	n
1	110	20	8	27	s	n
1	110	20	9	27	s	n
1	110	20	10	29	s	n
1	110	20	11	22	s	n
1	110	20	12	29	s	n
1	110	20	13	22	s	n
1	110	20	14	20	s	n
1	110	20	15	33	s	n
1	110	20	16	34	s	n
1	110	20	17	29	s	n
1	110	20	18	37	s	n
1	110	20	19	32	s	n
1	110	20	20	34	s	n
1	110	20	21	31	s	n
1	110	20	22	43	s	n
1	110	20	23	50	s	n
1	110	20	24	38	s	n
1	110	20	25	35	s	n
1	110	20	26	49	s	n
1	110	20	27	40	s	n
1	110	20	28	36	n	n
1	110	20	29	16	n	n
1	110	20	30	3	n	n
1	110	20	31	9	n	n
1	110	20	32	13	n	n
1	110	20	33	1	n	n
1	110	20	34	2	n	n
1	110	20	35	0	n	n
1	110	20	36	5	n	n
1	110	20	37	1	n	n
1	110	20	38	4	n	n
1	110	20	39	2	n	n
1	110	20	40	0	n	n
1	110	20	41	3	n	n
1	110	20	42	0	n	n
1	110	20	43	0	n	n
1	110	20	44	0	n	n
1	110	20	45	0	n	n
1	110	20	46	0	n	n
1	110	20	47	0	n	n
1	110	20	48	0	n	n
1	110	20	49	0	n	n
1	110	20	50	0	n	n
1	120	1	1	24	s	n
1	120	1	2	32	s	n
1	120	1	3	24	s	n
1	120	1	4	20	s	n
1	120	1	5	21	s	n
1	120	1	6	21	s	n
1	120	1	7	22	s	n
1	120	1	8	11	s	n
1	120	1	9	33	s	n
1	120	1	10	31	s	n
1	120	1	11	28	s	n
1	120	1	12	26	s	n
1	120	1	13	42	s	n
1	120	1	14	26	s	n
1	120	1	15	42	s	n
1	120	1	16	37	s	n
1	120	1	17	34	s	n
1	120	1	18	44	s	n
1	120	1	19	35	s	n
1	120	1	20	50	s	n
1	120	1	21	52	s	n
1	120	1	22	31	s	n
1	120	1	23	30	s	n
1	120	1	24	17	s	n
1	120	1	25	22	s	n
1	120	1	26	25	s	n
1	120	1	27	29	s	n
1	120	1	28	28	s	n
1	120	1	29	37	s	n
1	120	1	30	24	s	n
1	120	1	31	23	s	n
1	120	1	32	33	n	n
1	120	1	33	37	n	n
1	120	1	34	54	s	d
1	120	1	35	46	s	d
1	120	1	36	39	n	n
1	120	1	37	22	n	n
1	120	1	38	21	n	n
1	120	1	39	23	n	n
1	120	1	40	24	n	n
1	120	1	41	12	n	n
1	120	1	42	23	n	n
1	120	1	43	8	n	n
1	120	1	44	3	n	n
1	120	1	45	4	n	n
1	120	1	46	4	n	n
1	120	1	47	1	n	n
1	120	1	48	0	n	n
1	120	1	49	1	n	n
1	120	1	50	0	n	n
1	120	2	1	25	s	n
1	120	2	2	43	s	n
1	120	2	3	38	s	n
1	120	2	4	32	s	n
1	120	2	5	21	s	n
1	120	2	6	19	s	n
1	120	2	7	13	s	n
1	120	2	8	29	s	n
1	120	2	9	28	s	n
1	120	2	10	29	s	n
1	120	2	11	26	s	n
1	120	2	12	31	s	n
1	120	2	13	29	s	n
1	120	2	14	26	s	n
1	120	2	15	39	s	n
1	120	2	16	46	s	n
1	120	2	17	48	s	n
1	120	2	18	52	s	n
1	120	2	19	56	s	n
1	120	2	20	42	s	n
1	120	2	21	50	s	n
1	120	2	22	37	s	n
1	120	2	23	36	s	n
1	120	2	24	53	s	n
1	120	2	25	37	s	n
1	120	2	26	23	s	n
1	120	2	27	43	s	n
1	120	2	28	26	s	n
1	120	2	29	36	s	n
1	120	2	30	30	n	n
1	120	2	31	40	s	n
1	120	2	32	30	s	n
1	120	2	33	26	n	n
1	120	2	34	52	s	d
1	120	2	35	38	n	n
1	120	2	36	13	n	n
1	120	2	37	36	n	n
1	120	2	38	22	n	n
1	120	2	39	21	n	n
1	120	2	40	21	n	n
1	120	2	41	15	n	n
1	120	2	42	10	n	n
1	120	2	43	8	n	n
1	120	2	44	6	n	n
1	120	2	45	4	n	n
1	120	2	46	3	n	n
1	120	2	47	0	n	n
1	120	2	48	0	n	n
1	120	2	49	0	n	n
1	120	2	50	0	n	n
1	120	3	1	23	s	n
1	120	3	2	31	s	n
1	120	3	3	24	s	n
1	120	3	4	25	s	n
1	120	3	5	29	s	n
1	120	3	6	17	s	n
1	120	3	7	25	s	n
1	120	3	8	29	s	n
1	120	3	9	31	s	n
1	120	3	10	37	s	n
1	120	3	11	28	s	n
1	120	3	12	32	s	n
1	120	3	13	32	s	n
1	120	3	14	30	s	n
1	120	3	15	33	s	n
1	120	3	16	28	s	n
1	120	3	17	46	s	n
1	120	3	18	50	s	n
1	120	3	19	32	s	n
1	120	3	20	58	s	n
1	120	3	21	38	s	n
1	120	3	22	34	s	n
1	120	3	23	31	s	n
1	120	3	24	23	s	n
1	120	3	25	24	s	n
1	120	3	26	17	s	n
1	120	3	27	30	s	n
1	120	3	28	33	s	n
1	120	3	29	32	s	n
1	120	3	30	26	n	n
1	120	3	31	23	s	n
1	120	3	32	28	n	n
1	120	3	33	39	n	n
1	120	3	34	33	n	n
1	120	3	35	34	s	n
1	120	3	36	39	s	n
1	120	3	37	32	n	n
1	120	3	38	23	n	n
1	120	3	39	17	n	n
1	120	3	40	7	n	n
1	120	3	41	7	n	n
1	120	3	42	4	n	n
1	120	3	43	1	n	n
1	120	3	44	6	n	n
1	120	3	45	1	n	n
1	120	3	46	5	n	n
1	120	3	47	0	n	n
1	120	3	48	0	n	n
1	120	3	49	0	n	n
1	120	3	50	0	n	n
1	120	4	1	32	s	n
1	120	4	2	27	s	n
1	120	4	3	25	s	n
1	120	4	4	27	s	n
1	120	4	5	23	s	n
1	120	4	6	21	s	n
1	120	4	7	22	s	n
1	120	4	8	28	s	n
1	120	4	9	30	s	n
1	120	4	10	25	s	n
1	120	4	11	31	s	n
1	120	4	12	36	s	n
1	120	4	13	33	s	n
1	120	4	14	30	s	n
1	120	4	15	39	s	n
1	120	4	16	36	s	n
1	120	4	17	42	s	n
1	120	4	18	39	s	n
1	120	4	19	60	s	n
1	120	4	20	39	s	n
1	120	4	21	26	s	n
1	120	4	22	40	s	n
1	120	4	23	27	s	n
1	120	4	24	41	s	n
1	120	4	25	25	s	n
1	120	4	26	37	s	n
1	120	4	27	26	s	n
1	120	4	28	42	s	n
1	120	4	29	36	n	n
1	120	4	30	27	s	n
1	120	4	31	29	n	n
1	120	4	32	30	s	n
1	120	4	33	43	s	d
1	120	4	34	36	n	n
1	120	4	35	38	n	n
1	120	4	36	31	n	n
1	120	4	37	26	n	n
1	120	4	38	19	n	n
1	120	4	39	13	n	n
1	120	4	40	14	n	n
1	120	4	41	6	n	n
1	120	4	42	4	n	n
1	120	4	43	7	n	n
1	120	4	44	5	n	n
1	120	4	45	1	n	n
1	120	4	46	1	n	n
1	120	4	47	0	n	n
1	120	4	48	0	n	n
1	120	4	49	0	n	n
1	120	4	50	0	n	n
1	120	5	1	27	s	n
1	120	5	2	24	s	n
1	120	5	3	23	s	n
1	120	5	4	32	s	n
1	120	5	5	24	s	n
1	120	5	6	21	s	n
1	120	5	7	23	s	n
1	120	5	8	29	s	n
1	120	5	9	30	s	n
1	120	5	10	27	s	n
1	120	5	11	25	s	n
1	120	5	12	37	s	n
1	120	5	13	36	s	n
1	120	5	14	34	s	n
1	120	5	15	27	s	n
1	120	5	16	36	s	n
1	120	5	17	25	s	n
1	120	5	18	34	s	n
1	120	5	19	52	s	n
1	120	5	20	47	s	n
1	120	5	21	43	s	n
1	120	5	22	28	s	n
1	120	5	23	35	s	n
1	120	5	24	35	s	n
1	120	5	25	46	s	n
1	120	5	26	32	s	n
1	120	5	27	37	s	n
1	120	5	28	42	s	n
1	120	5	29	34	s	n
1	120	5	30	18	s	n
1	120	5	31	38	n	n
1	120	5	32	30	s	n
1	120	5	33	36	s	n
1	120	5	34	37	n	n
1	120	5	35	35	n	n
1	120	5	36	25	n	n
1	120	5	37	28	n	n
1	120	5	38	13	n	n
1	120	5	39	16	n	n
1	120	5	40	9	n	n
1	120	5	41	4	n	n
1	120	5	42	5	n	n
1	120	5	43	6	n	n
1	120	5	44	2	n	n
1	120	5	45	1	n	n
1	120	5	46	0	n	n
1	120	5	47	0	n	n
1	120	5	48	0	n	n
1	120	5	49	0	n	n
1	120	5	50	0	n	n
1	120	6	1	24	s	n
1	120	6	2	24	s	n
1	120	6	3	18	s	n
1	120	6	4	23	s	n
1	120	6	5	26	s	n
1	120	6	6	28	s	n
1	120	6	7	32	s	n
1	120	6	8	29	s	n
1	120	6	9	39	s	n
1	120	6	10	29	s	n
1	120	6	11	28	s	n
1	120	6	12	28	s	n
1	120	6	13	33	s	n
1	120	6	14	27	s	n
1	120	6	15	32	s	n
1	120	6	16	41	s	n
1	120	6	17	38	s	n
1	120	6	18	40	s	n
1	120	6	19	43	s	n
1	120	6	20	48	s	n
1	120	6	21	29	s	n
1	120	6	22	33	s	n
1	120	6	23	42	s	n
1	120	6	24	28	s	n
1	120	6	25	32	s	n
1	120	6	26	45	s	n
1	120	6	27	50	s	n
1	120	6	28	30	s	n
1	120	6	29	28	s	n
1	120	6	30	16	s	n
1	120	6	31	42	s	n
1	120	6	32	42	s	n
1	120	6	33	33	s	n
1	120	6	34	32	s	n
1	120	6	35	29	n	n
1	120	6	36	32	n	n
1	120	6	37	7	n	n
1	120	6	38	9	n	n
1	120	6	39	5	n	n
1	120	6	40	3	n	n
1	120	6	41	1	n	n
1	120	6	42	1	n	n
1	120	6	43	2	n	n
1	120	6	44	2	n	n
1	120	6	45	1	n	n
1	120	6	46	0	n	n
1	120	6	47	1	n	n
1	120	6	48	2	n	n
1	120	6	49	0	n	n
1	120	6	50	0	n	n
1	120	7	1	24	s	n
1	120	7	2	30	s	n
1	120	7	3	29	s	n
1	120	7	4	31	s	n
1	120	7	5	27	s	n
1	120	7	6	17	s	n
1	120	7	7	32	s	n
1	120	7	8	32	s	n
1	120	7	9	29	s	n
1	120	7	10	29	s	n
1	120	7	11	34	s	n
1	120	7	12	36	s	n
1	120	7	13	30	s	n
1	120	7	14	38	s	n
1	120	7	15	31	s	n
1	120	7	16	39	s	n
1	120	7	17	43	s	n
1	120	7	18	38	s	n
1	120	7	19	49	s	n
1	120	7	20	26	s	n
1	120	7	21	50	s	n
1	120	7	22	36	s	n
1	120	7	23	37	s	n
1	120	7	24	24	s	n
1	120	7	25	31	s	n
1	120	7	26	48	s	n
1	120	7	27	36	s	n
1	120	7	28	27	s	n
1	120	7	29	23	n	n
1	120	7	30	12	s	n
1	120	7	31	37	s	n
1	120	7	32	23	s	n
1	120	7	33	34	s	n
1	120	7	34	28	s	n
1	120	7	35	33	n	n
1	120	7	36	16	n	n
1	120	7	37	14	n	n
1	120	7	38	7	n	n
1	120	7	39	2	n	n
1	120	7	40	7	n	n
1	120	7	41	3	n	n
1	120	7	42	3	n	n
1	120	7	43	2	n	n
1	120	7	44	0	n	n
1	120	7	45	0	n	n
1	120	7	46	0	n	n
1	120	7	47	0	n	n
1	120	7	48	0	n	n
1	120	7	49	0	n	n
1	120	7	50	0	n	n
1	120	8	1	26	s	n
1	120	8	2	31	s	n
1	120	8	3	33	s	n
1	120	8	4	28	s	n
1	120	8	5	26	s	n
1	120	8	6	28	s	n
1	120	8	7	42	s	n
1	120	8	8	31	s	n
1	120	8	9	38	s	n
1	120	8	10	41	s	n
1	120	8	11	31	s	n
1	120	8	12	26	s	n
1	120	8	13	44	s	n
1	120	8	14	36	s	n
1	120	8	15	35	s	n
1	120	8	16	30	s	n
1	120	8	17	41	s	n
1	120	8	18	38	s	n
1	120	8	19	37	s	n
1	120	8	20	41	s	n
1	120	8	21	33	s	n
1	120	8	22	49	s	n
1	120	8	23	45	s	n
1	120	8	24	30	s	n
1	120	8	25	32	s	n
1	120	8	26	36	s	n
1	120	8	27	29	s	n
1	120	8	28	33	s	n
1	120	8	29	33	s	n
1	120	8	30	35	s	n
1	120	8	31	25	s	n
1	120	8	32	29	s	n
1	120	8	33	32	s	n
1	120	8	34	20	n	n
1	120	8	35	25	n	n
1	120	8	36	8	n	n
1	120	8	37	5	n	n
1	120	8	38	9	n	n
1	120	8	39	4	n	n
1	120	8	40	4	n	n
1	120	8	41	3	n	n
1	120	8	42	0	n	n
1	120	8	43	0	n	n
1	120	8	44	2	n	n
1	120	8	45	1	n	n
1	120	8	46	1	n	n
1	120	8	47	0	n	n
1	120	8	48	0	n	n
1	120	8	49	0	n	n
1	120	8	50	0	n	n
1	120	9	1	33	s	n
1	120	9	2	34	s	n
1	120	9	3	32	s	n
1	120	9	4	39	s	n
1	120	9	5	31	s	n
1	120	9	6	29	s	n
1	120	9	7	24	s	n
1	120	9	8	31	s	n
1	120	9	9	26	s	n
1	120	9	10	39	s	n
1	120	9	11	48	s	n
1	120	9	12	44	s	n
1	120	9	13	44	s	n
1	120	9	14	33	s	n
1	120	9	15	45	s	n
1	120	9	16	48	s	n
1	120	9	17	52	s	n
1	120	9	18	31	s	n
1	120	9	19	30	s	n
1	120	9	20	34	s	n
1	120	9	21	42	s	n
1	120	9	22	40	s	n
1	120	9	23	34	s	n
1	120	9	24	28	s	n
1	120	9	25	28	s	n
1	120	9	26	43	s	n
1	120	9	27	27	s	n
1	120	9	28	26	s	n
1	120	9	29	22	s	n
1	120	9	30	32	n	n
1	120	9	31	52	s	n
1	120	9	32	27	n	n
1	120	9	33	11	n	n
1	120	9	34	27	n	n
1	120	9	35	23	n	n
1	120	9	36	6	n	n
1	120	9	37	7	n	n
1	120	9	38	2	n	n
1	120	9	39	1	n	n
1	120	9	40	0	n	n
1	120	9	41	0	n	n
1	120	9	42	3	n	n
1	120	9	43	0	n	n
1	120	9	44	1	n	n
1	120	9	45	0	n	n
1	120	9	46	0	n	n
1	120	9	47	2	n	n
1	120	9	48	0	n	n
1	120	9	49	0	n	n
1	120	9	50	0	n	n
1	120	10	1	27	s	n
1	120	10	2	28	s	n
1	120	10	3	19	s	n
1	120	10	4	35	s	n
1	120	10	5	27	s	n
1	120	10	6	28	s	n
1	120	10	7	34	s	n
1	120	10	8	37	s	n
1	120	10	9	28	s	n
1	120	10	10	34	s	n
1	120	10	11	34	s	n
1	120	10	12	28	s	n
1	120	10	13	38	s	n
1	120	10	14	23	s	n
1	120	10	15	40	s	n
1	120	10	16	34	s	n
1	120	10	17	32	s	n
1	120	10	18	27	s	n
1	120	10	19	30	s	n
1	120	10	20	32	s	n
1	120	10	21	39	s	n
1	120	10	22	49	s	n
1	120	10	23	34	s	n
1	120	10	24	37	s	n
1	120	10	25	38	s	n
1	120	10	26	24	s	n
1	120	10	27	47	s	n
1	120	10	28	33	s	n
1	120	10	29	35	s	n
1	120	10	30	45	s	n
1	120	10	31	22	n	n
1	120	10	32	18	n	n
1	120	10	33	17	n	n
1	120	10	34	18	n	n
1	120	10	35	6	n	n
1	120	10	36	18	n	n
1	120	10	37	10	n	n
1	120	10	38	2	n	n
1	120	10	39	0	n	n
1	120	10	40	1	n	n
1	120	10	41	0	n	n
1	120	10	42	0	n	n
1	120	10	43	1	n	n
1	120	10	44	0	n	n
1	120	10	45	0	n	n
1	120	10	46	0	n	n
1	120	10	47	1	n	n
1	120	10	48	0	n	n
1	120	10	49	0	n	n
1	120	10	50	0	n	n
1	120	11	1	33	s	n
1	120	11	2	42	s	n
1	120	11	3	37	s	n
1	120	11	4	34	s	n
1	120	11	5	30	s	n
1	120	11	6	29	s	n
1	120	11	7	32	s	n
1	120	11	8	34	s	n
1	120	11	9	34	s	n
1	120	11	10	35	s	n
1	120	11	11	42	s	n
1	120	11	12	28	s	n
1	120	11	13	31	s	n
1	120	11	14	44	s	n
1	120	11	15	32	s	n
1	120	11	16	37	s	n
1	120	11	17	36	s	n
1	120	11	18	26	s	n
1	120	11	19	38	s	n
1	120	11	20	32	s	n
1	120	11	21	41	s	n
1	120	11	22	35	s	n
1	120	11	23	45	s	n
1	120	11	24	43	s	n
1	120	11	25	43	s	n
1	120	11	26	23	s	n
1	120	11	27	44	s	n
1	120	11	28	23	s	n
1	120	11	29	34	s	n
1	120	11	30	36	s	n
1	120	11	31	45	s	n
1	120	11	32	30	n	n
1	120	11	33	16	n	n
1	120	11	34	22	n	n
1	120	11	35	15	n	n
1	120	11	36	14	n	n
1	120	11	37	12	n	n
1	120	11	38	4	n	n
1	120	11	39	0	n	n
1	120	11	40	0	n	n
1	120	11	41	1	n	n
1	120	11	42	0	n	n
1	120	11	43	0	n	n
1	120	11	44	0	n	n
1	120	11	45	0	n	n
1	120	11	46	0	n	n
1	120	11	47	0	n	n
1	120	11	48	0	n	n
1	120	11	49	0	n	n
1	120	11	50	0	n	n
1	120	12	1	35	s	n
1	120	12	2	36	s	n
1	120	12	3	32	s	n
1	120	12	4	36	s	n
1	120	12	5	33	s	n
1	120	12	6	34	s	n
1	120	12	7	35	s	n
1	120	12	8	29	s	n
1	120	12	9	32	s	n
1	120	12	10	40	s	n
1	120	12	11	28	s	n
1	120	12	12	28	s	n
1	120	12	13	31	s	n
1	120	12	14	25	s	n
1	120	12	15	32	s	n
1	120	12	16	34	s	n
1	120	12	17	24	s	n
1	120	12	18	42	s	n
1	120	12	19	25	s	n
1	120	12	20	32	s	n
1	120	12	21	35	s	n
1	120	12	22	35	s	n
1	120	12	23	30	s	n
1	120	12	24	32	s	n
1	120	12	25	38	s	n
1	120	12	26	28	s	n
1	120	12	27	19	s	n
1	120	12	28	35	s	n
1	120	12	29	46	s	n
1	120	12	30	26	s	n
1	120	12	31	33	n	n
1	120	12	32	22	s	n
1	120	12	33	28	n	n
1	120	12	34	9	n	n
1	120	12	35	5	n	n
1	120	12	36	3	n	n
1	120	12	37	9	n	n
1	120	12	38	0	n	n
1	120	12	39	3	n	n
1	120	12	40	0	n	n
1	120	12	41	2	n	n
1	120	12	42	0	n	n
1	120	12	43	0	n	n
1	120	12	44	0	n	n
1	120	12	45	0	n	n
1	120	12	46	0	n	n
1	120	12	47	0	n	n
1	120	12	48	0	n	n
1	120	12	49	0	n	n
1	120	12	50	0	n	n
1	120	13	1	34	s	n
1	120	13	2	39	s	n
1	120	13	3	44	s	n
1	120	13	4	45	s	n
1	120	13	5	30	s	n
1	120	13	6	39	s	n
1	120	13	7	32	s	n
1	120	13	8	37	s	n
1	120	13	9	36	s	n
1	120	13	10	36	s	n
1	120	13	11	35	s	n
1	120	13	12	30	s	n
1	120	13	13	29	s	n
1	120	13	14	33	s	n
1	120	13	15	27	s	n
1	120	13	16	32	s	n
1	120	13	17	46	s	n
1	120	13	18	25	s	n
1	120	13	19	28	s	n
1	120	13	20	44	s	n
1	120	13	21	49	s	n
1	120	13	22	31	s	n
1	120	13	23	43	s	n
1	120	13	24	43	s	n
1	120	13	25	34	s	n
1	120	13	26	50	s	n
1	120	13	27	28	s	n
1	120	13	28	30	s	n
1	120	13	29	28	s	n
1	120	13	30	36	s	n
1	120	13	31	27	n	n
1	120	13	32	23	n	n
1	120	13	33	25	n	n
1	120	13	34	20	n	n
1	120	13	35	15	n	n
1	120	13	36	15	n	n
1	120	13	37	7	n	n
1	120	13	38	3	n	n
1	120	13	39	1	n	n
1	120	13	40	1	n	n
1	120	13	41	2	n	n
1	120	13	42	1	n	n
1	120	13	43	0	n	n
1	120	13	44	0	n	n
1	120	13	45	0	n	n
1	120	13	46	0	n	n
1	120	13	47	0	n	n
1	120	13	48	0	n	n
1	120	13	49	0	n	n
1	120	13	50	0	n	n
1	120	14	1	48	s	n
1	120	14	2	43	s	n
1	120	14	3	36	s	n
1	120	14	4	42	s	n
1	120	14	5	42	s	n
1	120	14	6	39	s	n
1	120	14	7	25	s	n
1	120	14	8	29	s	n
1	120	14	9	34	s	n
1	120	14	10	47	s	n
1	120	14	11	38	s	n
1	120	14	12	38	s	n
1	120	14	13	42	s	n
1	120	14	14	27	s	n
1	120	14	15	36	s	n
1	120	14	16	36	s	n
1	120	14	17	43	s	n
1	120	14	18	36	s	n
1	120	14	19	26	s	n
1	120	14	20	40	s	n
1	120	14	21	43	s	n
1	120	14	22	43	s	n
1	120	14	23	43	s	n
1	120	14	24	48	s	n
1	120	14	25	40	s	n
1	120	14	26	40	s	n
1	120	14	27	26	s	n
1	120	14	28	34	s	n
1	120	14	29	41	s	n
1	120	14	30	27	n	n
1	120	14	31	25	s	n
1	120	14	32	14	n	n
1	120	14	33	14	n	n
1	120	14	34	25	n	n
1	120	14	35	9	n	n
1	120	14	36	2	n	n
1	120	14	37	8	n	n
1	120	14	38	4	n	n
1	120	14	39	2	n	n
1	120	14	40	1	n	n
1	120	14	41	4	n	n
1	120	14	42	1	n	n
1	120	14	43	1	n	n
1	120	14	44	0	n	n
1	120	14	45	0	n	n
1	120	14	46	0	n	n
1	120	14	47	0	n	n
1	120	14	48	0	n	n
1	120	14	49	0	n	n
1	120	14	50	0	n	n
1	120	15	1	54	s	n
1	120	15	2	42	s	n
1	120	15	3	35	s	n
1	120	15	4	37	s	n
1	120	15	5	34	s	n
1	120	15	6	33	s	n
1	120	15	7	36	s	n
1	120	15	8	30	s	n
1	120	15	9	41	s	n
1	120	15	10	33	s	n
1	120	15	11	19	s	n
1	120	15	12	30	s	n
1	120	15	13	32	s	n
1	120	15	14	32	s	n
1	120	15	15	19	s	n
1	120	15	16	29	s	n
1	120	15	17	40	s	n
1	120	15	18	33	s	n
1	120	15	19	35	s	n
1	120	15	20	36	s	n
1	120	15	21	35	s	n
1	120	15	22	45	s	n
1	120	15	23	38	s	n
1	120	15	24	41	s	n
1	120	15	25	43	s	n
1	120	15	26	20	s	n
1	120	15	27	29	s	n
1	120	15	28	42	s	n
1	120	15	29	43	s	n
1	120	15	30	28	s	n
1	120	15	31	35	n	n
1	120	15	32	27	n	n
1	120	15	33	42	s	d
1	120	15	34	31	n	n
1	120	15	35	8	n	n
1	120	15	36	7	n	n
1	120	15	37	8	n	n
1	120	15	38	6	n	n
1	120	15	39	3	n	n
1	120	15	40	1	n	n
1	120	15	41	0	n	n
1	120	15	42	2	n	n
1	120	15	43	0	n	n
1	120	15	44	0	n	n
1	120	15	45	0	n	n
1	120	15	46	0	n	n
1	120	15	47	0	n	n
1	120	15	48	0	n	n
1	120	15	49	0	n	n
1	120	15	50	0	n	n
1	120	16	1	35	s	n
1	120	16	2	36	s	n
1	120	16	3	32	s	n
1	120	16	4	37	s	n
1	120	16	5	38	s	n
1	120	16	6	34	s	n
1	120	16	7	29	s	n
1	120	16	8	35	s	n
1	120	16	9	30	s	n
1	120	16	10	34	s	n
1	120	16	11	19	s	n
1	120	16	12	35	s	n
1	120	16	13	21	s	n
1	120	16	14	23	s	n
1	120	16	15	26	s	n
1	120	16	16	32	s	n
1	120	16	17	39	s	n
1	120	16	18	34	s	n
1	120	16	19	42	s	n
1	120	16	20	39	s	n
1	120	16	21	35	s	n
1	120	16	22	41	s	n
1	120	16	23	36	s	n
1	120	16	24	39	s	n
1	120	16	25	37	s	n
1	120	16	26	35	s	n
1	120	16	27	39	s	n
1	120	16	28	41	s	n
1	120	16	29	31	s	n
1	120	16	30	24	s	n
1	120	16	31	33	s	n
1	120	16	32	37	n	n
1	120	16	33	13	n	n
1	120	16	34	23	n	n
1	120	16	35	12	n	n
1	120	16	36	14	n	n
1	120	16	37	9	n	n
1	120	16	38	3	n	n
1	120	16	39	6	n	n
1	120	16	40	3	n	n
1	120	16	41	7	n	n
1	120	16	42	2	n	n
1	120	16	43	0	n	n
1	120	16	44	0	n	n
1	120	16	45	0	n	n
1	120	16	46	0	n	n
1	120	16	47	0	n	n
1	120	16	48	0	n	n
1	120	16	49	0	n	n
1	120	16	50	0	n	n
1	120	17	1	43	s	n
1	120	17	2	40	s	n
1	120	17	3	33	s	n
1	120	17	4	33	s	n
1	120	17	5	37	s	n
1	120	17	6	37	s	n
1	120	17	7	43	s	n
1	120	17	8	31	s	n
1	120	17	9	25	s	n
1	120	17	10	29	s	n
1	120	17	11	30	s	n
1	120	17	12	25	s	n
1	120	17	13	34	s	n
1	120	17	14	23	s	n
1	120	17	15	44	s	n
1	120	17	16	40	s	n
1	120	17	17	30	s	n
1	120	17	18	38	s	n
1	120	17	19	33	s	n
1	120	17	20	40	s	n
1	120	17	21	40	s	n
1	120	17	22	35	s	n
1	120	17	23	39	s	n
1	120	17	24	33	s	n
1	120	17	25	36	s	n
1	120	17	26	33	s	n
1	120	17	27	29	s	n
1	120	17	28	32	s	n
1	120	17	29	35	s	n
1	120	17	30	26	s	n
1	120	17	31	34	n	n
1	120	17	32	31	s	n
1	120	17	33	24	n	n
1	120	17	34	32	n	n
1	120	17	35	13	n	n
1	120	17	36	14	n	n
1	120	17	37	3	n	n
1	120	17	38	1	n	n
1	120	17	39	0	n	n
1	120	17	40	3	n	n
1	120	17	41	3	n	n
1	120	17	42	3	n	n
1	120	17	43	0	n	n
1	120	17	44	0	n	n
1	120	17	45	1	n	n
1	120	17	46	1	n	n
1	120	17	47	0	n	n
1	120	17	48	0	n	n
1	120	17	49	0	n	n
1	120	17	50	0	n	n
1	120	18	1	35	s	n
1	120	18	2	34	s	n
1	120	18	3	33	s	n
1	120	18	4	38	s	n
1	120	18	5	25	s	n
1	120	18	6	41	s	n
1	120	18	7	30	s	n
1	120	18	8	41	s	n
1	120	18	9	32	s	n
1	120	18	10	30	s	n
1	120	18	11	27	s	n
1	120	18	12	27	s	n
1	120	18	13	32	s	n
1	120	18	14	28	s	n
1	120	18	15	29	s	n
1	120	18	16	27	s	n
1	120	18	17	32	s	n
1	120	18	18	37	s	n
1	120	18	19	44	s	n
1	120	18	20	32	s	n
1	120	18	21	32	s	n
1	120	18	22	44	s	n
1	120	18	23	46	s	n
1	120	18	24	37	s	n
1	120	18	25	40	s	n
1	120	18	26	39	s	n
1	120	18	27	34	s	n
1	120	18	28	31	s	n
1	120	18	29	33	s	n
1	120	18	30	32	n	n
1	120	18	31	51	s	n
1	120	18	32	32	n	n
1	120	18	33	32	n	n
1	120	18	34	29	n	n
1	120	18	35	31	n	n
1	120	18	36	13	n	n
1	120	18	37	5	n	n
1	120	18	38	2	n	n
1	120	18	39	5	n	n
1	120	18	40	3	n	n
1	120	18	41	6	n	n
1	120	18	42	1	n	n
1	120	18	43	3	n	n
1	120	18	44	0	n	n
1	120	18	45	0	n	n
1	120	18	46	0	n	n
1	120	18	47	0	n	n
1	120	18	48	0	n	n
1	120	18	49	0	n	n
1	120	18	50	0	n	n
1	120	19	1	23	s	n
1	120	19	2	35	s	n
1	120	19	3	28	s	n
1	120	19	4	38	s	n
1	120	19	5	30	s	n
1	120	19	6	29	s	n
1	120	19	7	26	s	n
1	120	19	8	27	s	n
1	120	19	9	29	s	n
1	120	19	10	37	s	n
1	120	19	11	24	s	n
1	120	19	12	21	s	n
1	120	19	13	24	s	n
1	120	19	14	27	s	n
1	120	19	15	28	s	n
1	120	19	16	25	s	n
1	120	19	17	29	s	n
1	120	19	18	30	s	n
1	120	19	19	35	s	n
1	120	19	20	31	s	n
1	120	19	21	41	s	n
1	120	19	22	36	s	n
1	120	19	23	39	s	n
1	120	19	24	30	s	n
1	120	19	25	33	s	n
1	120	19	26	34	s	n
1	120	19	27	32	s	n
1	120	19	28	22	s	n
1	120	19	29	31	s	n
1	120	19	30	42	s	d
1	120	19	31	31	n	n
1	120	19	32	27	n	n
1	120	19	33	29	n	n
1	120	19	34	17	n	n
1	120	19	35	25	n	n
1	120	19	36	17	n	n
1	120	19	37	6	n	n
1	120	19	38	1	n	n
1	120	19	39	6	n	n
1	120	19	40	5	n	n
1	120	19	41	2	n	n
1	120	19	42	2	n	n
1	120	19	43	0	n	n
1	120	19	44	0	n	n
1	120	19	45	1	n	n
1	120	19	46	0	n	n
1	120	19	47	0	n	n
1	120	19	48	0	n	n
1	120	19	49	0	n	n
1	120	19	50	0	n	n
1	120	20	1	30	s	n
1	120	20	2	26	s	n
1	120	20	3	29	s	n
1	120	20	4	33	s	n
1	120	20	5	29	s	n
1	120	20	6	25	s	n
1	120	20	7	38	s	n
1	120	20	8	31	s	n
1	120	20	9	27	s	n
1	120	20	10	25	s	n
1	120	20	11	36	s	n
1	120	20	12	22	s	n
1	120	20	13	25	s	n
1	120	20	14	20	s	n
1	120	20	15	24	s	n
1	120	20	16	30	s	n
1	120	20	17	30	s	n
1	120	20	18	36	s	n
1	120	20	19	31	s	n
1	120	20	20	32	s	n
1	120	20	21	35	s	n
1	120	20	22	34	s	n
1	120	20	23	30	s	n
1	120	20	24	27	s	n
1	120	20	25	39	s	n
1	120	20	26	36	s	n
1	120	20	27	31	s	n
1	120	20	28	27	s	n
1	120	20	29	29	n	n
1	120	20	30	32	s	n
1	120	20	31	28	n	n
1	120	20	32	30	n	n
1	120	20	33	27	n	n
1	120	20	34	13	n	n
1	120	20	35	10	n	n
1	120	20	36	12	n	n
1	120	20	37	5	n	n
1	120	20	38	3	n	n
1	120	20	39	6	n	n
1	120	20	40	2	n	n
1	120	20	41	2	n	n
1	120	20	42	7	n	n
1	120	20	43	1	n	n
1	120	20	44	0	n	n
1	120	20	45	0	n	n
1	120	20	46	0	n	n
1	120	20	47	0	n	n
1	120	20	48	0	n	n
1	120	20	49	0	n	n
1	120	20	50	0	n	n
1	130	1	1	30	s	n
1	130	1	2	28	s	n
1	130	1	3	34	s	n
1	130	1	4	30	s	n
1	130	1	5	34	s	n
1	130	1	6	24	s	n
1	130	1	7	27	s	n
1	130	1	8	25	s	n
1	130	1	9	30	s	n
1	130	1	10	35	s	n
1	130	1	11	31	s	n
1	130	1	12	34	s	n
1	130	1	13	31	s	n
1	130	1	14	27	s	n
1	130	1	15	51	s	n
1	130	1	16	38	s	n
1	130	1	17	48	s	n
1	130	1	18	36	s	n
1	130	1	19	42	s	n
1	130	1	20	31	s	n
1	130	1	21	35	s	n
1	130	1	22	39	s	n
1	130	1	23	32	s	n
1	130	1	24	38	s	n
1	130	1	25	33	s	n
1	130	1	26	16	s	n
1	130	1	27	46	s	n
1	130	1	28	31	s	n
1	130	1	29	42	s	n
1	130	1	30	34	n	n
1	130	1	31	41	s	n
1	130	1	32	38	s	n
1	130	1	33	40	s	n
1	130	1	34	30	s	n
1	130	1	35	28	s	n
1	130	1	36	43	s	n
1	130	1	37	48	s	n
1	130	1	38	52	s	n
1	130	1	39	34	n	n
1	130	1	40	36	n	n
1	130	1	41	37	n	n
1	130	1	42	30	n	n
1	130	1	43	10	n	n
1	130	1	44	15	n	n
1	130	1	45	16	n	n
1	130	1	46	5	n	n
1	130	1	47	6	n	n
1	130	1	48	1	n	n
1	130	1	49	3	n	n
1	130	1	50	0	n	n
1	130	2	1	36	s	n
1	130	2	2	30	s	n
1	130	2	3	34	s	n
1	130	2	4	27	s	n
1	130	2	5	28	s	n
1	130	2	6	23	s	n
1	130	2	7	33	s	n
1	130	2	8	32	s	n
1	130	2	9	32	s	n
1	130	2	10	36	s	n
1	130	2	11	28	s	n
1	130	2	12	29	s	n
1	130	2	13	41	s	n
1	130	2	14	42	s	n
1	130	2	15	41	s	n
1	130	2	16	41	s	n
1	130	2	17	44	s	n
1	130	2	18	44	s	n
1	130	2	19	44	s	n
1	130	2	20	41	s	n
1	130	2	21	40	s	n
1	130	2	22	39	s	n
1	130	2	23	43	s	n
1	130	2	24	27	s	n
1	130	2	25	52	s	n
1	130	2	26	27	s	n
1	130	2	27	36	s	n
1	130	2	28	32	s	n
1	130	2	29	48	s	d
1	130	2	30	38	s	n
1	130	2	31	42	s	n
1	130	2	32	33	s	n
1	130	2	33	28	s	n
1	130	2	34	32	s	n
1	130	2	35	26	s	n
1	130	2	36	35	s	n
1	130	2	37	58	s	n
1	130	2	38	39	n	n
1	130	2	39	42	s	n
1	130	2	40	27	n	n
1	130	2	41	38	n	n
1	130	2	42	10	n	n
1	130	2	43	18	n	n
1	130	2	44	10	n	n
1	130	2	45	5	n	n
1	130	2	46	7	n	n
1	130	2	47	3	n	n
1	130	2	48	3	n	n
1	130	2	49	2	n	n
1	130	2	50	0	n	n
1	130	3	1	35	s	n
1	130	3	2	33	s	n
1	130	3	3	36	s	n
1	130	3	4	33	s	n
1	130	3	5	26	s	n
1	130	3	6	20	s	n
1	130	3	7	32	s	n
1	130	3	8	24	s	n
1	130	3	9	34	s	n
1	130	3	10	37	s	n
1	130	3	11	34	s	n
1	130	3	12	27	s	n
1	130	3	13	38	s	n
1	130	3	14	30	s	n
1	130	3	15	41	s	n
1	130	3	16	46	s	n
1	130	3	17	60	s	n
1	130	3	18	46	s	n
1	130	3	19	39	s	n
1	130	3	20	43	s	n
1	130	3	21	42	s	n
1	130	3	22	44	s	n
1	130	3	23	39	s	n
1	130	3	24	42	s	n
1	130	3	25	31	s	n
1	130	3	26	30	s	n
1	130	3	27	17	s	n
1	130	3	28	41	s	n
1	130	3	29	33	s	n
1	130	3	30	31	n	n
1	130	3	31	37	s	n
1	130	3	32	33	s	n
1	130	3	33	28	s	n
1	130	3	34	31	s	n
1	130	3	35	39	s	n
1	130	3	36	39	s	n
1	130	3	37	36	s	n
1	130	3	38	42	s	n
1	130	3	39	47	s	d
1	130	3	40	33	n	n
1	130	3	41	31	n	n
1	130	3	42	11	n	n
1	130	3	43	16	n	n
1	130	3	44	8	n	n
1	130	3	45	4	n	n
1	130	3	46	4	n	n
1	130	3	47	11	n	n
1	130	3	48	1	n	n
1	130	3	49	1	n	n
1	130	3	50	0	n	n
1	130	4	1	34	s	n
1	130	4	2	30	s	n
1	130	4	3	38	s	n
1	130	4	4	29	s	n
1	130	4	5	27	s	n
1	130	4	6	39	s	n
1	130	4	7	21	s	n
1	130	4	8	30	s	n
1	130	4	9	26	s	n
1	130	4	10	33	s	n
1	130	4	11	30	s	n
1	130	4	12	32	s	n
1	130	4	13	40	s	n
1	130	4	14	26	s	n
1	130	4	15	30	s	n
1	130	4	16	28	s	n
1	130	4	17	39	s	n
1	130	4	18	64	s	n
1	130	4	19	32	s	n
1	130	4	20	34	s	n
1	130	4	21	35	s	n
1	130	4	22	37	s	n
1	130	4	23	38	s	n
1	130	4	24	40	s	n
1	130	4	25	36	s	n
1	130	4	26	35	s	n
1	130	4	27	44	s	n
1	130	4	28	42	s	n
1	130	4	29	38	s	n
1	130	4	30	51	s	n
1	130	4	31	52	s	n
1	130	4	32	49	s	n
1	130	4	33	33	s	n
1	130	4	34	32	s	n
1	130	4	35	48	s	n
1	130	4	36	32	s	n
1	130	4	37	32	n	n
1	130	4	38	36	n	n
1	130	4	39	24	n	n
1	130	4	40	18	n	n
1	130	4	41	23	n	n
1	130	4	42	34	n	n
1	130	4	43	7	n	n
1	130	4	44	3	n	n
1	130	4	45	3	n	n
1	130	4	46	5	n	n
1	130	4	47	7	n	n
1	130	4	48	5	n	n
1	130	4	49	0	n	n
1	130	4	50	0	n	n
1	130	5	1	29	s	n
1	130	5	2	33	s	n
1	130	5	3	34	s	n
1	130	5	4	33	s	n
1	130	5	5	26	s	n
1	130	5	6	22	s	n
1	130	5	7	25	s	n
1	130	5	8	32	s	n
1	130	5	9	22	s	n
1	130	5	10	27	s	n
1	130	5	11	31	s	n
1	130	5	12	38	s	n
1	130	5	13	31	s	n
1	130	5	14	23	s	n
1	130	5	15	32	s	n
1	130	5	16	27	s	n
1	130	5	17	46	s	n
1	130	5	18	53	s	n
1	130	5	19	52	s	n
1	130	5	20	33	s	n
1	130	5	21	34	s	n
1	130	5	22	38	s	n
1	130	5	23	31	s	n
1	130	5	24	39	s	n
1	130	5	25	48	s	n
1	130	5	26	23	s	n
1	130	5	27	30	s	n
1	130	5	28	39	s	n
1	130	5	29	43	s	n
1	130	5	30	48	s	n
1	130	5	31	38	s	n
1	130	5	32	47	s	n
1	130	5	33	35	s	n
1	130	5	34	49	s	n
1	130	5	35	49	s	n
1	130	5	36	31	s	n
1	130	5	37	42	s	n
1	130	5	38	32	n	n
1	130	5	39	28	n	n
1	130	5	40	25	s	n
1	130	5	41	28	n	n
1	130	5	42	13	n	n
1	130	5	43	17	n	n
1	130	5	44	4	n	n
1	130	5	45	1	n	n
1	130	5	46	1	n	n
1	130	5	47	3	n	n
1	130	5	48	1	n	n
1	130	5	49	0	n	n
1	130	5	50	1	n	n
1	130	6	1	31	s	n
1	130	6	2	23	s	n
1	130	6	3	29	s	n
1	130	6	4	20	s	n
1	130	6	5	34	s	n
1	130	6	6	26	s	n
1	130	6	7	36	s	n
1	130	6	8	26	s	n
1	130	6	9	24	s	n
1	130	6	10	32	s	n
1	130	6	11	27	s	n
1	130	6	12	35	s	n
1	130	6	13	28	s	n
1	130	6	14	37	s	n
1	130	6	15	31	s	n
1	130	6	16	26	s	n
1	130	6	17	36	s	n
1	130	6	18	28	s	n
1	130	6	19	34	s	n
1	130	6	20	29	s	n
1	130	6	21	40	s	n
1	130	6	22	41	s	n
1	130	6	23	27	s	n
1	130	6	24	30	s	n
1	130	6	25	49	s	n
1	130	6	26	43	s	n
1	130	6	27	47	s	n
1	130	6	28	33	s	n
1	130	6	29	41	s	n
1	130	6	30	45	s	n
1	130	6	31	45	s	n
1	130	6	32	57	s	n
1	130	6	33	34	s	n
1	130	6	34	46	s	d
1	130	6	35	38	s	n
1	130	6	36	30	n	n
1	130	6	37	32	n	n
1	130	6	38	27	n	n
1	130	6	39	19	n	n
1	130	6	40	16	n	n
1	130	6	41	19	n	n
1	130	6	42	11	n	n
1	130	6	43	7	n	n
1	130	6	44	4	n	n
1	130	6	45	5	n	n
1	130	6	46	5	n	n
1	130	6	47	1	n	n
1	130	6	48	3	n	n
1	130	6	49	0	n	n
1	130	6	50	0	n	n
1	130	7	1	26	s	n
1	130	7	2	27	s	n
1	130	7	3	28	s	n
1	130	7	4	33	s	n
1	130	7	5	33	s	n
1	130	7	6	31	s	n
1	130	7	7	34	s	n
1	130	7	8	32	s	n
1	130	7	9	31	s	n
1	130	7	10	32	s	n
1	130	7	11	33	s	n
1	130	7	12	25	s	n
1	130	7	13	28	s	n
1	130	7	14	32	s	n
1	130	7	15	38	s	n
1	130	7	16	40	s	n
1	130	7	17	30	s	n
1	130	7	18	38	s	n
1	130	7	19	32	s	n
1	130	7	20	31	s	n
1	130	7	21	46	s	n
1	130	7	22	35	s	n
1	130	7	23	25	s	n
1	130	7	24	23	s	n
1	130	7	25	34	s	n
1	130	7	26	61	s	n
1	130	7	27	33	s	n
1	130	7	28	52	s	n
1	130	7	29	40	s	n
1	130	7	30	33	s	n
1	130	7	31	32	s	n
1	130	7	32	45	s	n
1	130	7	33	41	s	n
1	130	7	34	36	s	n
1	130	7	35	31	n	n
1	130	7	36	36	n	n
1	130	7	37	18	n	n
1	130	7	38	15	n	n
1	130	7	39	16	n	n
1	130	7	40	31	n	n
1	130	7	41	15	n	n
1	130	7	42	4	n	n
1	130	7	43	3	n	n
1	130	7	44	4	n	n
1	130	7	45	1	n	n
1	130	7	46	1	n	n
1	130	7	47	2	n	n
1	130	7	48	0	n	n
1	130	7	49	0	n	n
1	130	7	50	0	n	n
1	130	8	1	41	s	n
1	130	8	2	31	s	n
1	130	8	3	29	s	n
1	130	8	4	20	s	n
1	130	8	5	32	s	n
1	130	8	6	27	s	n
1	130	8	7	25	s	n
1	130	8	8	22	s	n
1	130	8	9	21	s	n
1	130	8	10	31	s	n
1	130	8	11	23	s	n
1	130	8	12	26	s	n
1	130	8	13	29	s	n
1	130	8	14	30	s	n
1	130	8	15	28	s	n
1	130	8	16	36	s	n
1	130	8	17	38	s	n
1	130	8	18	24	s	n
1	130	8	19	30	s	n
1	130	8	20	32	s	n
1	130	8	21	40	s	n
1	130	8	22	29	s	n
1	130	8	23	38	s	n
1	130	8	24	33	s	n
1	130	8	25	24	s	n
1	130	8	26	58	s	n
1	130	8	27	43	s	n
1	130	8	28	40	s	n
1	130	8	29	27	s	n
1	130	8	30	30	s	n
1	130	8	31	48	s	n
1	130	8	32	38	s	n
1	130	8	33	38	s	n
1	130	8	34	42	s	n
1	130	8	35	49	s	n
1	130	8	36	30	n	n
1	130	8	37	23	s	n
1	130	8	38	21	s	n
1	130	8	39	18	n	n
1	130	8	40	6	n	n
1	130	8	41	10	n	n
1	130	8	42	14	n	n
1	130	8	43	4	n	n
1	130	8	44	3	n	n
1	130	8	45	2	n	n
1	130	8	46	2	n	n
1	130	8	47	0	n	n
1	130	8	48	0	n	n
1	130	8	49	0	n	n
1	130	8	50	0	n	n
1	130	9	1	34	s	n
1	130	9	2	21	s	n
1	130	9	3	27	s	n
1	130	9	4	31	s	n
1	130	9	5	22	s	n
1	130	9	6	35	s	n
1	130	9	7	25	s	n
1	130	9	8	22	s	n
1	130	9	9	21	s	n
1	130	9	10	26	s	n
1	130	9	11	29	s	n
1	130	9	12	23	s	n
1	130	9	13	20	s	n
1	130	9	14	48	s	n
1	130	9	15	34	s	n
1	130	9	16	42	s	n
1	130	9	17	41	s	n
1	130	9	18	20	s	n
1	130	9	19	27	s	n
1	130	9	20	35	s	n
1	130	9	21	25	s	n
1	130	9	22	28	s	n
1	130	9	23	23	s	n
1	130	9	24	20	s	n
1	130	9	25	30	s	n
1	130	9	26	34	s	n
1	130	9	27	30	s	n
1	130	9	28	33	s	n
1	130	9	29	41	s	n
1	130	9	30	28	s	n
1	130	9	31	39	s	n
1	130	9	32	30	s	n
1	130	9	33	53	s	d
1	130	9	34	34	n	n
1	130	9	35	31	s	n
1	130	9	36	36	s	n
1	130	9	37	33	s	n
1	130	9	38	22	n	n
1	130	9	39	13	s	n
1	130	9	40	16	n	n
1	130	9	41	11	n	n
1	130	9	42	1	n	n
1	130	9	43	3	n	n
1	130	9	44	0	n	n
1	130	9	45	1	n	n
1	130	9	46	1	n	n
1	130	9	47	0	n	n
1	130	9	48	0	n	n
1	130	9	49	0	n	n
1	130	9	50	0	n	n
1	130	10	1	29	s	n
1	130	10	2	26	s	n
1	130	10	3	34	s	n
1	130	10	4	30	s	n
1	130	10	5	25	s	n
1	130	10	6	25	s	n
1	130	10	7	29	s	n
1	130	10	8	37	s	n
1	130	10	9	25	s	n
1	130	10	10	26	s	n
1	130	10	11	29	s	n
1	130	10	12	25	s	n
1	130	10	13	28	s	n
1	130	10	14	47	s	n
1	130	10	15	36	s	n
1	130	10	16	31	s	n
1	130	10	17	44	s	n
1	130	10	18	23	s	n
1	130	10	19	24	s	n
1	130	10	20	33	s	n
1	130	10	21	32	s	n
1	130	10	22	23	s	n
1	130	10	23	26	s	n
1	130	10	24	20	s	n
1	130	10	25	28	s	n
1	130	10	26	41	s	n
1	130	10	27	46	s	n
1	130	10	28	37	s	n
1	130	10	29	29	s	n
1	130	10	30	33	s	n
1	130	10	31	38	n	n
1	130	10	32	36	s	n
1	130	10	33	32	s	n
1	130	10	34	55	s	n
1	130	10	35	23	n	n
1	130	10	36	34	s	n
1	130	10	37	21	n	n
1	130	10	38	18	n	n
1	130	10	39	12	n	n
1	130	10	40	10	n	n
1	130	10	41	4	n	n
1	130	10	42	0	n	n
1	130	10	43	9	n	n
1	130	10	44	1	n	n
1	130	10	45	1	n	n
1	130	10	46	2	n	n
1	130	10	47	0	n	n
1	130	10	48	0	n	n
1	130	10	49	0	n	n
1	130	10	50	0	n	n
1	130	11	1	23	s	n
1	130	11	2	34	s	n
1	130	11	3	36	s	n
1	130	11	4	38	s	n
1	130	11	5	36	s	n
1	130	11	6	39	s	n
1	130	11	7	34	s	n
1	130	11	8	34	s	n
1	130	11	9	34	s	n
1	130	11	10	36	s	n
1	130	11	11	28	s	n
1	130	11	12	37	s	n
1	130	11	13	28	s	n
1	130	11	14	34	s	n
1	130	11	15	38	s	n
1	130	11	16	28	s	n
1	130	11	17	39	s	n
1	130	11	18	31	s	n
1	130	11	19	29	s	n
1	130	11	20	21	s	n
1	130	11	21	21	s	n
1	130	11	22	38	s	n
1	130	11	23	26	s	n
1	130	11	24	40	s	n
1	130	11	25	43	s	n
1	130	11	26	40	s	n
1	130	11	27	38	s	n
1	130	11	28	44	s	n
1	130	11	29	26	s	n
1	130	11	30	39	s	n
1	130	11	31	41	s	n
1	130	11	32	23	s	n
1	130	11	33	27	s	n
1	130	11	34	30	s	n
1	130	11	35	33	n	n
1	130	11	36	39	n	n
1	130	11	37	30	n	n
1	130	11	38	27	n	n
1	130	11	39	13	n	n
1	130	11	40	5	n	n
1	130	11	41	8	n	n
1	130	11	42	3	n	n
1	130	11	43	4	n	n
1	130	11	44	1	n	n
1	130	11	45	1	n	n
1	130	11	46	0	n	n
1	130	11	47	0	n	n
1	130	11	48	0	n	n
1	130	11	49	0	n	n
1	130	11	50	0	n	n
1	130	12	1	34	s	n
1	130	12	2	30	s	n
1	130	12	3	32	s	n
1	130	12	4	38	s	n
1	130	12	5	30	s	n
1	130	12	6	40	s	n
1	130	12	7	32	s	n
1	130	12	8	33	s	n
1	130	12	9	43	s	n
1	130	12	10	23	s	n
1	130	12	11	36	s	n
1	130	12	12	32	s	n
1	130	12	13	30	s	n
1	130	12	14	31	s	n
1	130	12	15	29	s	n
1	130	12	16	29	s	n
1	130	12	17	25	s	n
1	130	12	18	41	s	n
1	130	12	19	28	s	n
1	130	12	20	35	s	n
1	130	12	21	41	s	n
1	130	12	22	27	s	n
1	130	12	23	47	s	n
1	130	12	24	17	s	n
1	130	12	25	43	s	n
1	130	12	26	35	s	n
1	130	12	27	36	s	n
1	130	12	28	31	s	n
1	130	12	29	38	s	n
1	130	12	30	25	s	n
1	130	12	31	33	s	n
1	130	12	32	23	s	n
1	130	12	33	34	n	n
1	130	12	34	32	n	n
1	130	12	35	35	s	n
1	130	12	36	29	n	n
1	130	12	37	27	n	n
1	130	12	38	24	n	n
1	130	12	39	15	n	n
1	130	12	40	3	n	n
1	130	12	41	9	n	n
1	130	12	42	12	n	n
1	130	12	43	1	n	n
1	130	12	44	0	n	n
1	130	12	45	2	n	n
1	130	12	46	0	n	n
1	130	12	47	0	n	n
1	130	12	48	0	n	n
1	130	12	49	0	n	n
1	130	12	50	0	n	n
1	130	13	1	32	s	n
1	130	13	2	35	s	n
1	130	13	3	37	s	n
1	130	13	4	45	s	n
1	130	13	5	30	s	n
1	130	13	6	43	s	n
1	130	13	7	33	s	n
1	130	13	8	33	s	n
1	130	13	9	34	s	n
1	130	13	10	32	s	n
1	130	13	11	36	s	n
1	130	13	12	39	s	n
1	130	13	13	32	s	n
1	130	13	14	26	s	n
1	130	13	15	35	s	n
1	130	13	16	34	s	n
1	130	13	17	33	s	n
1	130	13	18	35	s	n
1	130	13	19	44	s	n
1	130	13	20	28	s	n
1	130	13	21	28	s	n
1	130	13	22	53	s	n
1	130	13	23	31	s	n
1	130	13	24	31	s	n
1	130	13	25	36	s	n
1	130	13	26	51	s	n
1	130	13	27	27	s	n
1	130	13	28	30	s	n
1	130	13	29	36	s	n
1	130	13	30	41	s	n
1	130	13	31	32	s	n
1	130	13	32	32	s	n
1	130	13	33	32	s	n
1	130	13	34	23	n	n
1	130	13	35	23	s	n
1	130	13	36	25	n	n
1	130	13	37	19	n	n
1	130	13	38	22	n	n
1	130	13	39	7	n	n
1	130	13	40	5	n	n
1	130	13	41	10	n	n
1	130	13	42	16	n	n
1	130	13	43	14	n	n
1	130	13	44	1	n	n
1	130	13	45	0	n	n
1	130	13	46	1	n	n
1	130	13	47	0	n	n
1	130	13	48	0	n	n
1	130	13	49	0	n	n
1	130	13	50	0	n	n
1	130	14	1	37	s	n
1	130	14	2	34	s	n
1	130	14	3	35	s	n
1	130	14	4	39	s	n
1	130	14	5	26	s	n
1	130	14	6	39	s	n
1	130	14	7	41	s	n
1	130	14	8	33	s	n
1	130	14	9	28	s	n
1	130	14	10	25	s	n
1	130	14	11	35	s	n
1	130	14	12	23	s	n
1	130	14	13	30	s	n
1	130	14	14	36	s	n
1	130	14	15	30	s	n
1	130	14	16	41	s	n
1	130	14	17	48	s	n
1	130	14	18	31	s	n
1	130	14	19	32	s	n
1	130	14	20	34	s	n
1	130	14	21	35	s	n
1	130	14	22	36	s	n
1	130	14	23	38	s	n
1	130	14	24	37	s	n
1	130	14	25	43	s	n
1	130	14	26	24	s	n
1	130	14	27	27	s	n
1	130	14	28	28	s	n
1	130	14	29	37	s	n
1	130	14	30	38	s	n
1	130	14	31	36	s	n
1	130	14	32	33	s	n
1	130	14	33	31	s	n
1	130	14	34	20	n	n
1	130	14	35	25	n	n
1	130	14	36	24	n	n
1	130	14	37	24	n	n
1	130	14	38	25	n	n
1	130	14	39	15	n	n
1	130	14	40	8	n	n
1	130	14	41	3	n	n
1	130	14	42	4	n	n
1	130	14	43	2	n	n
1	130	14	44	0	n	n
1	130	14	45	0	n	n
1	130	14	46	0	n	n
1	130	14	47	0	n	n
1	130	14	48	0	n	n
1	130	14	49	0	n	n
1	130	14	50	0	n	n
1	130	15	1	37	s	n
1	130	15	2	27	s	n
1	130	15	3	39	s	n
1	130	15	4	31	s	n
1	130	15	5	45	s	n
1	130	15	6	43	s	n
1	130	15	7	30	s	n
1	130	15	8	51	s	n
1	130	15	9	39	s	n
1	130	15	10	31	s	n
1	130	15	11	30	s	n
1	130	15	12	26	s	n
1	130	15	13	28	s	n
1	130	15	14	30	s	n
1	130	15	15	42	s	n
1	130	15	16	32	s	n
1	130	15	17	37	s	n
1	130	15	18	29	s	n
1	130	15	19	39	s	n
1	130	15	20	18	s	n
1	130	15	21	26	s	n
1	130	15	22	43	s	n
1	130	15	23	40	s	n
1	130	15	24	47	s	n
1	130	15	25	32	s	n
1	130	15	26	41	s	n
1	130	15	27	42	s	n
1	130	15	28	42	s	n
1	130	15	29	21	s	n
1	130	15	30	29	s	n
1	130	15	31	35	s	n
1	130	15	32	30	s	n
1	130	15	33	35	s	n
1	130	15	34	42	s	d
1	130	15	35	22	n	n
1	130	15	36	20	s	n
1	130	15	37	24	n	n
1	130	15	38	20	s	n
1	130	15	39	19	n	n
1	130	15	40	9	n	n
1	130	15	41	3	n	n
1	130	15	42	6	n	n
1	130	15	43	4	n	n
1	130	15	44	0	n	n
1	130	15	45	0	n	n
1	130	15	46	1	n	n
1	130	15	47	1	n	n
1	130	15	48	0	n	n
1	130	15	49	0	n	n
1	130	15	50	1	n	n
1	130	16	1	34	s	n
1	130	16	2	33	s	n
1	130	16	3	36	s	n
1	130	16	4	30	s	n
1	130	16	5	42	s	n
1	130	16	6	41	s	n
1	130	16	7	33	s	n
1	130	16	8	36	s	n
1	130	16	9	34	s	n
1	130	16	10	33	s	n
1	130	16	11	36	s	n
1	130	16	12	39	s	n
1	130	16	13	30	s	n
1	130	16	14	31	s	n
1	130	16	15	36	s	n
1	130	16	16	33	s	n
1	130	16	17	40	s	n
1	130	16	18	36	s	n
1	130	16	19	38	s	n
1	130	16	20	45	s	n
1	130	16	21	37	s	n
1	130	16	22	40	s	n
1	130	16	23	44	s	n
1	130	16	24	44	s	n
1	130	16	25	39	s	n
1	130	16	26	37	s	n
1	130	16	27	55	s	n
1	130	16	28	31	s	n
1	130	16	29	35	s	n
1	130	16	30	42	s	n
1	130	16	31	29	s	n
1	130	16	32	39	s	n
1	130	16	33	37	s	n
1	130	16	34	38	s	n
1	130	16	35	29	n	n
1	130	16	36	20	n	n
1	130	16	37	29	s	n
1	130	16	38	21	n	n
1	130	16	39	15	s	n
1	130	16	40	11	n	n
1	130	16	41	5	n	n
1	130	16	42	7	n	n
1	130	16	43	2	n	n
1	130	16	44	1	n	n
1	130	16	45	1	n	n
1	130	16	46	0	n	n
1	130	16	47	1	n	n
1	130	16	48	0	n	n
1	130	16	49	2	n	n
1	130	16	50	0	n	n
1	130	17	1	36	s	n
1	130	17	2	25	s	n
1	130	17	3	37	s	n
1	130	17	4	27	s	n
1	130	17	5	33	s	n
1	130	17	6	28	s	n
1	130	17	7	37	s	n
1	130	17	8	28	s	n
1	130	17	9	32	s	n
1	130	17	10	32	s	n
1	130	17	11	37	s	n
1	130	17	12	34	s	n
1	130	17	13	24	s	n
1	130	17	14	27	s	n
1	130	17	15	38	s	n
1	130	17	16	35	s	n
1	130	17	17	36	s	n
1	130	17	18	40	s	n
1	130	17	19	38	s	n
1	130	17	20	35	s	n
1	130	17	21	39	s	n
1	130	17	22	38	s	n
1	130	17	23	51	s	n
1	130	17	24	38	s	n
1	130	17	25	30	s	n
1	130	17	26	43	s	n
1	130	17	27	26	s	n
1	130	17	28	27	s	n
1	130	17	29	25	s	n
1	130	17	30	37	s	n
1	130	17	31	22	s	n
1	130	17	32	30	s	n
1	130	17	33	37	s	n
1	130	17	34	29	n	n
1	130	17	35	45	s	d
1	130	17	36	29	s	n
1	130	17	37	32	s	n
1	130	17	38	27	s	n
1	130	17	39	16	n	n
1	130	17	40	10	n	n
1	130	17	41	26	n	n
1	130	17	42	2	n	n
1	130	17	43	3	n	n
1	130	17	44	1	n	n
1	130	17	45	0	n	n
1	130	17	46	0	n	n
1	130	17	47	0	n	n
1	130	17	48	1	n	n
1	130	17	49	1	n	n
1	130	17	50	0	n	n
1	130	18	1	30	s	n
1	130	18	2	31	s	n
1	130	18	3	24	s	n
1	130	18	4	30	s	n
1	130	18	5	38	s	n
1	130	18	6	40	s	n
1	130	18	7	31	s	n
1	130	18	8	37	s	n
1	130	18	9	36	s	n
1	130	18	10	27	s	n
1	130	18	11	21	s	n
1	130	18	12	24	s	n
1	130	18	13	34	s	n
1	130	18	14	28	s	n
1	130	18	15	26	s	n
1	130	18	16	31	s	n
1	130	18	17	32	s	n
1	130	18	18	32	s	n
1	130	18	19	33	s	n
1	130	18	20	34	s	n
1	130	18	21	38	s	n
1	130	18	22	35	s	n
1	130	18	23	36	s	n
1	130	18	24	41	s	n
1	130	18	25	35	s	n
1	130	18	26	36	s	n
1	130	18	27	35	s	n
1	130	18	28	45	s	n
1	130	18	29	41	s	n
1	130	18	30	29	s	n
1	130	18	31	25	s	n
1	130	18	32	34	s	n
1	130	18	33	37	s	n
1	130	18	34	38	s	n
1	130	18	35	34	n	n
1	130	18	36	44	s	n
1	130	18	37	29	n	n
1	130	18	38	29	n	n
1	130	18	39	25	n	n
1	130	18	40	23	n	n
1	130	18	41	17	n	n
1	130	18	42	6	n	n
1	130	18	43	5	n	n
1	130	18	44	0	n	n
1	130	18	45	0	n	n
1	130	18	46	0	n	n
1	130	18	47	1	n	n
1	130	18	48	0	n	n
1	130	18	49	0	n	n
1	130	18	50	1	n	n
1	130	19	1	38	s	n
1	130	19	2	42	s	n
1	130	19	3	33	s	n
1	130	19	4	34	s	n
1	130	19	5	37	s	n
1	130	19	6	41	s	n
1	130	19	7	36	s	n
1	130	19	8	31	s	n
1	130	19	9	29	s	n
1	130	19	10	29	s	n
1	130	19	11	29	s	n
1	130	19	12	35	s	n
1	130	19	13	35	s	n
1	130	19	14	29	s	n
1	130	19	15	29	s	n
1	130	19	16	37	s	n
1	130	19	17	34	s	n
1	130	19	18	32	s	n
1	130	19	19	26	s	n
1	130	19	20	30	s	n
1	130	19	21	45	s	n
1	130	19	22	30	s	n
1	130	19	23	39	s	n
1	130	19	24	40	s	n
1	130	19	25	34	s	n
1	130	19	26	29	s	n
1	130	19	27	39	s	n
1	130	19	28	55	s	n
1	130	19	29	22	s	n
1	130	19	30	26	s	n
1	130	19	31	35	s	n
1	130	19	32	38	n	n
1	130	19	33	42	s	n
1	130	19	34	41	s	n
1	130	19	35	38	s	n
1	130	19	36	31	n	n
1	130	19	37	25	n	n
1	130	19	38	24	n	n
1	130	19	39	19	n	n
1	130	19	40	9	n	n
1	130	19	41	21	n	n
1	130	19	42	3	n	n
1	130	19	43	5	n	n
1	130	19	44	1	n	n
1	130	19	45	8	n	n
1	130	19	46	0	n	n
1	130	19	47	0	n	n
1	130	19	48	0	n	n
1	130	19	49	0	n	n
1	130	19	50	0	n	n
1	130	20	1	36	s	n
1	130	20	2	42	s	n
1	130	20	3	28	s	n
1	130	20	4	32	s	n
1	130	20	5	37	s	n
1	130	20	6	40	s	n
1	130	20	7	39	s	n
1	130	20	8	45	s	n
1	130	20	9	28	s	n
1	130	20	10	37	s	n
1	130	20	11	25	s	n
1	130	20	12	24	s	n
1	130	20	13	33	s	n
1	130	20	14	37	s	n
1	130	20	15	36	s	n
1	130	20	16	37	s	n
1	130	20	17	32	s	n
1	130	20	18	30	s	n
1	130	20	19	35	s	n
1	130	20	20	43	s	n
1	130	20	21	40	s	n
1	130	20	22	47	s	n
1	130	20	23	44	s	n
1	130	20	24	41	s	n
1	130	20	25	34	s	n
1	130	20	26	32	s	n
1	130	20	27	39	s	n
1	130	20	28	35	s	n
1	130	20	29	27	s	n
1	130	20	30	29	s	n
1	130	20	31	34	s	n
1	130	20	32	29	s	n
1	130	20	33	36	s	n
1	130	20	34	36	s	n
1	130	20	35	45	s	n
1	130	20	36	43	s	n
1	130	20	37	26	s	n
1	130	20	38	25	n	n
1	130	20	39	23	n	n
1	130	20	40	17	n	n
1	130	20	41	4	n	n
1	130	20	42	1	n	n
1	130	20	43	9	n	n
1	130	20	44	6	n	n
1	130	20	45	1	n	n
1	130	20	46	1	n	n
1	130	20	47	0	n	n
1	130	20	48	1	n	n
1	130	20	49	0	n	n
1	130	20	50	0	n	n
1	140	1	1	29	s	n
1	140	1	2	26	s	n
1	140	1	3	38	s	n
1	140	1	4	24	s	n
1	140	1	5	30	s	n
1	140	1	6	19	s	n
1	140	1	7	26	s	n
1	140	1	8	36	s	n
1	140	1	9	34	s	n
1	140	1	10	49	s	n
1	140	1	11	36	s	n
1	140	1	12	24	s	n
1	140	1	13	34	s	n
1	140	1	14	22	s	n
1	140	1	15	25	s	n
1	140	1	16	33	s	n
1	140	1	17	44	s	n
1	140	1	18	45	s	n
1	140	1	19	45	s	n
1	140	1	20	39	s	n
1	140	1	21	51	s	n
1	140	1	22	44	s	n
1	140	1	23	28	s	n
1	140	1	24	47	s	n
1	140	1	25	36	s	n
1	140	1	26	31	s	n
1	140	1	27	30	s	n
1	140	1	28	50	s	n
1	140	1	29	33	s	n
1	140	1	30	38	s	n
1	140	1	31	32	s	n
1	140	1	32	27	s	n
1	140	1	33	37	s	n
1	140	1	34	41	s	n
1	140	1	35	37	s	n
1	140	1	36	36	s	n
1	140	1	37	39	s	n
1	140	1	38	49	s	n
1	140	1	39	38	s	n
1	140	1	40	37	s	n
1	140	1	41	39	s	n
1	140	1	42	29	s	n
1	140	1	43	16	n	n
1	140	1	44	27	n	n
1	140	1	45	20	n	n
1	140	1	46	17	n	n
1	140	1	47	6	n	n
1	140	1	48	9	n	n
1	140	1	49	0	n	n
1	140	1	50	1	n	n
1	140	2	1	37	s	n
1	140	2	2	33	s	n
1	140	2	3	35	s	n
1	140	2	4	38	s	n
1	140	2	5	27	s	n
1	140	2	6	16	s	n
1	140	2	7	26	s	n
1	140	2	8	23	s	n
1	140	2	9	34	s	n
1	140	2	10	29	s	n
1	140	2	11	39	s	n
1	140	2	12	39	s	n
1	140	2	13	41	s	n
1	140	2	14	32	s	n
1	140	2	15	38	s	n
1	140	2	16	35	s	n
1	140	2	17	34	s	n
1	140	2	18	49	s	n
1	140	2	19	44	s	n
1	140	2	20	43	s	n
1	140	2	21	43	s	n
1	140	2	22	54	s	n
1	140	2	23	44	s	n
1	140	2	24	49	s	n
1	140	2	25	35	s	n
1	140	2	26	43	s	n
1	140	2	27	23	s	n
1	140	2	28	29	s	n
1	140	2	29	34	s	n
1	140	2	30	48	s	n
1	140	2	31	37	s	n
1	140	2	32	38	s	n
1	140	2	33	39	s	n
1	140	2	34	40	s	n
1	140	2	35	24	s	n
1	140	2	36	33	s	n
1	140	2	37	54	s	n
1	140	2	38	46	s	n
1	140	2	39	40	s	n
1	140	2	40	30	s	n
1	140	2	41	34	s	n
1	140	2	42	31	s	n
1	140	2	43	32	n	n
1	140	2	44	32	n	n
1	140	2	45	36	n	n
1	140	2	46	19	n	n
1	140	2	47	18	n	n
1	140	2	48	2	n	n
1	140	2	49	3	n	n
1	140	2	50	1	n	n
1	140	3	1	32	s	n
1	140	3	2	39	s	n
1	140	3	3	26	s	n
1	140	3	4	36	s	n
1	140	3	5	24	s	n
1	140	3	6	26	s	n
1	140	3	7	28	s	n
1	140	3	8	23	s	n
1	140	3	9	25	s	n
1	140	3	10	32	s	n
1	140	3	11	25	s	n
1	140	3	12	32	s	n
1	140	3	13	39	s	n
1	140	3	14	39	s	n
1	140	3	15	30	s	n
1	140	3	16	37	s	n
1	140	3	17	42	s	n
1	140	3	18	46	s	n
1	140	3	19	32	s	n
1	140	3	20	47	s	n
1	140	3	21	41	s	n
1	140	3	22	49	s	n
1	140	3	23	38	s	n
1	140	3	24	41	s	n
1	140	3	25	42	s	n
1	140	3	26	36	s	n
1	140	3	27	56	s	n
1	140	3	28	33	s	n
1	140	3	29	41	s	n
1	140	3	30	35	s	n
1	140	3	31	34	s	n
1	140	3	32	50	s	n
1	140	3	33	36	s	n
1	140	3	34	38	s	n
1	140	3	35	42	s	n
1	140	3	36	47	s	n
1	140	3	37	53	s	n
1	140	3	38	47	s	n
1	140	3	39	50	s	n
1	140	3	40	49	s	n
1	140	3	41	37	s	n
1	140	3	42	30	n	n
1	140	3	43	27	n	n
1	140	3	44	24	n	n
1	140	3	45	11	n	n
1	140	3	46	7	s	n
1	140	3	47	1	n	n
1	140	3	48	13	n	n
1	140	3	49	2	n	n
1	140	3	50	3	n	n
1	140	4	1	26	s	n
1	140	4	2	25	s	n
1	140	4	3	36	s	n
1	140	4	4	36	s	n
1	140	4	5	24	s	n
1	140	4	6	30	s	n
1	140	4	7	37	s	n
1	140	4	8	33	s	n
1	140	4	9	28	s	n
1	140	4	10	24	s	n
1	140	4	11	37	s	n
1	140	4	12	37	s	n
1	140	4	13	28	s	n
1	140	4	14	34	s	n
1	140	4	15	40	s	n
1	140	4	16	41	s	n
1	140	4	17	42	s	n
1	140	4	18	38	s	n
1	140	4	19	41	s	n
1	140	4	20	46	s	n
1	140	4	21	42	s	n
1	140	4	22	44	s	n
1	140	4	23	28	s	n
1	140	4	24	33	s	n
1	140	4	25	51	s	n
1	140	4	26	50	s	n
1	140	4	27	43	s	n
1	140	4	28	43	s	n
1	140	4	29	28	s	n
1	140	4	30	21	s	n
1	140	4	31	54	s	n
1	140	4	32	35	s	n
1	140	4	33	43	s	n
1	140	4	34	42	s	n
1	140	4	35	52	s	n
1	140	4	36	45	s	n
1	140	4	37	50	s	n
1	140	4	38	49	s	n
1	140	4	39	28	s	n
1	140	4	40	36	s	n
1	140	4	41	34	s	n
1	140	4	42	39	s	n
1	140	4	43	15	n	n
1	140	4	44	30	s	n
1	140	4	45	11	n	n
1	140	4	46	13	n	n
1	140	4	47	1	n	n
1	140	4	48	1	n	n
1	140	4	49	5	n	n
1	140	4	50	2	n	n
1	140	5	1	23	s	n
1	140	5	2	27	s	n
1	140	5	3	31	s	n
1	140	5	4	28	s	n
1	140	5	5	17	s	n
1	140	5	6	25	s	n
1	140	5	7	32	s	n
1	140	5	8	33	s	n
1	140	5	9	36	s	n
1	140	5	10	23	s	n
1	140	5	11	21	s	n
1	140	5	12	16	s	n
1	140	5	13	38	s	n
1	140	5	14	31	s	n
1	140	5	15	35	s	n
1	140	5	16	40	s	n
1	140	5	17	41	s	n
1	140	5	18	39	s	n
1	140	5	19	41	s	n
1	140	5	20	33	s	n
1	140	5	21	33	s	n
1	140	5	22	51	s	n
1	140	5	23	35	s	n
1	140	5	24	27	s	n
1	140	5	25	41	s	n
1	140	5	26	43	s	n
1	140	5	27	31	s	n
1	140	5	28	41	s	n
1	140	5	29	31	s	n
1	140	5	30	38	s	n
1	140	5	31	32	s	n
1	140	5	32	40	s	n
1	140	5	33	42	s	n
1	140	5	34	59	s	n
1	140	5	35	31	s	n
1	140	5	36	48	s	n
1	140	5	37	46	s	n
1	140	5	38	38	s	n
1	140	5	39	33	s	n
1	140	5	40	43	s	n
1	140	5	41	32	s	n
1	140	5	42	40	s	d
1	140	5	43	17	n	n
1	140	5	44	26	s	n
1	140	5	45	11	n	n
1	140	5	46	13	n	n
1	140	5	47	1	n	n
1	140	5	48	2	n	n
1	140	5	49	4	n	n
1	140	5	50	0	n	n
1	140	6	1	27	s	n
1	140	6	2	27	s	n
1	140	6	3	31	s	n
1	140	6	4	37	s	n
1	140	6	5	32	s	n
1	140	6	6	42	s	n
1	140	6	7	37	s	n
1	140	6	8	36	s	n
1	140	6	9	29	s	n
1	140	6	10	27	s	n
1	140	6	11	23	s	n
1	140	6	12	22	s	n
1	140	6	13	22	s	n
1	140	6	14	31	s	n
1	140	6	15	31	s	n
1	140	6	16	33	s	n
1	140	6	17	34	s	n
1	140	6	18	37	s	n
1	140	6	19	37	s	n
1	140	6	20	22	s	n
1	140	6	21	32	s	n
1	140	6	22	29	s	n
1	140	6	23	31	s	n
1	140	6	24	32	s	n
1	140	6	25	32	s	n
1	140	6	26	35	s	n
1	140	6	27	38	s	n
1	140	6	28	37	s	n
1	140	6	29	42	s	n
1	140	6	30	39	s	n
1	140	6	31	34	s	n
1	140	6	32	42	s	n
1	140	6	33	43	s	n
1	140	6	34	31	s	n
1	140	6	35	37	s	n
1	140	6	36	32	s	n
1	140	6	37	37	s	n
1	140	6	38	38	s	n
1	140	6	39	30	n	n
1	140	6	40	44	s	n
1	140	6	41	30	n	n
1	140	6	42	19	n	n
1	140	6	43	22	n	n
1	140	6	44	9	n	n
1	140	6	45	10	n	n
1	140	6	46	8	n	n
1	140	6	47	0	n	n
1	140	6	48	7	n	n
1	140	6	49	1	n	n
1	140	6	50	2	n	n
1	140	7	1	31	s	n
1	140	7	2	29	s	n
1	140	7	3	23	s	n
1	140	7	4	26	s	n
1	140	7	5	26	s	n
1	140	7	6	30	s	n
1	140	7	7	26	s	n
1	140	7	8	29	s	n
1	140	7	9	27	s	n
1	140	7	10	31	s	n
1	140	7	11	18	s	n
1	140	7	12	18	s	n
1	140	7	13	23	s	n
1	140	7	14	43	s	n
1	140	7	15	37	s	n
1	140	7	16	52	s	n
1	140	7	17	27	s	n
1	140	7	18	37	s	n
1	140	7	19	32	s	n
1	140	7	20	32	s	n
1	140	7	21	33	s	n
1	140	7	22	33	s	n
1	140	7	23	32	s	n
1	140	7	24	43	s	n
1	140	7	25	46	s	n
1	140	7	26	28	s	n
1	140	7	27	39	s	n
1	140	7	28	30	s	n
1	140	7	29	48	s	n
1	140	7	30	33	s	n
1	140	7	31	27	s	n
1	140	7	32	42	s	n
1	140	7	33	29	s	n
1	140	7	34	39	s	n
1	140	7	35	31	s	n
1	140	7	36	45	s	n
1	140	7	37	30	s	n
1	140	7	38	42	s	n
1	140	7	39	33	s	n
1	140	7	40	37	s	n
1	140	7	41	17	s	n
1	140	7	42	29	n	n
1	140	7	43	14	n	n
1	140	7	44	23	n	n
1	140	7	45	11	n	n
1	140	7	46	7	s	n
1	140	7	47	11	n	n
1	140	7	48	8	n	n
1	140	7	49	2	n	n
1	140	7	50	0	n	n
1	140	8	1	33	s	n
1	140	8	2	22	s	n
1	140	8	3	27	s	n
1	140	8	4	32	s	n
1	140	8	5	24	s	n
1	140	8	6	24	s	n
1	140	8	7	29	s	n
1	140	8	8	23	s	n
1	140	8	9	23	s	n
1	140	8	10	31	s	n
1	140	8	11	21	s	n
1	140	8	12	27	s	n
1	140	8	13	29	s	n
1	140	8	14	41	s	n
1	140	8	15	43	s	n
1	140	8	16	35	s	n
1	140	8	17	36	s	n
1	140	8	18	48	s	n
1	140	8	19	42	s	n
1	140	8	20	29	s	n
1	140	8	21	29	s	n
1	140	8	22	36	s	n
1	140	8	23	46	s	n
1	140	8	24	38	s	n
1	140	8	25	27	s	n
1	140	8	26	42	s	n
1	140	8	27	33	s	n
1	140	8	28	45	s	n
1	140	8	29	42	s	n
1	140	8	30	37	s	n
1	140	8	31	40	s	n
1	140	8	32	59	s	n
1	140	8	33	31	s	n
1	140	8	34	29	s	n
1	140	8	35	41	s	n
1	140	8	36	35	s	n
1	140	8	37	34	s	n
1	140	8	38	40	s	n
1	140	8	39	31	n	n
1	140	8	40	20	n	n
1	140	8	41	23	s	n
1	140	8	42	18	s	n
1	140	8	43	15	n	n
1	140	8	44	13	n	n
1	140	8	45	18	n	n
1	140	8	46	15	n	n
1	140	8	47	3	n	n
1	140	8	48	6	n	n
1	140	8	49	2	n	n
1	140	8	50	0	n	n
1	140	9	1	29	s	n
1	140	9	2	29	s	n
1	140	9	3	35	s	n
1	140	9	4	37	s	n
1	140	9	5	23	s	n
1	140	9	6	32	s	n
1	140	9	7	31	s	n
1	140	9	8	28	s	n
1	140	9	9	22	s	n
1	140	9	10	24	s	n
1	140	9	11	22	s	n
1	140	9	12	29	s	n
1	140	9	13	41	s	n
1	140	9	14	38	s	n
1	140	9	15	43	s	n
1	140	9	16	21	s	n
1	140	9	17	32	s	n
1	140	9	18	51	s	n
1	140	9	19	42	s	n
1	140	9	20	43	s	n
1	140	9	21	31	s	n
1	140	9	22	29	s	n
1	140	9	23	35	s	n
1	140	9	24	56	s	n
1	140	9	25	34	s	n
1	140	9	26	31	s	n
1	140	9	27	45	s	n
1	140	9	28	61	s	n
1	140	9	29	66	s	n
1	140	9	30	53	s	n
1	140	9	31	53	s	n
1	140	9	32	34	s	n
1	140	9	33	42	s	n
1	140	9	34	29	s	n
1	140	9	35	49	s	n
1	140	9	36	43	s	n
1	140	9	37	43	s	n
1	140	9	38	35	n	n
1	140	9	39	34	s	n
1	140	9	40	28	n	n
1	140	9	41	27	n	n
1	140	9	42	19	n	n
1	140	9	43	21	n	n
1	140	9	44	7	n	n
1	140	9	45	5	n	n
1	140	9	46	1	n	n
1	140	9	47	10	n	n
1	140	9	48	0	n	n
1	140	9	49	1	n	n
1	140	9	50	1	n	n
1	140	10	1	30	s	n
1	140	10	2	21	s	n
1	140	10	3	34	s	n
1	140	10	4	33	s	n
1	140	10	5	32	s	n
1	140	10	6	29	s	n
1	140	10	7	27	s	n
1	140	10	8	34	s	n
1	140	10	9	32	s	n
1	140	10	10	29	s	n
1	140	10	11	28	s	n
1	140	10	12	34	s	n
1	140	10	13	34	s	n
1	140	10	14	41	s	n
1	140	10	15	36	s	n
1	140	10	16	43	s	n
1	140	10	17	41	s	n
1	140	10	18	43	s	n
1	140	10	19	39	s	n
1	140	10	20	34	s	n
1	140	10	21	37	s	n
1	140	10	22	38	s	n
1	140	10	23	37	s	n
1	140	10	24	32	s	n
1	140	10	25	40	s	n
1	140	10	26	33	s	n
1	140	10	27	42	s	n
1	140	10	28	34	s	n
1	140	10	29	39	s	n
1	140	10	30	32	s	n
1	140	10	31	47	s	n
1	140	10	32	49	s	n
1	140	10	33	47	s	n
1	140	10	34	33	s	n
1	140	10	35	52	s	d
1	140	10	36	48	s	n
1	140	10	37	41	s	d
1	140	10	38	44	s	n
1	140	10	39	28	n	n
1	140	10	40	23	n	n
1	140	10	41	27	n	n
1	140	10	42	28	n	n
1	140	10	43	3	n	n
1	140	10	44	22	n	n
1	140	10	45	8	n	n
1	140	10	46	9	n	n
1	140	10	47	6	n	n
1	140	10	48	4	n	n
1	140	10	49	1	n	n
1	140	10	50	0	n	n
1	140	11	1	23	s	n
1	140	11	2	17	s	n
1	140	11	3	31	s	n
1	140	11	4	17	s	n
1	140	11	5	31	s	n
1	140	11	6	21	s	n
1	140	11	7	31	s	n
1	140	11	8	26	s	n
1	140	11	9	27	s	n
1	140	11	10	25	s	n
1	140	11	11	30	s	n
1	140	11	12	32	s	n
1	140	11	13	41	s	n
1	140	11	14	36	s	n
1	140	11	15	36	s	n
1	140	11	16	28	s	n
1	140	11	17	43	s	n
1	140	11	18	37	s	n
1	140	11	19	31	s	n
1	140	11	20	27	s	n
1	140	11	21	38	s	n
1	140	11	22	24	s	n
1	140	11	23	32	s	n
1	140	11	24	42	s	n
1	140	11	25	50	s	n
1	140	11	26	35	s	n
1	140	11	27	35	s	n
1	140	11	28	35	s	n
1	140	11	29	26	s	n
1	140	11	30	35	s	n
1	140	11	31	57	s	n
1	140	11	32	31	s	n
1	140	11	33	32	s	n
1	140	11	34	43	s	n
1	140	11	35	47	s	n
1	140	11	36	45	s	n
1	140	11	37	43	s	n
1	140	11	38	49	s	d
1	140	11	39	31	n	n
1	140	11	40	38	n	n
1	140	11	41	29	n	n
1	140	11	42	22	n	n
1	140	11	43	11	n	n
1	140	11	44	4	n	n
1	140	11	45	6	n	n
1	140	11	46	5	n	n
1	140	11	47	2	n	n
1	140	11	48	1	n	n
1	140	11	49	0	n	n
1	140	11	50	0	n	n
1	140	12	1	30	s	n
1	140	12	2	26	s	n
1	140	12	3	35	s	n
1	140	12	4	28	s	n
1	140	12	5	19	s	n
1	140	12	6	31	s	n
1	140	12	7	32	s	n
1	140	12	8	33	s	n
1	140	12	9	31	s	n
1	140	12	10	38	s	n
1	140	12	11	29	s	n
1	140	12	12	25	s	n
1	140	12	13	26	s	n
1	140	12	14	37	s	n
1	140	12	15	41	s	n
1	140	12	16	36	s	n
1	140	12	17	33	s	n
1	140	12	18	28	s	n
1	140	12	19	28	s	n
1	140	12	20	41	s	n
1	140	12	21	32	s	n
1	140	12	22	29	s	n
1	140	12	23	43	s	n
1	140	12	24	40	s	n
1	140	12	25	36	s	n
1	140	12	26	42	s	n
1	140	12	27	40	s	n
1	140	12	28	24	s	n
1	140	12	29	25	s	n
1	140	12	30	35	s	n
1	140	12	31	36	s	n
1	140	12	32	38	s	n
1	140	12	33	39	s	n
1	140	12	34	40	s	n
1	140	12	35	47	s	n
1	140	12	36	35	s	n
1	140	12	37	44	s	n
1	140	12	38	40	s	n
1	140	12	39	44	s	d
1	140	12	40	32	n	n
1	140	12	41	27	n	n
1	140	12	42	13	n	n
1	140	12	43	28	n	n
1	140	12	44	4	n	n
1	140	12	45	6	n	n
1	140	12	46	0	n	n
1	140	12	47	3	n	n
1	140	12	48	1	n	n
1	140	12	49	2	n	n
1	140	12	50	0	n	n
1	140	13	1	28	s	n
1	140	13	2	29	s	n
1	140	13	3	27	s	n
1	140	13	4	25	s	n
1	140	13	5	27	s	n
1	140	13	6	33	s	n
1	140	13	7	31	s	n
1	140	13	8	38	s	n
1	140	13	9	27	s	n
1	140	13	10	33	s	n
1	140	13	11	27	s	n
1	140	13	12	36	s	n
1	140	13	13	32	s	n
1	140	13	14	33	s	n
1	140	13	15	38	s	n
1	140	13	16	53	s	n
1	140	13	17	32	s	n
1	140	13	18	38	s	n
1	140	13	19	39	s	n
1	140	13	20	32	s	n
1	140	13	21	35	s	n
1	140	13	22	28	s	n
1	140	13	23	39	s	n
1	140	13	24	36	s	n
1	140	13	25	47	s	n
1	140	13	26	49	s	n
1	140	13	27	42	s	n
1	140	13	28	36	s	n
1	140	13	29	30	s	n
1	140	13	30	31	s	n
1	140	13	31	27	s	n
1	140	13	32	37	s	n
1	140	13	33	52	s	n
1	140	13	34	49	s	n
1	140	13	35	52	s	n
1	140	13	36	45	s	n
1	140	13	37	38	s	n
1	140	13	38	44	s	n
1	140	13	39	34	s	n
1	140	13	40	43	s	d
1	140	13	41	26	n	n
1	140	13	42	26	n	n
1	140	13	43	18	n	n
1	140	13	44	5	n	n
1	140	13	45	1	n	n
1	140	13	46	1	n	n
1	140	13	47	2	n	n
1	140	13	48	1	n	n
1	140	13	49	2	n	n
1	140	13	50	3	n	n
1	140	14	1	35	s	n
1	140	14	2	38	s	n
1	140	14	3	41	s	n
1	140	14	4	23	s	n
1	140	14	5	20	s	n
1	140	14	6	31	s	n
1	140	14	7	19	s	n
1	140	14	8	27	s	n
1	140	14	9	27	s	n
1	140	14	10	34	s	n
1	140	14	11	31	s	n
1	140	14	12	39	s	n
1	140	14	13	39	s	n
1	140	14	14	38	s	n
1	140	14	15	30	s	n
1	140	14	16	28	s	n
1	140	14	17	40	s	n
1	140	14	18	32	s	n
1	140	14	19	36	s	n
1	140	14	20	27	s	n
1	140	14	21	27	s	n
1	140	14	22	35	s	n
1	140	14	23	37	s	n
1	140	14	24	40	s	n
1	140	14	25	47	s	n
1	140	14	26	32	s	n
1	140	14	27	37	s	n
1	140	14	28	50	s	n
1	140	14	29	33	s	n
1	140	14	30	32	s	n
1	140	14	31	33	s	n
1	140	14	32	35	s	n
1	140	14	33	43	s	n
1	140	14	34	46	s	n
1	140	14	35	43	s	n
1	140	14	36	44	s	n
1	140	14	37	40	s	d
1	140	14	38	29	s	n
1	140	14	39	25	n	n
1	140	14	40	33	s	n
1	140	14	41	27	s	n
1	140	14	42	24	n	n
1	140	14	43	19	n	n
1	140	14	44	11	n	n
1	140	14	45	13	n	n
1	140	14	46	4	n	n
1	140	14	47	0	n	n
1	140	14	48	0	n	n
1	140	14	49	2	n	n
1	140	14	50	1	n	n
1	140	15	1	36	s	n
1	140	15	2	33	s	n
1	140	15	3	33	s	n
1	140	15	4	25	s	n
1	140	15	5	30	s	n
1	140	15	6	28	s	n
1	140	15	7	31	s	n
1	140	15	8	30	s	n
1	140	15	9	28	s	n
1	140	15	10	34	s	n
1	140	15	11	41	s	n
1	140	15	12	28	s	n
1	140	15	13	36	s	n
1	140	15	14	40	s	n
1	140	15	15	28	s	n
1	140	15	16	22	s	n
1	140	15	17	24	s	n
1	140	15	18	28	s	n
1	140	15	19	26	s	n
1	140	15	20	32	s	n
1	140	15	21	37	s	n
1	140	15	22	36	s	n
1	140	15	23	39	s	n
1	140	15	24	34	s	n
1	140	15	25	33	s	n
1	140	15	26	46	s	n
1	140	15	27	46	s	n
1	140	15	28	38	s	n
1	140	15	29	49	s	n
1	140	15	30	32	s	n
1	140	15	31	42	s	n
1	140	15	32	31	s	n
1	140	15	33	29	s	n
1	140	15	34	26	s	n
1	140	15	35	34	s	n
1	140	15	36	41	s	d
1	140	15	37	35	s	n
1	140	15	38	27	n	n
1	140	15	39	34	s	n
1	140	15	40	31	s	n
1	140	15	41	37	s	n
1	140	15	42	23	n	n
1	140	15	43	28	n	n
1	140	15	44	22	n	n
1	140	15	45	18	n	n
1	140	15	46	12	n	n
1	140	15	47	1	n	n
1	140	15	48	8	n	n
1	140	15	49	0	n	n
1	140	15	50	0	n	n
1	140	16	1	41	s	n
1	140	16	2	43	s	n
1	140	16	3	41	s	n
1	140	16	4	38	s	n
1	140	16	5	34	s	n
1	140	16	6	32	s	n
1	140	16	7	25	s	n
1	140	16	8	36	s	n
1	140	16	9	27	s	n
1	140	16	10	32	s	n
1	140	16	11	32	s	n
1	140	16	12	30	s	n
1	140	16	13	36	s	n
1	140	16	14	27	s	n
1	140	16	15	29	s	n
1	140	16	16	35	s	n
1	140	16	17	31	s	n
1	140	16	18	26	s	n
1	140	16	19	26	s	n
1	140	16	20	20	s	n
1	140	16	21	29	s	n
1	140	16	22	34	s	n
1	140	16	23	36	s	n
1	140	16	24	41	s	n
1	140	16	25	35	s	n
1	140	16	26	32	s	n
1	140	16	27	46	s	n
1	140	16	28	29	s	n
1	140	16	29	53	s	n
1	140	16	30	46	s	n
1	140	16	31	38	s	n
1	140	16	32	54	s	n
1	140	16	33	39	s	n
1	140	16	34	40	s	n
1	140	16	35	34	s	n
1	140	16	36	53	s	n
1	140	16	37	44	s	n
1	140	16	38	33	s	n
1	140	16	39	24	s	n
1	140	16	40	24	n	n
1	140	16	41	22	s	n
1	140	16	42	28	n	n
1	140	16	43	24	n	n
1	140	16	44	11	n	n
1	140	16	45	13	n	n
1	140	16	46	7	n	n
1	140	16	47	4	n	n
1	140	16	48	5	n	n
1	140	16	49	0	n	n
1	140	16	50	0	n	n
1	140	17	1	40	s	n
1	140	17	2	46	s	n
1	140	17	3	33	s	n
1	140	17	4	24	s	n
1	140	17	5	31	s	n
1	140	17	6	38	s	n
1	140	17	7	33	s	n
1	140	17	8	30	s	n
1	140	17	9	23	s	n
1	140	17	10	23	s	n
1	140	17	11	35	s	n
1	140	17	12	33	s	n
1	140	17	13	34	s	n
1	140	17	14	22	s	n
1	140	17	15	32	s	n
1	140	17	16	43	s	n
1	140	17	17	36	s	n
1	140	17	18	32	s	n
1	140	17	19	37	s	n
1	140	17	20	30	s	n
1	140	17	21	35	s	n
1	140	17	22	32	s	n
1	140	17	23	33	s	n
1	140	17	24	36	s	n
1	140	17	25	40	s	n
1	140	17	26	41	s	n
1	140	17	27	42	s	n
1	140	17	28	44	s	n
1	140	17	29	44	s	n
1	140	17	30	61	s	n
1	140	17	31	35	s	n
1	140	17	32	41	s	n
1	140	17	33	44	s	n
1	140	17	34	38	s	n
1	140	17	35	41	s	n
1	140	17	36	38	s	n
1	140	17	37	47	s	n
1	140	17	38	32	n	n
1	140	17	39	24	s	n
1	140	17	40	23	s	n
1	140	17	41	29	n	n
1	140	17	42	20	n	n
1	140	17	43	27	n	n
1	140	17	44	6	n	n
1	140	17	45	11	n	n
1	140	17	46	3	n	n
1	140	17	47	5	n	n
1	140	17	48	2	n	n
1	140	17	49	2	n	n
1	140	17	50	0	n	n
1	140	18	1	41	s	n
1	140	18	2	39	s	n
1	140	18	3	44	s	n
1	140	18	4	38	s	n
1	140	18	5	40	s	n
1	140	18	6	31	s	n
1	140	18	7	35	s	n
1	140	18	8	40	s	n
1	140	18	9	35	s	n
1	140	18	10	27	s	n
1	140	18	11	32	s	n
1	140	18	12	33	s	n
1	140	18	13	32	s	n
1	140	18	14	30	s	n
1	140	18	15	28	s	n
1	140	18	16	27	s	n
1	140	18	17	40	s	n
1	140	18	18	44	s	n
1	140	18	19	34	s	n
1	140	18	20	33	s	n
1	140	18	21	40	s	n
1	140	18	22	28	s	n
1	140	18	23	34	s	n
1	140	18	24	36	s	n
1	140	18	25	30	s	n
1	140	18	26	40	s	n
1	140	18	27	30	s	n
1	140	18	28	30	s	n
1	140	18	29	46	s	n
1	140	18	30	34	s	n
1	140	18	31	38	s	n
1	140	18	32	36	s	n
1	140	18	33	32	s	n
1	140	18	34	28	s	n
1	140	18	35	37	s	n
1	140	18	36	36	s	n
1	140	18	37	32	s	n
1	140	18	38	27	s	n
1	140	18	39	31	n	n
1	140	18	40	20	s	n
1	140	18	41	15	s	n
1	140	18	42	19	s	n
1	140	18	43	9	s	n
1	140	18	44	11	s	n
1	140	18	45	4	n	n
1	140	18	46	8	n	n
1	140	18	47	3	n	n
1	140	18	48	7	n	n
1	140	18	49	3	n	n
1	140	18	50	1	n	n
1	140	19	1	44	s	n
1	140	19	2	38	s	n
1	140	19	3	40	s	n
1	140	19	4	39	s	n
1	140	19	5	31	s	n
1	140	19	6	29	s	n
1	140	19	7	32	s	n
1	140	19	8	33	s	n
1	140	19	9	34	s	n
1	140	19	10	31	s	n
1	140	19	11	29	s	n
1	140	19	12	27	s	n
1	140	19	13	30	s	n
1	140	19	14	37	s	n
1	140	19	15	38	s	n
1	140	19	16	34	s	n
1	140	19	17	41	s	n
1	140	19	18	40	s	n
1	140	19	19	54	s	n
1	140	19	20	35	s	n
1	140	19	21	37	s	n
1	140	19	22	32	s	n
1	140	19	23	23	s	n
1	140	19	24	33	s	n
1	140	19	25	27	s	n
1	140	19	26	48	s	n
1	140	19	27	44	s	n
1	140	19	28	28	s	n
1	140	19	29	36	s	n
1	140	19	30	49	s	n
1	140	19	31	53	s	n
1	140	19	32	37	s	n
1	140	19	33	31	s	n
1	140	19	34	32	s	n
1	140	19	35	38	s	n
1	140	19	36	34	s	n
1	140	19	37	28	s	n
1	140	19	38	19	n	n
1	140	19	39	20	s	n
1	140	19	40	18	n	n
1	140	19	41	17	s	n
1	140	19	42	21	s	n
1	140	19	43	14	s	n
1	140	19	44	4	n	n
1	140	19	45	8	n	n
1	140	19	46	12	n	n
1	140	19	47	5	n	n
1	140	19	48	1	n	n
1	140	19	49	1	n	n
1	140	19	50	0	n	n
1	140	20	1	43	s	n
1	140	20	2	35	s	n
1	140	20	3	42	s	n
1	140	20	4	41	s	n
1	140	20	5	32	s	n
1	140	20	6	30	s	n
1	140	20	7	36	s	n
1	140	20	8	34	s	n
1	140	20	9	22	s	n
1	140	20	10	33	s	n
1	140	20	11	37	s	n
1	140	20	12	34	s	n
1	140	20	13	36	s	n
1	140	20	14	23	s	n
1	140	20	15	39	s	n
1	140	20	16	33	s	n
1	140	20	17	30	s	n
1	140	20	18	35	s	n
1	140	20	19	34	s	n
1	140	20	20	30	s	n
1	140	20	21	37	s	n
1	140	20	22	40	s	n
1	140	20	23	27	s	n
1	140	20	24	29	s	n
1	140	20	25	32	s	n
1	140	20	26	36	s	n
1	140	20	27	30	s	n
1	140	20	28	44	s	n
1	140	20	29	36	s	n
1	140	20	30	31	s	n
1	140	20	31	34	s	n
1	140	20	32	33	s	n
1	140	20	33	33	s	n
1	140	20	34	43	s	n
1	140	20	35	38	s	n
1	140	20	36	31	s	n
1	140	20	37	33	s	n
1	140	20	38	30	s	n
1	140	20	39	24	n	n
1	140	20	40	22	s	n
1	140	20	41	18	n	n
1	140	20	42	9	s	n
1	140	20	43	8	s	n
1	140	20	44	10	n	n
1	140	20	45	8	n	n
1	140	20	46	12	n	n
1	140	20	47	2	n	n
1	140	20	48	1	n	n
1	140	20	49	0	n	n
1	140	20	50	0	n	n
1	150	1	1	19	s	n
1	150	1	2	22	s	n
1	150	1	3	19	s	n
1	150	1	4	26	s	n
1	150	1	5	31	s	n
1	150	1	6	29	s	n
1	150	1	7	32	s	n
1	150	1	8	22	s	n
1	150	1	9	23	s	n
1	150	1	10	31	s	n
1	150	1	11	28	s	n
1	150	1	12	32	s	n
1	150	1	13	36	s	n
1	150	1	14	29	s	n
1	150	1	15	21	s	n
1	150	1	16	37	s	n
1	150	1	17	38	s	n
1	150	1	18	36	s	n
1	150	1	19	46	s	n
1	150	1	20	43	s	n
1	150	1	21	49	s	n
1	150	1	22	39	s	n
1	150	1	23	42	s	n
1	150	1	24	42	s	n
1	150	1	25	39	s	n
1	150	1	26	38	s	n
1	150	1	27	39	s	n
1	150	1	28	45	s	n
1	150	1	29	42	s	n
1	150	1	30	33	s	n
1	150	1	31	49	s	n
1	150	1	32	34	s	n
1	150	1	33	39	s	n
1	150	1	34	37	s	n
1	150	1	35	31	s	n
1	150	1	36	23	s	n
1	150	1	37	36	s	n
1	150	1	38	29	s	n
1	150	1	39	36	s	n
1	150	1	40	42	s	n
1	150	1	41	34	s	n
1	150	1	42	26	s	n
1	150	1	43	33	s	n
1	150	1	44	40	s	n
1	150	1	45	34	n	n
1	150	1	46	32	s	n
1	150	1	47	26	s	n
1	150	1	48	13	n	n
1	150	1	49	9	n	n
1	150	1	50	10	n	n
1	150	2	1	21	s	n
1	150	2	2	21	s	n
1	150	2	3	29	s	n
1	150	2	4	22	s	n
1	150	2	5	28	s	n
1	150	2	6	26	s	n
1	150	2	7	30	s	n
1	150	2	8	28	s	n
1	150	2	9	31	s	n
1	150	2	10	22	s	n
1	150	2	11	28	s	n
1	150	2	12	33	s	n
1	150	2	13	33	s	n
1	150	2	14	28	s	n
1	150	2	15	44	s	n
1	150	2	16	44	s	n
1	150	2	17	44	s	n
1	150	2	18	45	s	n
1	150	2	19	42	s	n
1	150	2	20	44	s	n
1	150	2	21	54	s	n
1	150	2	22	41	s	n
1	150	2	23	45	s	n
1	150	2	24	50	s	n
1	150	2	25	60	s	n
1	150	2	26	39	s	n
1	150	2	27	30	s	n
1	150	2	28	51	s	n
1	150	2	29	26	s	n
1	150	2	30	34	s	n
1	150	2	31	51	s	n
1	150	2	32	45	s	n
1	150	2	33	32	s	n
1	150	2	34	37	s	n
1	150	2	35	47	s	n
1	150	2	36	35	s	n
1	150	2	37	43	s	n
1	150	2	38	45	s	n
1	150	2	39	55	s	n
1	150	2	40	35	s	n
1	150	2	41	30	s	n
1	150	2	42	31	s	n
1	150	2	43	30	s	n
1	150	2	44	20	s	n
1	150	2	45	49	s	n
1	150	2	46	30	s	n
1	150	2	47	22	s	n
1	150	2	48	18	s	n
1	150	2	49	10	n	n
1	150	2	50	9	n	n
1	150	3	1	24	s	n
1	150	3	2	18	s	n
1	150	3	3	27	s	n
1	150	3	4	24	s	n
1	150	3	5	24	s	n
1	150	3	6	30	s	n
1	150	3	7	24	s	n
1	150	3	8	21	s	n
1	150	3	9	31	s	n
1	150	3	10	25	s	n
1	150	3	11	28	s	n
1	150	3	12	19	s	n
1	150	3	13	26	s	n
1	150	3	14	33	s	n
1	150	3	15	32	s	n
1	150	3	16	35	s	n
1	150	3	17	32	s	n
1	150	3	18	52	s	n
1	150	3	19	34	s	n
1	150	3	20	40	s	n
1	150	3	21	35	s	n
1	150	3	22	44	s	n
1	150	3	23	32	s	n
1	150	3	24	38	s	n
1	150	3	25	69	s	n
1	150	3	26	37	s	n
1	150	3	27	50	s	n
1	150	3	28	26	s	n
1	150	3	29	33	s	n
1	150	3	30	40	s	n
1	150	3	31	54	s	n
1	150	3	32	55	s	n
1	150	3	33	59	s	n
1	150	3	34	41	s	n
1	150	3	35	36	s	n
1	150	3	36	37	s	n
1	150	3	37	32	s	n
1	150	3	38	40	s	n
1	150	3	39	37	s	n
1	150	3	40	26	s	n
1	150	3	41	30	s	n
1	150	3	42	24	s	n
1	150	3	43	19	s	n
1	150	3	44	15	s	n
1	150	3	45	39	s	n
1	150	3	46	14	s	n
1	150	3	47	25	n	n
1	150	3	48	10	n	n
1	150	3	49	12	s	n
1	150	3	50	13	n	n
1	150	4	1	14	s	n
1	150	4	2	20	s	n
1	150	4	3	20	s	n
1	150	4	4	25	s	n
1	150	4	5	27	s	n
1	150	4	6	30	s	n
1	150	4	7	27	s	n
1	150	4	8	27	s	n
1	150	4	9	28	s	n
1	150	4	10	31	s	n
1	150	4	11	28	s	n
1	150	4	12	28	s	n
1	150	4	13	27	s	n
1	150	4	14	36	s	n
1	150	4	15	30	s	n
1	150	4	16	47	s	n
1	150	4	17	42	s	n
1	150	4	18	42	s	n
1	150	4	19	41	s	n
1	150	4	20	51	s	n
1	150	4	21	51	s	n
1	150	4	22	41	s	n
1	150	4	23	33	s	n
1	150	4	24	37	s	n
1	150	4	25	60	s	n
1	150	4	26	40	s	n
1	150	4	27	46	s	n
1	150	4	28	54	s	n
1	150	4	29	45	s	n
1	150	4	30	42	s	n
1	150	4	31	35	s	n
1	150	4	32	37	s	n
1	150	4	33	48	s	n
1	150	4	34	47	s	n
1	150	4	35	40	s	n
1	150	4	36	33	s	n
1	150	4	37	33	s	n
1	150	4	38	30	s	n
1	150	4	39	47	s	n
1	150	4	40	34	s	n
1	150	4	41	31	s	n
1	150	4	42	21	s	n
1	150	4	43	26	s	n
1	150	4	44	25	n	n
1	150	4	45	13	s	n
1	150	4	46	18	n	n
1	150	4	47	20	n	n
1	150	4	48	4	n	n
1	150	4	49	11	n	n
1	150	4	50	15	s	n
1	150	5	1	28	s	n
1	150	5	2	18	s	n
1	150	5	3	31	s	n
1	150	5	4	24	s	n
1	150	5	5	27	s	n
1	150	5	6	26	s	n
1	150	5	7	29	s	n
1	150	5	8	20	s	n
1	150	5	9	32	s	n
1	150	5	10	37	s	n
1	150	5	11	35	s	n
1	150	5	12	36	s	n
1	150	5	13	42	s	n
1	150	5	14	35	s	n
1	150	5	15	40	s	n
1	150	5	16	30	s	n
1	150	5	17	36	s	n
1	150	5	18	21	s	n
1	150	5	19	45	s	n
1	150	5	20	43	s	n
1	150	5	21	43	s	n
1	150	5	22	42	s	n
1	150	5	23	27	s	n
1	150	5	24	42	s	n
1	150	5	25	60	s	n
1	150	5	26	36	s	n
1	150	5	27	40	s	n
1	150	5	28	39	s	n
1	150	5	29	57	s	n
1	150	5	30	44	s	n
1	150	5	31	36	s	n
1	150	5	32	41	s	n
1	150	5	33	50	s	n
1	150	5	34	33	s	n
1	150	5	35	43	s	n
1	150	5	36	35	s	n
1	150	5	37	40	s	n
1	150	5	38	22	s	n
1	150	5	39	36	s	n
1	150	5	40	24	s	n
1	150	5	41	28	s	n
1	150	5	42	21	s	n
1	150	5	43	20	n	n
1	150	5	44	19	n	n
1	150	5	45	26	s	n
1	150	5	46	17	n	n
1	150	5	47	22	n	n
1	150	5	48	18	n	n
1	150	5	49	5	n	n
1	150	5	50	19	n	n
1	150	6	1	29	s	n
1	150	6	2	22	s	n
1	150	6	3	32	s	n
1	150	6	4	31	s	n
1	150	6	5	26	s	n
1	150	6	6	24	s	n
1	150	6	7	22	s	n
1	150	6	8	30	s	n
1	150	6	9	24	s	n
1	150	6	10	29	s	n
1	150	6	11	45	s	n
1	150	6	12	40	s	n
1	150	6	13	41	s	n
1	150	6	14	42	s	n
1	150	6	15	35	s	n
1	150	6	16	43	s	n
1	150	6	17	48	s	n
1	150	6	18	28	s	n
1	150	6	19	40	s	n
1	150	6	20	37	s	n
1	150	6	21	35	s	n
1	150	6	22	42	s	n
1	150	6	23	31	s	n
1	150	6	24	42	s	n
1	150	6	25	51	s	n
1	150	6	26	53	s	n
1	150	6	27	41	s	n
1	150	6	28	31	s	n
1	150	6	29	47	s	n
1	150	6	30	39	s	n
1	150	6	31	34	s	n
1	150	6	32	35	s	n
1	150	6	33	29	s	n
1	150	6	34	26	s	n
1	150	6	35	36	s	n
1	150	6	36	29	s	n
1	150	6	37	31	s	n
1	150	6	38	33	s	n
1	150	6	39	32	s	n
1	150	6	40	36	s	n
1	150	6	41	17	s	n
1	150	6	42	27	s	n
1	150	6	43	28	s	n
1	150	6	44	25	n	n
1	150	6	45	27	s	n
1	150	6	46	9	s	n
1	150	6	47	29	s	n
1	150	6	48	9	s	n
1	150	6	49	10	n	n
1	150	6	50	13	n	n
1	150	7	1	29	s	n
1	150	7	2	24	s	n
1	150	7	3	32	s	n
1	150	7	4	31	s	n
1	150	7	5	22	s	n
1	150	7	6	30	s	n
1	150	7	7	24	s	n
1	150	7	8	31	s	n
1	150	7	9	31	s	n
1	150	7	10	28	s	n
1	150	7	11	26	s	n
1	150	7	12	30	s	n
1	150	7	13	39	s	n
1	150	7	14	36	s	n
1	150	7	15	29	s	n
1	150	7	16	36	s	n
1	150	7	17	29	s	n
1	150	7	18	41	s	n
1	150	7	19	35	s	n
1	150	7	20	39	s	n
1	150	7	21	35	s	n
1	150	7	22	34	s	n
1	150	7	23	31	s	n
1	150	7	24	42	s	n
1	150	7	25	42	s	n
1	150	7	26	52	s	n
1	150	7	27	32	s	n
1	150	7	28	36	s	n
1	150	7	29	42	s	n
1	150	7	30	65	s	n
1	150	7	31	35	s	n
1	150	7	32	54	s	n
1	150	7	33	35	s	n
1	150	7	34	62	s	n
1	150	7	35	39	s	n
1	150	7	36	36	s	n
1	150	7	37	35	s	n
1	150	7	38	31	s	n
1	150	7	39	32	s	n
1	150	7	40	38	s	n
1	150	7	41	42	s	n
1	150	7	42	24	s	n
1	150	7	43	27	s	n
1	150	7	44	29	n	n
1	150	7	45	10	s	n
1	150	7	46	13	s	n
1	150	7	47	18	s	n
1	150	7	48	11	n	n
1	150	7	49	10	n	n
1	150	7	50	5	n	n
1	150	8	1	25	s	n
1	150	8	2	35	s	n
1	150	8	3	28	s	n
1	150	8	4	30	s	n
1	150	8	5	32	s	n
1	150	8	6	24	s	n
1	150	8	7	31	s	n
1	150	8	8	37	s	n
1	150	8	9	18	s	n
1	150	8	10	22	s	n
1	150	8	11	18	s	n
1	150	8	12	40	s	n
1	150	8	13	32	s	n
1	150	8	14	29	s	n
1	150	8	15	53	s	n
1	150	8	16	42	s	n
1	150	8	17	39	s	n
1	150	8	18	33	s	n
1	150	8	19	37	s	n
1	150	8	20	42	s	n
1	150	8	21	37	s	n
1	150	8	22	44	s	n
1	150	8	23	54	s	n
1	150	8	24	47	s	n
1	150	8	25	53	s	n
1	150	8	26	42	s	n
1	150	8	27	31	s	n
1	150	8	28	34	s	n
1	150	8	29	39	s	n
1	150	8	30	38	s	n
1	150	8	31	55	s	n
1	150	8	32	37	s	n
1	150	8	33	42	s	n
1	150	8	34	43	s	n
1	150	8	35	40	s	n
1	150	8	36	41	s	n
1	150	8	37	32	s	n
1	150	8	38	44	s	n
1	150	8	39	35	s	n
1	150	8	40	38	s	n
1	150	8	41	29	s	n
1	150	8	42	35	s	n
1	150	8	43	43	s	n
1	150	8	44	30	s	n
1	150	8	45	23	s	n
1	150	8	46	35	n	n
1	150	8	47	20	n	n
1	150	8	48	10	n	n
1	150	8	49	13	n	n
1	150	8	50	10	n	n
1	150	9	1	32	s	n
1	150	9	2	24	s	n
1	150	9	3	33	s	n
1	150	9	4	25	s	n
1	150	9	5	26	s	n
1	150	9	6	31	s	n
1	150	9	7	27	s	n
1	150	9	8	31	s	n
1	150	9	9	24	s	n
1	150	9	10	32	s	n
1	150	9	11	25	s	n
1	150	9	12	28	s	n
1	150	9	13	38	s	n
1	150	9	14	36	s	n
1	150	9	15	43	s	n
1	150	9	16	37	s	n
1	150	9	17	38	s	n
1	150	9	18	38	s	n
1	150	9	19	32	s	n
1	150	9	20	39	s	n
1	150	9	21	34	s	n
1	150	9	22	45	s	n
1	150	9	23	40	s	n
1	150	9	24	34	s	n
1	150	9	25	48	s	n
1	150	9	26	41	s	n
1	150	9	27	35	s	n
1	150	9	28	34	s	n
1	150	9	29	34	s	n
1	150	9	30	31	s	n
1	150	9	31	49	s	n
1	150	9	32	35	s	n
1	150	9	33	40	s	n
1	150	9	34	48	s	n
1	150	9	35	28	s	n
1	150	9	36	49	s	n
1	150	9	37	41	s	n
1	150	9	38	39	s	n
1	150	9	39	37	s	n
1	150	9	40	35	s	n
1	150	9	41	32	s	n
1	150	9	42	34	s	n
1	150	9	43	19	s	n
1	150	9	44	22	s	n
1	150	9	45	30	n	n
1	150	9	46	15	s	n
1	150	9	47	14	n	n
1	150	9	48	12	n	n
1	150	9	49	6	n	n
1	150	9	50	12	n	n
1	150	10	1	30	s	n
1	150	10	2	30	s	n
1	150	10	3	28	s	n
1	150	10	4	32	s	n
1	150	10	5	36	s	n
1	150	10	6	25	s	n
1	150	10	7	26	s	n
1	150	10	8	29	s	n
1	150	10	9	37	s	n
1	150	10	10	20	s	n
1	150	10	11	26	s	n
1	150	10	12	35	s	n
1	150	10	13	32	s	n
1	150	10	14	43	s	n
1	150	10	15	49	s	n
1	150	10	16	39	s	n
1	150	10	17	51	s	n
1	150	10	18	46	s	n
1	150	10	19	34	s	n
1	150	10	20	36	s	n
1	150	10	21	41	s	n
1	150	10	22	36	s	n
1	150	10	23	45	s	n
1	150	10	24	43	s	n
1	150	10	25	34	s	n
1	150	10	26	47	s	n
1	150	10	27	44	s	n
1	150	10	28	38	s	n
1	150	10	29	51	s	n
1	150	10	30	30	s	n
1	150	10	31	54	s	n
1	150	10	32	30	s	n
1	150	10	33	35	s	n
1	150	10	34	37	s	n
1	150	10	35	35	s	n
1	150	10	36	52	s	n
1	150	10	37	36	s	n
1	150	10	38	30	s	n
1	150	10	39	33	s	n
1	150	10	40	36	s	n
1	150	10	41	43	s	n
1	150	10	42	32	s	n
1	150	10	43	27	s	n
1	150	10	44	30	n	n
1	150	10	45	20	n	n
1	150	10	46	15	n	n
1	150	10	47	14	n	n
1	150	10	48	20	n	n
1	150	10	49	10	n	n
1	150	10	50	6	n	n
1	150	11	1	26	s	n
1	150	11	2	30	s	n
1	150	11	3	31	s	n
1	150	11	4	33	s	n
1	150	11	5	33	s	n
1	150	11	6	26	s	n
1	150	11	7	29	s	n
1	150	11	8	32	s	n
1	150	11	9	23	s	n
1	150	11	10	28	s	n
1	150	11	11	21	s	n
1	150	11	12	36	s	n
1	150	11	13	29	s	n
1	150	11	14	37	s	n
1	150	11	15	40	s	n
1	150	11	16	35	s	n
1	150	11	17	27	s	n
1	150	11	18	40	s	n
1	150	11	19	36	s	n
1	150	11	20	41	s	n
1	150	11	21	27	s	n
1	150	11	22	36	s	n
1	150	11	23	39	s	n
1	150	11	24	43	s	n
1	150	11	25	47	s	n
1	150	11	26	36	s	n
1	150	11	27	48	s	n
1	150	11	28	29	s	n
1	150	11	29	38	s	n
1	150	11	30	38	s	n
1	150	11	31	33	s	n
1	150	11	32	44	s	n
1	150	11	33	42	s	n
1	150	11	34	32	s	n
1	150	11	35	36	s	n
1	150	11	36	41	s	n
1	150	11	37	32	s	n
1	150	11	38	46	s	n
1	150	11	39	40	s	n
1	150	11	40	39	s	n
1	150	11	41	37	s	n
1	150	11	42	39	s	n
1	150	11	43	40	s	n
1	150	11	44	26	n	n
1	150	11	45	20	n	n
1	150	11	46	15	n	n
1	150	11	47	11	n	n
1	150	11	48	20	n	n
1	150	11	49	12	n	n
1	150	11	50	12	n	n
1	150	12	1	30	s	n
1	150	12	2	34	s	n
1	150	12	3	35	s	n
1	150	12	4	30	s	n
1	150	12	5	36	s	n
1	150	12	6	35	s	n
1	150	12	7	35	s	n
1	150	12	8	26	s	n
1	150	12	9	34	s	n
1	150	12	10	29	s	n
1	150	12	11	27	s	n
1	150	12	12	30	s	n
1	150	12	13	35	s	n
1	150	12	14	37	s	n
1	150	12	15	47	s	n
1	150	12	16	33	s	n
1	150	12	17	28	s	n
1	150	12	18	33	s	n
1	150	12	19	41	s	n
1	150	12	20	45	s	n
1	150	12	21	37	s	n
1	150	12	22	36	s	n
1	150	12	23	34	s	n
1	150	12	24	40	s	n
1	150	12	25	38	s	n
1	150	12	26	41	s	n
1	150	12	27	40	s	n
1	150	12	28	41	s	n
1	150	12	29	30	s	n
1	150	12	30	42	s	n
1	150	12	31	41	s	n
1	150	12	32	44	s	n
1	150	12	33	27	s	n
1	150	12	34	42	s	n
1	150	12	35	45	s	n
1	150	12	36	33	s	n
1	150	12	37	53	s	n
1	150	12	38	41	s	n
1	150	12	39	39	s	n
1	150	12	40	34	s	n
1	150	12	41	36	s	n
1	150	12	42	26	n	n
1	150	12	43	47	s	n
1	150	12	44	13	n	n
1	150	12	45	17	s	n
1	150	12	46	10	n	n
1	150	12	47	16	n	n
1	150	12	48	16	n	n
1	150	12	49	16	n	n
1	150	12	50	17	n	n
1	150	13	1	29	s	n
1	150	13	2	31	s	n
1	150	13	3	45	s	n
1	150	13	4	37	s	n
1	150	13	5	28	s	n
1	150	13	6	30	s	n
1	150	13	7	39	s	n
1	150	13	8	37	s	n
1	150	13	9	30	s	n
1	150	13	10	37	s	n
1	150	13	11	28	s	n
1	150	13	12	20	s	n
1	150	13	13	29	s	n
1	150	13	14	35	s	n
1	150	13	15	38	s	n
1	150	13	16	21	s	n
1	150	13	17	36	s	n
1	150	13	18	43	s	n
1	150	13	19	27	s	n
1	150	13	20	29	s	n
1	150	13	21	25	s	n
1	150	13	22	36	s	n
1	150	13	23	32	s	n
1	150	13	24	45	s	n
1	150	13	25	46	s	n
1	150	13	26	45	s	n
1	150	13	27	44	s	n
1	150	13	28	33	s	n
1	150	13	29	32	s	n
1	150	13	30	38	s	n
1	150	13	31	30	s	n
1	150	13	32	39	s	n
1	150	13	33	30	s	n
1	150	13	34	33	s	n
1	150	13	35	34	s	n
1	150	13	36	41	s	n
1	150	13	37	44	s	n
1	150	13	38	40	s	n
1	150	13	39	41	s	n
1	150	13	40	34	s	n
1	150	13	41	29	s	n
1	150	13	42	40	s	n
1	150	13	43	29	s	n
1	150	13	44	34	n	n
1	150	13	45	28	n	n
1	150	13	46	19	n	n
1	150	13	47	11	n	n
1	150	13	48	14	n	n
1	150	13	49	18	n	n
1	150	13	50	10	n	n
1	150	14	1	27	s	n
1	150	14	2	34	s	n
1	150	14	3	33	s	n
1	150	14	4	28	s	n
1	150	14	5	35	s	n
1	150	14	6	40	s	n
1	150	14	7	31	s	n
1	150	14	8	33	s	n
1	150	14	9	30	s	n
1	150	14	10	29	s	n
1	150	14	11	29	s	n
1	150	14	12	34	s	n
1	150	14	13	37	s	n
1	150	14	14	37	s	n
1	150	14	15	35	s	n
1	150	14	16	37	s	n
1	150	14	17	48	s	n
1	150	14	18	47	s	n
1	150	14	19	29	s	n
1	150	14	20	31	s	n
1	150	14	21	26	s	n
1	150	14	22	26	s	n
1	150	14	23	36	s	n
1	150	14	24	39	s	n
1	150	14	25	38	s	n
1	150	14	26	41	s	n
1	150	14	27	39	s	n
1	150	14	28	39	s	n
1	150	14	29	32	s	n
1	150	14	30	31	s	n
1	150	14	31	25	s	n
1	150	14	32	35	s	n
1	150	14	33	39	s	n
1	150	14	34	46	s	n
1	150	14	35	39	s	n
1	150	14	36	36	s	n
1	150	14	37	50	s	n
1	150	14	38	30	s	n
1	150	14	39	43	s	n
1	150	14	40	24	s	n
1	150	14	41	30	s	n
1	150	14	42	22	s	n
1	150	14	43	21	s	n
1	150	14	44	17	s	n
1	150	14	45	17	n	n
1	150	14	46	11	s	n
1	150	14	47	7	n	n
1	150	14	48	8	n	n
1	150	14	49	14	n	n
1	150	14	50	8	n	n
1	150	15	1	34	s	n
1	150	15	2	46	s	n
1	150	15	3	31	s	n
1	150	15	4	39	s	n
1	150	15	5	32	s	n
1	150	15	6	39	s	n
1	150	15	7	30	s	n
1	150	15	8	38	s	n
1	150	15	9	36	s	n
1	150	15	10	29	s	n
1	150	15	11	25	s	n
1	150	15	12	26	s	n
1	150	15	13	33	s	n
1	150	15	14	32	s	n
1	150	15	15	35	s	n
1	150	15	16	37	s	n
1	150	15	17	42	s	n
1	150	15	18	38	s	n
1	150	15	19	39	s	n
1	150	15	20	23	s	n
1	150	15	21	23	s	n
1	150	15	22	26	s	n
1	150	15	23	36	s	n
1	150	15	24	38	s	n
1	150	15	25	39	s	n
1	150	15	26	42	s	n
1	150	15	27	39	s	n
1	150	15	28	41	s	n
1	150	15	29	37	s	n
1	150	15	30	34	s	n
1	150	15	31	35	s	n
1	150	15	32	42	s	n
1	150	15	33	40	s	n
1	150	15	34	32	s	n
1	150	15	35	57	s	n
1	150	15	36	36	s	n
1	150	15	37	34	s	n
1	150	15	38	37	s	n
1	150	15	39	37	n	n
1	150	15	40	31	s	n
1	150	15	41	39	n	n
1	150	15	42	52	s	n
1	150	15	43	22	s	n
1	150	15	44	26	n	n
1	150	15	45	15	s	n
1	150	15	46	19	s	n
1	150	15	47	12	n	n
1	150	15	48	18	n	n
1	150	15	49	16	n	n
1	150	15	50	13	n	n
1	150	16	1	38	s	n
1	150	16	2	39	s	n
1	150	16	3	38	s	n
1	150	16	4	37	s	n
1	150	16	5	33	s	n
1	150	16	6	30	s	n
1	150	16	7	36	s	n
1	150	16	8	36	s	n
1	150	16	9	47	s	n
1	150	16	10	30	s	n
1	150	16	11	29	s	n
1	150	16	12	38	s	n
1	150	16	13	34	s	n
1	150	16	14	35	s	n
1	150	16	15	31	s	n
1	150	16	16	34	s	n
1	150	16	17	34	s	n
1	150	16	18	27	s	n
1	150	16	19	30	s	n
1	150	16	20	26	s	n
1	150	16	21	24	s	n
1	150	16	22	22	s	n
1	150	16	23	29	s	n
1	150	16	24	45	s	n
1	150	16	25	34	s	n
1	150	16	26	38	s	n
1	150	16	27	38	s	n
1	150	16	28	49	s	n
1	150	16	29	38	s	n
1	150	16	30	41	s	n
1	150	16	31	28	s	n
1	150	16	32	31	s	n
1	150	16	33	39	s	n
1	150	16	34	45	s	n
1	150	16	35	37	s	n
1	150	16	36	38	s	n
1	150	16	37	44	s	n
1	150	16	38	41	s	n
1	150	16	39	36	s	n
1	150	16	40	42	s	d
1	150	16	41	33	s	n
1	150	16	42	28	s	n
1	150	16	43	31	s	n
1	150	16	44	21	n	n
1	150	16	45	21	s	n
1	150	16	46	17	n	n
1	150	16	47	12	n	n
1	150	16	48	5	n	n
1	150	16	49	19	n	n
1	150	16	50	17	n	n
1	150	17	1	36	s	n
1	150	17	2	44	s	n
1	150	17	3	38	s	n
1	150	17	4	35	s	n
1	150	17	5	43	s	n
1	150	17	6	37	s	n
1	150	17	7	32	s	n
1	150	17	8	34	s	n
1	150	17	9	31	s	n
1	150	17	10	31	s	n
1	150	17	11	32	s	n
1	150	17	12	41	s	n
1	150	17	13	38	s	n
1	150	17	14	31	s	n
1	150	17	15	28	s	n
1	150	17	16	30	s	n
1	150	17	17	35	s	n
1	150	17	18	33	s	n
1	150	17	19	42	s	n
1	150	17	20	34	s	n
1	150	17	21	30	s	n
1	150	17	22	44	s	n
1	150	17	23	26	s	n
1	150	17	24	35	s	n
1	150	17	25	40	s	n
1	150	17	26	30	s	n
1	150	17	27	31	s	n
1	150	17	28	30	s	n
1	150	17	29	33	s	n
1	150	17	30	39	s	n
1	150	17	31	45	s	n
1	150	17	32	31	s	n
1	150	17	33	31	s	n
1	150	17	34	38	s	n
1	150	17	35	33	s	n
1	150	17	36	41	s	n
1	150	17	37	34	s	n
1	150	17	38	31	s	n
1	150	17	39	31	s	n
1	150	17	40	37	n	n
1	150	17	41	37	s	n
1	150	17	42	35	s	n
1	150	17	43	10	s	n
1	150	17	44	22	n	n
1	150	17	45	19	n	n
1	150	17	46	8	n	n
1	150	17	47	12	n	n
1	150	17	48	11	n	n
1	150	17	49	9	n	n
1	150	17	50	11	n	n
1	150	18	1	47	s	n
1	150	18	2	39	s	n
1	150	18	3	44	s	n
1	150	18	4	31	s	n
1	150	18	5	34	s	n
1	150	18	6	40	s	n
1	150	18	7	35	s	n
1	150	18	8	37	s	n
1	150	18	9	42	s	n
1	150	18	10	29	s	n
1	150	18	11	31	s	n
1	150	18	12	27	s	n
1	150	18	13	26	s	n
1	150	18	14	41	s	n
1	150	18	15	31	s	n
1	150	18	16	34	s	n
1	150	18	17	33	s	n
1	150	18	18	31	s	n
1	150	18	19	40	s	n
1	150	18	20	29	s	n
1	150	18	21	34	s	n
1	150	18	22	29	s	n
1	150	18	23	33	s	n
1	150	18	24	34	s	n
1	150	18	25	36	s	n
1	150	18	26	32	s	n
1	150	18	27	37	s	n
1	150	18	28	41	s	n
1	150	18	29	35	s	n
1	150	18	30	36	s	n
1	150	18	31	40	s	n
1	150	18	32	33	s	n
1	150	18	33	29	s	n
1	150	18	34	43	s	n
1	150	18	35	37	s	n
1	150	18	36	37	s	n
1	150	18	37	35	s	n
1	150	18	38	43	s	n
1	150	18	39	43	s	d
1	150	18	40	45	s	d
1	150	18	41	24	s	n
1	150	18	42	32	s	n
1	150	18	43	34	n	n
1	150	18	44	14	n	n
1	150	18	45	18	n	n
1	150	18	46	17	n	n
1	150	18	47	7	n	n
1	150	18	48	6	n	n
1	150	18	49	6	n	n
1	150	18	50	8	n	n
1	150	19	1	44	s	n
1	150	19	2	34	s	n
1	150	19	3	30	s	n
1	150	19	4	45	s	n
1	150	19	5	42	s	n
1	150	19	6	29	s	n
1	150	19	7	32	s	n
1	150	19	8	28	s	n
1	150	19	9	31	s	n
1	150	19	10	27	s	n
1	150	19	11	30	s	n
1	150	19	12	23	s	n
1	150	19	13	33	s	n
1	150	19	14	34	s	n
1	150	19	15	29	s	n
1	150	19	16	28	s	n
1	150	19	17	30	s	n
1	150	19	18	36	s	n
1	150	19	19	48	s	n
1	150	19	20	32	s	n
1	150	19	21	27	s	n
1	150	19	22	28	s	n
1	150	19	23	37	s	n
1	150	19	24	38	s	n
1	150	19	25	32	s	n
1	150	19	26	38	s	n
1	150	19	27	36	s	n
1	150	19	28	31	s	n
1	150	19	29	33	s	n
1	150	19	30	44	s	n
1	150	19	31	46	s	n
1	150	19	32	36	s	n
1	150	19	33	31	s	n
1	150	19	34	39	s	n
1	150	19	35	29	s	n
1	150	19	36	44	s	n
1	150	19	37	40	s	n
1	150	19	38	46	s	n
1	150	19	39	37	n	n
1	150	19	40	40	s	n
1	150	19	41	36	s	n
1	150	19	42	25	s	n
1	150	19	43	30	n	n
1	150	19	44	25	n	n
1	150	19	45	16	n	n
1	150	19	46	14	n	n
1	150	19	47	8	n	n
1	150	19	48	14	n	n
1	150	19	49	3	n	n
1	150	19	50	10	n	n
1	150	20	1	46	s	n
1	150	20	2	45	s	n
1	150	20	3	42	s	n
1	150	20	4	32	s	n
1	150	20	5	37	s	n
1	150	20	6	35	s	n
1	150	20	7	37	s	n
1	150	20	8	36	s	n
1	150	20	9	30	s	n
1	150	20	10	32	s	n
1	150	20	11	34	s	n
1	150	20	12	30	s	n
1	150	20	13	29	s	n
1	150	20	14	29	s	n
1	150	20	15	26	s	n
1	150	20	16	34	s	n
1	150	20	17	39	s	n
1	150	20	18	32	s	n
1	150	20	19	33	s	n
1	150	20	20	41	s	n
1	150	20	21	26	s	n
1	150	20	22	18	s	n
1	150	20	23	36	s	n
1	150	20	24	36	s	n
1	150	20	25	31	s	n
1	150	20	26	28	s	n
1	150	20	27	37	s	n
1	150	20	28	32	s	n
1	150	20	29	35	s	n
1	150	20	30	38	s	n
1	150	20	31	40	s	n
1	150	20	32	48	s	n
1	150	20	33	31	s	n
1	150	20	34	43	s	n
1	150	20	35	37	s	n
1	150	20	36	38	s	n
1	150	20	37	43	s	n
1	150	20	38	43	s	d
1	150	20	39	43	s	n
1	150	20	40	31	n	n
1	150	20	41	40	s	n
1	150	20	42	29	n	n
1	150	20	43	32	n	n
1	150	20	44	12	s	n
1	150	20	45	17	n	n
1	150	20	46	12	n	n
1	150	20	47	9	n	n
1	150	20	48	5	n	n
1	150	20	49	5	n	n
1	150	20	50	7	n	n
1	160	1	1	23	s	n
1	160	1	2	18	s	n
1	160	1	3	33	s	n
1	160	1	4	26	s	n
1	160	1	5	16	s	n
1	160	1	6	23	s	n
1	160	1	7	26	s	n
1	160	1	8	24	s	n
1	160	1	9	35	s	n
1	160	1	10	29	s	n
1	160	1	11	23	s	n
1	160	1	12	21	s	n
1	160	1	13	32	s	n
1	160	1	14	39	s	n
1	160	1	15	35	s	n
1	160	1	16	28	s	n
1	160	1	17	32	s	n
1	160	1	18	26	s	n
1	160	1	19	37	s	n
1	160	1	20	40	s	n
1	160	1	21	30	s	n
1	160	1	22	47	s	n
1	160	1	23	43	s	n
1	160	1	24	41	s	n
1	160	1	25	43	s	n
1	160	1	26	51	s	n
1	160	1	27	50	s	n
1	160	1	28	44	s	n
1	160	1	29	51	s	n
1	160	1	30	48	s	n
1	160	1	31	37	s	n
1	160	1	32	48	s	n
1	160	1	33	39	s	n
1	160	1	34	34	s	n
1	160	1	35	42	s	n
1	160	1	36	34	s	n
1	160	1	37	37	s	n
1	160	1	38	36	s	n
1	160	1	39	32	s	n
1	160	1	40	33	s	n
1	160	1	41	34	s	n
1	160	1	42	26	s	n
1	160	1	43	30	s	n
1	160	1	44	31	s	n
1	160	1	45	37	s	n
1	160	1	46	27	s	n
1	160	1	47	24	n	n
1	160	1	48	24	n	n
1	160	1	49	28	n	n
1	160	1	50	23	n	n
1	160	2	1	23	s	n
1	160	2	2	23	s	n
1	160	2	3	24	s	n
1	160	2	4	18	s	n
1	160	2	5	27	s	n
1	160	2	6	26	s	n
1	160	2	7	34	s	n
1	160	2	8	21	s	n
1	160	2	9	25	s	n
1	160	2	10	28	s	n
1	160	2	11	31	s	n
1	160	2	12	22	s	n
1	160	2	13	20	s	n
1	160	2	14	42	s	n
1	160	2	15	30	s	n
1	160	2	16	36	s	n
1	160	2	17	36	s	n
1	160	2	18	25	s	n
1	160	2	19	29	s	n
1	160	2	20	27	s	n
1	160	2	21	32	s	n
1	160	2	22	39	s	n
1	160	2	23	57	s	n
1	160	2	24	40	s	n
1	160	2	25	46	s	n
1	160	2	26	47	s	n
1	160	2	27	44	s	n
1	160	2	28	38	s	n
1	160	2	29	49	s	n
1	160	2	30	48	s	n
1	160	2	31	40	s	n
1	160	2	32	47	s	n
1	160	2	33	51	s	n
1	160	2	34	43	s	n
1	160	2	35	36	s	n
1	160	2	36	36	s	n
1	160	2	37	34	s	n
1	160	2	38	36	s	n
1	160	2	39	37	s	n
1	160	2	40	31	s	n
1	160	2	41	32	s	n
1	160	2	42	24	s	n
1	160	2	43	25	s	n
1	160	2	44	31	s	n
1	160	2	45	28	s	n
1	160	2	46	34	s	n
1	160	2	47	29	s	n
1	160	2	48	29	n	n
1	160	2	49	28	s	n
1	160	2	50	41	s	d
1	160	3	1	17	s	n
1	160	3	2	20	s	n
1	160	3	3	26	s	n
1	160	3	4	21	s	n
1	160	3	5	33	s	n
1	160	3	6	31	s	n
1	160	3	7	25	s	n
1	160	3	8	23	s	n
1	160	3	9	23	s	n
1	160	3	10	31	s	n
1	160	3	11	27	s	n
1	160	3	12	16	s	n
1	160	3	13	23	s	n
1	160	3	14	19	s	n
1	160	3	15	29	s	n
1	160	3	16	36	s	n
1	160	3	17	31	s	n
1	160	3	18	28	s	n
1	160	3	19	32	s	n
1	160	3	20	28	s	n
1	160	3	21	37	s	n
1	160	3	22	41	s	n
1	160	3	23	45	s	n
1	160	3	24	42	s	n
1	160	3	25	30	s	n
1	160	3	26	34	s	n
1	160	3	27	40	s	n
1	160	3	28	39	s	n
1	160	3	29	46	s	n
1	160	3	30	38	s	n
1	160	3	31	47	s	n
1	160	3	32	40	s	n
1	160	3	33	38	s	n
1	160	3	34	46	s	n
1	160	3	35	39	s	n
1	160	3	36	40	s	n
1	160	3	37	31	s	n
1	160	3	38	35	s	n
1	160	3	39	31	s	n
1	160	3	40	32	s	n
1	160	3	41	34	s	n
1	160	3	42	33	s	n
1	160	3	43	27	s	n
1	160	3	44	24	s	n
1	160	3	45	23	s	n
1	160	3	46	31	s	n
1	160	3	47	28	s	n
1	160	3	48	30	n	n
1	160	3	49	35	n	n
1	160	3	50	33	n	n
1	160	4	1	22	s	n
1	160	4	2	31	s	n
1	160	4	3	19	s	n
1	160	4	4	28	s	n
1	160	4	5	29	s	n
1	160	4	6	38	s	n
1	160	4	7	33	s	n
1	160	4	8	30	s	n
1	160	4	9	25	s	n
1	160	4	10	24	s	n
1	160	4	11	27	s	n
1	160	4	12	26	s	n
1	160	4	13	28	s	n
1	160	4	14	22	s	n
1	160	4	15	22	s	n
1	160	4	16	22	s	n
1	160	4	17	36	s	n
1	160	4	18	49	s	n
1	160	4	19	28	s	n
1	160	4	20	34	s	n
1	160	4	21	31	s	n
1	160	4	22	29	s	n
1	160	4	23	28	s	n
1	160	4	24	48	s	n
1	160	4	25	41	s	n
1	160	4	26	38	s	n
1	160	4	27	50	s	n
1	160	4	28	46	s	n
1	160	4	29	54	s	n
1	160	4	30	43	s	n
1	160	4	31	50	s	n
1	160	4	32	54	s	n
1	160	4	33	37	s	n
1	160	4	34	43	s	n
1	160	4	35	51	s	n
1	160	4	36	36	s	n
1	160	4	37	32	s	n
1	160	4	38	35	s	n
1	160	4	39	30	s	n
1	160	4	40	30	s	n
1	160	4	41	28	s	n
1	160	4	42	26	s	n
1	160	4	43	20	s	n
1	160	4	44	22	s	n
1	160	4	45	23	s	n
1	160	4	46	20	s	n
1	160	4	47	27	n	n
1	160	4	48	25	n	n
1	160	4	49	35	n	n
1	160	4	50	44	s	n
1	160	5	1	32	s	n
1	160	5	2	28	s	n
1	160	5	3	27	s	n
1	160	5	4	23	s	n
1	160	5	5	29	s	n
1	160	5	6	35	s	n
1	160	5	7	35	s	n
1	160	5	8	35	s	n
1	160	5	9	37	s	n
1	160	5	10	25	s	n
1	160	5	11	34	s	n
1	160	5	12	21	s	n
1	160	5	13	19	s	n
1	160	5	14	19	s	n
1	160	5	15	23	s	n
1	160	5	16	36	s	n
1	160	5	17	25	s	n
1	160	5	18	32	s	n
1	160	5	19	44	s	n
1	160	5	20	32	s	n
1	160	5	21	32	s	n
1	160	5	22	39	s	n
1	160	5	23	52	s	n
1	160	5	24	32	s	n
1	160	5	25	27	s	n
1	160	5	26	26	s	n
1	160	5	27	39	s	n
1	160	5	28	44	s	n
1	160	5	29	43	s	n
1	160	5	30	42	s	n
1	160	5	31	43	s	n
1	160	5	32	48	s	n
1	160	5	33	46	s	n
1	160	5	34	49	s	n
1	160	5	35	36	s	n
1	160	5	36	35	s	n
1	160	5	37	38	s	n
1	160	5	38	29	s	n
1	160	5	39	22	s	n
1	160	5	40	26	s	n
1	160	5	41	32	s	n
1	160	5	42	31	s	n
1	160	5	43	31	s	n
1	160	5	44	23	s	n
1	160	5	45	28	s	n
1	160	5	46	22	s	n
1	160	5	47	29	n	n
1	160	5	48	34	s	n
1	160	5	49	32	n	n
1	160	5	50	36	s	n
1	160	6	1	29	s	n
1	160	6	2	22	s	n
1	160	6	3	27	s	n
1	160	6	4	18	s	n
1	160	6	5	25	s	n
1	160	6	6	36	s	n
1	160	6	7	31	s	n
1	160	6	8	24	s	n
1	160	6	9	28	s	n
1	160	6	10	24	s	n
1	160	6	11	25	s	n
1	160	6	12	37	s	n
1	160	6	13	26	s	n
1	160	6	14	21	s	n
1	160	6	15	29	s	n
1	160	6	16	25	s	n
1	160	6	17	31	s	n
1	160	6	18	39	s	n
1	160	6	19	33	s	n
1	160	6	20	33	s	n
1	160	6	21	40	s	n
1	160	6	22	35	s	n
1	160	6	23	32	s	n
1	160	6	24	41	s	n
1	160	6	25	34	s	n
1	160	6	26	29	s	n
1	160	6	27	52	s	n
1	160	6	28	54	s	n
1	160	6	29	36	s	n
1	160	6	30	41	s	n
1	160	6	31	45	s	n
1	160	6	32	40	s	n
1	160	6	33	45	s	n
1	160	6	34	44	s	n
1	160	6	35	40	s	n
1	160	6	36	41	s	n
1	160	6	37	46	s	n
1	160	6	38	45	s	n
1	160	6	39	32	s	n
1	160	6	40	29	s	n
1	160	6	41	37	s	n
1	160	6	42	24	s	n
1	160	6	43	30	s	n
1	160	6	44	26	s	n
1	160	6	45	22	n	n
1	160	6	46	22	n	n
1	160	6	47	22	n	n
1	160	6	48	31	n	n
1	160	6	49	24	s	n
1	160	6	50	47	s	d
1	160	7	1	23	s	n
1	160	7	2	31	s	n
1	160	7	3	24	s	n
1	160	7	4	31	s	n
1	160	7	5	32	s	n
1	160	7	6	36	s	n
1	160	7	7	31	s	n
1	160	7	8	38	s	n
1	160	7	9	34	s	n
1	160	7	10	20	s	n
1	160	7	11	27	s	n
1	160	7	12	34	s	n
1	160	7	13	28	s	n
1	160	7	14	28	s	n
1	160	7	15	49	s	n
1	160	7	16	30	s	n
1	160	7	17	39	s	n
1	160	7	18	42	s	n
1	160	7	19	41	s	n
1	160	7	20	39	s	n
1	160	7	21	61	s	n
1	160	7	22	47	s	n
1	160	7	23	42	s	n
1	160	7	24	34	s	n
1	160	7	25	38	s	n
1	160	7	26	24	s	n
1	160	7	27	46	s	n
1	160	7	28	45	s	n
1	160	7	29	41	s	n
1	160	7	30	44	s	n
1	160	7	31	38	s	n
1	160	7	32	40	s	n
1	160	7	33	34	s	n
1	160	7	34	49	s	n
1	160	7	35	35	s	n
1	160	7	36	43	s	n
1	160	7	37	41	s	n
1	160	7	38	36	s	n
1	160	7	39	30	s	n
1	160	7	40	29	s	n
1	160	7	41	29	s	n
1	160	7	42	24	s	n
1	160	7	43	29	s	n
1	160	7	44	35	s	n
1	160	7	45	46	s	n
1	160	7	46	25	n	n
1	160	7	47	20	s	n
1	160	7	48	28	n	n
1	160	7	49	28	n	n
1	160	7	50	34	s	n
1	160	8	1	31	s	n
1	160	8	2	31	s	n
1	160	8	3	29	s	n
1	160	8	4	25	s	n
1	160	8	5	29	s	n
1	160	8	6	34	s	n
1	160	8	7	35	s	n
1	160	8	8	30	s	n
1	160	8	9	29	s	n
1	160	8	10	36	s	n
1	160	8	11	27	s	n
1	160	8	12	31	s	n
1	160	8	13	28	s	n
1	160	8	14	37	s	n
1	160	8	15	32	s	n
1	160	8	16	43	s	n
1	160	8	17	43	s	n
1	160	8	18	42	s	n
1	160	8	19	42	s	n
1	160	8	20	46	s	n
1	160	8	21	48	s	n
1	160	8	22	39	s	n
1	160	8	23	32	s	n
1	160	8	24	42	s	n
1	160	8	25	36	s	n
1	160	8	26	39	s	n
1	160	8	27	48	s	n
1	160	8	28	55	s	n
1	160	8	29	49	s	n
1	160	8	30	34	s	n
1	160	8	31	39	s	n
1	160	8	32	33	s	n
1	160	8	33	39	s	n
1	160	8	34	29	s	n
1	160	8	35	36	s	n
1	160	8	36	47	s	n
1	160	8	37	58	s	n
1	160	8	38	27	s	n
1	160	8	39	32	s	n
1	160	8	40	41	s	n
1	160	8	41	31	s	n
1	160	8	42	40	s	n
1	160	8	43	40	s	n
1	160	8	44	34	s	n
1	160	8	45	33	s	n
1	160	8	46	21	n	n
1	160	8	47	18	s	n
1	160	8	48	24	n	n
1	160	8	49	33	s	n
1	160	8	50	42	s	d
1	160	9	1	33	s	n
1	160	9	2	23	s	n
1	160	9	3	31	s	n
1	160	9	4	29	s	n
1	160	9	5	30	s	n
1	160	9	6	34	s	n
1	160	9	7	35	s	n
1	160	9	8	41	s	n
1	160	9	9	28	s	n
1	160	9	10	32	s	n
1	160	9	11	27	s	n
1	160	9	12	37	s	n
1	160	9	13	26	s	n
1	160	9	14	33	s	n
1	160	9	15	37	s	n
1	160	9	16	41	s	n
1	160	9	17	36	s	n
1	160	9	18	44	s	n
1	160	9	19	48	s	n
1	160	9	20	35	s	n
1	160	9	21	37	s	n
1	160	9	22	42	s	n
1	160	9	23	35	s	n
1	160	9	24	42	s	n
1	160	9	25	33	s	n
1	160	9	26	48	s	n
1	160	9	27	66	s	n
1	160	9	28	52	s	n
1	160	9	29	32	s	n
1	160	9	30	32	s	n
1	160	9	31	39	s	n
1	160	9	32	35	s	n
1	160	9	33	37	s	n
1	160	9	34	38	s	n
1	160	9	35	40	s	n
1	160	9	36	42	s	n
1	160	9	37	32	s	n
1	160	9	38	33	s	n
1	160	9	39	41	s	n
1	160	9	40	47	s	n
1	160	9	41	36	s	n
1	160	9	42	24	s	n
1	160	9	43	29	s	n
1	160	9	44	22	s	n
1	160	9	45	30	s	n
1	160	9	46	28	s	n
1	160	9	47	32	n	n
1	160	9	48	41	s	d
1	160	9	49	33	s	n
1	160	9	50	43	s	n
1	160	10	1	32	s	n
1	160	10	2	35	s	n
1	160	10	3	25	s	n
1	160	10	4	27	s	n
1	160	10	5	28	s	n
1	160	10	6	28	s	n
1	160	10	7	30	s	n
1	160	10	8	25	s	n
1	160	10	9	29	s	n
1	160	10	10	32	s	n
1	160	10	11	39	s	n
1	160	10	12	19	s	n
1	160	10	13	36	s	n
1	160	10	14	43	s	n
1	160	10	15	27	s	n
1	160	10	16	43	s	n
1	160	10	17	28	s	n
1	160	10	18	43	s	n
1	160	10	19	52	s	n
1	160	10	20	49	s	n
1	160	10	21	44	s	n
1	160	10	22	47	s	n
1	160	10	23	40	s	n
1	160	10	24	34	s	n
1	160	10	25	28	s	n
1	160	10	26	42	s	n
1	160	10	27	42	s	n
1	160	10	28	45	s	n
1	160	10	29	39	s	n
1	160	10	30	29	s	n
1	160	10	31	40	s	n
1	160	10	32	36	s	n
1	160	10	33	38	s	n
1	160	10	34	31	s	n
1	160	10	35	42	s	n
1	160	10	36	38	s	n
1	160	10	37	59	s	n
1	160	10	38	46	s	n
1	160	10	39	42	s	n
1	160	10	40	31	s	n
1	160	10	41	33	s	n
1	160	10	42	25	s	n
1	160	10	43	32	s	n
1	160	10	44	28	s	n
1	160	10	45	21	s	n
1	160	10	46	21	n	n
1	160	10	47	21	n	n
1	160	10	48	25	s	n
1	160	10	49	30	n	n
1	160	10	50	37	s	n
1	160	11	1	28	s	n
1	160	11	2	31	s	n
1	160	11	3	27	s	n
1	160	11	4	31	s	n
1	160	11	5	28	s	n
1	160	11	6	35	s	n
1	160	11	7	33	s	n
1	160	11	8	25	s	n
1	160	11	9	20	s	n
1	160	11	10	31	s	n
1	160	11	11	32	s	n
1	160	11	12	42	s	n
1	160	11	13	30	s	n
1	160	11	14	19	s	n
1	160	11	15	36	s	n
1	160	11	16	42	s	n
1	160	11	17	45	s	n
1	160	11	18	48	s	n
1	160	11	19	53	s	n
1	160	11	20	45	s	n
1	160	11	21	36	s	n
1	160	11	22	34	s	n
1	160	11	23	47	s	n
1	160	11	24	30	s	n
1	160	11	25	34	s	n
1	160	11	26	41	s	n
1	160	11	27	36	s	n
1	160	11	28	28	s	n
1	160	11	29	36	s	n
1	160	11	30	41	s	n
1	160	11	31	34	s	n
1	160	11	32	35	s	n
1	160	11	33	42	s	n
1	160	11	34	44	s	n
1	160	11	35	44	s	n
1	160	11	36	46	s	n
1	160	11	37	47	s	n
1	160	11	38	54	s	n
1	160	11	39	43	s	n
1	160	11	40	47	s	n
1	160	11	41	33	s	n
1	160	11	42	34	s	n
1	160	11	43	19	s	n
1	160	11	44	17	s	n
1	160	11	45	18	s	n
1	160	11	46	27	s	n
1	160	11	47	18	n	n
1	160	11	48	25	n	n
1	160	11	49	32	n	n
1	160	11	50	35	s	n
1	160	12	1	36	s	n
1	160	12	2	25	s	n
1	160	12	3	38	s	n
1	160	12	4	29	s	n
1	160	12	5	31	s	n
1	160	12	6	34	s	n
1	160	12	7	23	s	n
1	160	12	8	20	s	n
1	160	12	9	30	s	n
1	160	12	10	20	s	n
1	160	12	11	29	s	n
1	160	12	12	30	s	n
1	160	12	13	23	s	n
1	160	12	14	40	s	n
1	160	12	15	32	s	n
1	160	12	16	39	s	n
1	160	12	17	47	s	n
1	160	12	18	40	s	n
1	160	12	19	44	s	n
1	160	12	20	18	s	n
1	160	12	21	39	s	n
1	160	12	22	35	s	n
1	160	12	23	50	s	n
1	160	12	24	40	s	n
1	160	12	25	41	s	n
1	160	12	26	30	s	n
1	160	12	27	31	s	n
1	160	12	28	41	s	n
1	160	12	29	44	s	n
1	160	12	30	33	s	n
1	160	12	31	35	s	n
1	160	12	32	41	s	n
1	160	12	33	30	s	n
1	160	12	34	40	s	n
1	160	12	35	49	s	n
1	160	12	36	32	s	n
1	160	12	37	35	s	n
1	160	12	38	41	s	n
1	160	12	39	53	s	n
1	160	12	40	53	s	n
1	160	12	41	27	s	n
1	160	12	42	29	s	n
1	160	12	43	21	n	n
1	160	12	44	17	s	n
1	160	12	45	25	s	n
1	160	12	46	16	s	n
1	160	12	47	26	s	n
1	160	12	48	38	n	n
1	160	12	49	24	n	n
1	160	12	50	25	n	n
1	160	13	1	33	s	n
1	160	13	2	31	s	n
1	160	13	3	32	s	n
1	160	13	4	33	s	n
1	160	13	5	30	s	n
1	160	13	6	27	s	n
1	160	13	7	31	s	n
1	160	13	8	32	s	n
1	160	13	9	35	s	n
1	160	13	10	31	s	n
1	160	13	11	27	s	n
1	160	13	12	28	s	n
1	160	13	13	20	s	n
1	160	13	14	28	s	n
1	160	13	15	44	s	n
1	160	13	16	33	s	n
1	160	13	17	28	s	n
1	160	13	18	38	s	n
1	160	13	19	48	s	n
1	160	13	20	46	s	n
1	160	13	21	38	s	n
1	160	13	22	27	s	n
1	160	13	23	32	s	n
1	160	13	24	30	s	n
1	160	13	25	35	s	n
1	160	13	26	38	s	n
1	160	13	27	45	s	n
1	160	13	28	36	s	n
1	160	13	29	41	s	n
1	160	13	30	40	s	n
1	160	13	31	40	s	n
1	160	13	32	42	s	n
1	160	13	33	43	s	n
1	160	13	34	38	s	n
1	160	13	35	34	s	n
1	160	13	36	48	s	n
1	160	13	37	39	s	n
1	160	13	38	38	s	n
1	160	13	39	50	s	n
1	160	13	40	51	s	n
1	160	13	41	43	s	n
1	160	13	42	32	s	n
1	160	13	43	39	s	n
1	160	13	44	19	s	n
1	160	13	45	24	s	n
1	160	13	46	38	s	n
1	160	13	47	26	n	n
1	160	13	48	36	n	n
1	160	13	49	25	n	n
1	160	13	50	34	n	n
1	160	14	1	29	s	n
1	160	14	2	34	s	n
1	160	14	3	34	s	n
1	160	14	4	30	s	n
1	160	14	5	36	s	n
1	160	14	6	32	s	n
1	160	14	7	40	s	n
1	160	14	8	26	s	n
1	160	14	9	24	s	n
1	160	14	10	39	s	n
1	160	14	11	25	s	n
1	160	14	12	31	s	n
1	160	14	13	31	s	n
1	160	14	14	33	s	n
1	160	14	15	33	s	n
1	160	14	16	39	s	n
1	160	14	17	38	s	n
1	160	14	18	39	s	n
1	160	14	19	37	s	n
1	160	14	20	29	s	n
1	160	14	21	30	s	n
1	160	14	22	46	s	n
1	160	14	23	28	s	n
1	160	14	24	31	s	n
1	160	14	25	44	s	n
1	160	14	26	55	s	n
1	160	14	27	57	s	n
1	160	14	28	40	s	n
1	160	14	29	37	s	n
1	160	14	30	33	s	n
1	160	14	31	37	s	n
1	160	14	32	38	s	n
1	160	14	33	36	s	n
1	160	14	34	49	s	n
1	160	14	35	40	s	n
1	160	14	36	38	s	n
1	160	14	37	42	s	n
1	160	14	38	31	s	n
1	160	14	39	33	s	n
1	160	14	40	48	s	n
1	160	14	41	30	s	n
1	160	14	42	42	s	n
1	160	14	43	35	s	n
1	160	14	44	34	s	n
1	160	14	45	24	s	n
1	160	14	46	37	n	n
1	160	14	47	36	n	n
1	160	14	48	33	n	n
1	160	14	49	27	n	n
1	160	14	50	49	s	n
1	160	15	1	35	s	n
1	160	15	2	33	s	n
1	160	15	3	41	s	n
1	160	15	4	35	s	n
1	160	15	5	38	s	n
1	160	15	6	34	s	n
1	160	15	7	34	s	n
1	160	15	8	29	s	n
1	160	15	9	30	s	n
1	160	15	10	24	s	n
1	160	15	11	30	s	n
1	160	15	12	35	s	n
1	160	15	13	24	s	n
1	160	15	14	32	s	n
1	160	15	15	29	s	n
1	160	15	16	43	s	n
1	160	15	17	37	s	n
1	160	15	18	39	s	n
1	160	15	19	27	s	n
1	160	15	20	30	s	n
1	160	15	21	25	s	n
1	160	15	22	34	s	n
1	160	15	23	29	s	n
1	160	15	24	39	s	n
1	160	15	25	46	s	n
1	160	15	26	52	s	n
1	160	15	27	38	s	n
1	160	15	28	42	s	n
1	160	15	29	32	s	n
1	160	15	30	31	s	n
1	160	15	31	31	s	n
1	160	15	32	27	s	n
1	160	15	33	46	s	n
1	160	15	34	43	s	n
1	160	15	35	34	s	n
1	160	15	36	44	s	n
1	160	15	37	40	s	n
1	160	15	38	31	s	n
1	160	15	39	41	s	n
1	160	15	40	46	s	n
1	160	15	41	22	s	n
1	160	15	42	40	s	n
1	160	15	43	27	s	n
1	160	15	44	16	s	n
1	160	15	45	52	s	d
1	160	15	46	40	s	d
1	160	15	47	37	n	n
1	160	15	48	33	n	n
1	160	15	49	38	n	n
1	160	15	50	27	n	n
1	160	16	1	37	s	n
1	160	16	2	29	s	n
1	160	16	3	39	s	n
1	160	16	4	27	s	n
1	160	16	5	36	s	n
1	160	16	6	39	s	n
1	160	16	7	30	s	n
1	160	16	8	28	s	n
1	160	16	9	35	s	n
1	160	16	10	39	s	n
1	160	16	11	24	s	n
1	160	16	12	38	s	n
1	160	16	13	35	s	n
1	160	16	14	32	s	n
1	160	16	15	30	s	n
1	160	16	16	27	s	n
1	160	16	17	32	s	n
1	160	16	18	41	s	n
1	160	16	19	37	s	n
1	160	16	20	27	s	n
1	160	16	21	34	s	n
1	160	16	22	32	s	n
1	160	16	23	25	s	n
1	160	16	24	30	s	n
1	160	16	25	26	s	n
1	160	16	26	43	s	n
1	160	16	27	44	s	n
1	160	16	28	31	s	n
1	160	16	29	39	s	n
1	160	16	30	26	s	n
1	160	16	31	36	s	n
1	160	16	32	30	s	n
1	160	16	33	37	s	n
1	160	16	34	40	s	n
1	160	16	35	46	s	n
1	160	16	36	50	s	n
1	160	16	37	35	s	n
1	160	16	38	46	s	n
1	160	16	39	40	s	n
1	160	16	40	42	s	n
1	160	16	41	40	s	n
1	160	16	42	26	s	n
1	160	16	43	29	n	n
1	160	16	44	33	s	n
1	160	16	45	24	n	n
1	160	16	46	27	n	n
1	160	16	47	19	n	n
1	160	16	48	19	n	n
1	160	16	49	24	n	n
1	160	16	50	24	n	n
1	160	17	1	34	s	n
1	160	17	2	32	s	n
1	160	17	3	40	s	n
1	160	17	4	33	s	n
1	160	17	5	39	s	n
1	160	17	6	31	s	n
1	160	17	7	41	s	n
1	160	17	8	32	s	n
1	160	17	9	27	s	n
1	160	17	10	34	s	n
1	160	17	11	35	s	n
1	160	17	12	29	s	n
1	160	17	13	31	s	n
1	160	17	14	33	s	n
1	160	17	15	40	s	n
1	160	17	16	27	s	n
1	160	17	17	29	s	n
1	160	17	18	40	s	n
1	160	17	19	35	s	n
1	160	17	20	39	s	n
1	160	17	21	35	s	n
1	160	17	22	40	s	n
1	160	17	23	30	s	n
1	160	17	24	30	s	n
1	160	17	25	41	s	n
1	160	17	26	37	s	n
1	160	17	27	35	s	n
1	160	17	28	32	s	n
1	160	17	29	42	s	n
1	160	17	30	30	s	n
1	160	17	31	39	s	n
1	160	17	32	37	s	n
1	160	17	33	42	s	n
1	160	17	34	48	s	n
1	160	17	35	41	s	n
1	160	17	36	47	s	n
1	160	17	37	39	s	n
1	160	17	38	38	s	n
1	160	17	39	47	s	n
1	160	17	40	36	s	n
1	160	17	41	47	s	n
1	160	17	42	37	s	n
1	160	17	43	33	s	n
1	160	17	44	30	n	n
1	160	17	45	30	n	n
1	160	17	46	25	n	n
1	160	17	47	23	n	n
1	160	17	48	16	n	n
1	160	17	49	22	n	n
1	160	17	50	32	n	n
1	160	18	1	35	s	n
1	160	18	2	41	s	n
1	160	18	3	37	s	n
1	160	18	4	30	s	n
1	160	18	5	31	s	n
1	160	18	6	29	s	n
1	160	18	7	33	s	n
1	160	18	8	30	s	n
1	160	18	9	33	s	n
1	160	18	10	39	s	n
1	160	18	11	30	s	n
1	160	18	12	35	s	n
1	160	18	13	19	s	n
1	160	18	14	29	s	n
1	160	18	15	26	s	n
1	160	18	16	40	s	n
1	160	18	17	37	s	n
1	160	18	18	46	s	n
1	160	18	19	31	s	n
1	160	18	20	36	s	n
1	160	18	21	43	s	n
1	160	18	22	38	s	n
1	160	18	23	36	s	n
1	160	18	24	47	s	n
1	160	18	25	38	s	n
1	160	18	26	37	s	n
1	160	18	27	44	s	n
1	160	18	28	39	s	n
1	160	18	29	44	s	n
1	160	18	30	42	s	n
1	160	18	31	29	s	n
1	160	18	32	30	s	n
1	160	18	33	34	s	n
1	160	18	34	43	s	n
1	160	18	35	40	s	n
1	160	18	36	47	s	n
1	160	18	37	47	s	n
1	160	18	38	37	s	n
1	160	18	39	37	s	n
1	160	18	40	43	s	n
1	160	18	41	48	s	n
1	160	18	42	56	s	n
1	160	18	43	45	s	n
1	160	18	44	33	n	n
1	160	18	45	27	n	n
1	160	18	46	19	n	n
1	160	18	47	27	n	n
1	160	18	48	29	n	n
1	160	18	49	26	n	n
1	160	18	50	24	n	n
1	160	19	1	48	s	n
1	160	19	2	39	s	n
1	160	19	3	41	s	n
1	160	19	4	32	s	n
1	160	19	5	29	s	n
1	160	19	6	38	s	n
1	160	19	7	25	s	n
1	160	19	8	38	s	n
1	160	19	9	30	s	n
1	160	19	10	39	s	n
1	160	19	11	27	s	n
1	160	19	12	25	s	n
1	160	19	13	30	s	n
1	160	19	14	32	s	n
1	160	19	15	33	s	n
1	160	19	16	32	s	n
1	160	19	17	31	s	n
1	160	19	18	35	s	n
1	160	19	19	42	s	n
1	160	19	20	39	s	n
1	160	19	21	30	s	n
1	160	19	22	35	s	n
1	160	19	23	40	s	n
1	160	19	24	33	s	n
1	160	19	25	31	s	n
1	160	19	26	45	s	n
1	160	19	27	40	s	n
1	160	19	28	44	s	n
1	160	19	29	41	s	n
1	160	19	30	29	s	n
1	160	19	31	34	s	n
1	160	19	32	32	s	n
1	160	19	33	34	s	n
1	160	19	34	39	s	n
1	160	19	35	37	s	n
1	160	19	36	38	s	n
1	160	19	37	49	s	n
1	160	19	38	43	s	n
1	160	19	39	39	s	n
1	160	19	40	49	s	n
1	160	19	41	52	s	n
1	160	19	42	38	s	n
1	160	19	43	37	s	n
1	160	19	44	36	n	n
1	160	19	45	33	s	n
1	160	19	46	27	n	n
1	160	19	47	26	n	n
1	160	19	48	23	n	n
1	160	19	49	23	n	n
1	160	19	50	18	n	n
1	160	20	1	37	s	n
1	160	20	2	41	s	n
1	160	20	3	34	s	n
1	160	20	4	37	s	n
1	160	20	5	37	s	n
1	160	20	6	36	s	n
1	160	20	7	37	s	n
1	160	20	8	30	s	n
1	160	20	9	31	s	n
1	160	20	10	40	s	n
1	160	20	11	35	s	n
1	160	20	12	32	s	n
1	160	20	13	25	s	n
1	160	20	14	28	s	n
1	160	20	15	34	s	n
1	160	20	16	40	s	n
1	160	20	17	41	s	n
1	160	20	18	29	s	n
1	160	20	19	33	s	n
1	160	20	20	30	s	n
1	160	20	21	41	s	n
1	160	20	22	34	s	n
1	160	20	23	32	s	n
1	160	20	24	39	s	n
1	160	20	25	39	s	n
1	160	20	26	45	s	n
1	160	20	27	37	s	n
1	160	20	28	36	s	n
1	160	20	29	35	s	n
1	160	20	30	26	s	n
1	160	20	31	37	s	n
1	160	20	32	30	s	n
1	160	20	33	43	s	n
1	160	20	34	38	s	n
1	160	20	35	38	s	n
1	160	20	36	47	s	n
1	160	20	37	30	s	n
1	160	20	38	33	s	n
1	160	20	39	48	s	n
1	160	20	40	51	s	n
1	160	20	41	52	s	n
1	160	20	42	38	s	n
1	160	20	43	40	s	n
1	160	20	44	38	n	n
1	160	20	45	26	n	n
1	160	20	46	34	n	n
1	160	20	47	25	n	n
1	160	20	48	17	n	n
1	160	20	49	22	n	n
1	160	20	50	25	n	n
1	170	1	1	32	s	n
1	170	1	2	35	s	n
1	170	1	3	22	s	n
1	170	1	4	26	s	n
1	170	1	5	37	s	n
1	170	1	6	31	s	n
1	170	1	7	34	s	n
1	170	1	8	33	s	n
1	170	1	9	32	s	n
1	170	1	10	26	s	n
1	170	1	11	38	s	n
1	170	1	12	35	s	n
1	170	1	13	29	s	n
1	170	1	14	32	s	n
1	170	1	15	33	s	n
1	170	1	16	38	s	n
1	170	1	17	44	s	n
1	170	1	18	32	s	n
1	170	1	19	48	s	n
1	170	1	20	36	s	n
1	170	1	21	31	s	n
1	170	1	22	41	s	n
1	170	1	23	31	s	n
1	170	1	24	31	s	n
1	170	1	25	40	s	n
1	170	1	26	31	s	n
1	170	1	27	47	s	n
1	170	1	28	42	s	n
1	170	1	29	36	s	n
1	170	1	30	35	s	n
1	170	1	31	36	s	n
1	170	1	32	37	s	n
1	170	1	33	41	s	n
1	170	1	34	51	s	n
1	170	1	35	28	s	n
1	170	1	36	30	s	n
1	170	1	37	30	s	n
1	170	1	38	41	s	n
1	170	1	39	28	s	n
1	170	1	40	31	s	n
1	170	1	41	28	s	n
1	170	1	42	34	s	n
1	170	1	43	37	s	n
1	170	1	44	30	s	n
1	170	1	45	22	s	n
1	170	1	46	20	s	n
1	170	1	47	30	s	n
1	170	1	48	30	s	n
1	170	1	49	30	s	n
1	170	1	50	32	s	n
1	170	2	1	24	s	n
1	170	2	2	38	s	n
1	170	2	3	21	s	n
1	170	2	4	32	s	n
1	170	2	5	32	s	n
1	170	2	6	33	s	n
1	170	2	7	37	s	n
1	170	2	8	25	s	n
1	170	2	9	30	s	n
1	170	2	10	31	s	n
1	170	2	11	38	s	n
1	170	2	12	36	s	n
1	170	2	13	31	s	n
1	170	2	14	31	s	n
1	170	2	15	29	s	n
1	170	2	16	33	s	n
1	170	2	17	34	s	n
1	170	2	18	28	s	n
1	170	2	19	43	s	n
1	170	2	20	34	s	n
1	170	2	21	25	s	n
1	170	2	22	34	s	n
1	170	2	23	35	s	n
1	170	2	24	47	s	n
1	170	2	25	49	s	n
1	170	2	26	40	s	n
1	170	2	27	40	s	n
1	170	2	28	38	s	n
1	170	2	29	45	s	n
1	170	2	30	37	s	n
1	170	2	31	32	s	n
1	170	2	32	28	s	n
1	170	2	33	38	s	n
1	170	2	34	44	s	n
1	170	2	35	36	s	n
1	170	2	36	27	s	n
1	170	2	37	36	s	n
1	170	2	38	38	s	n
1	170	2	39	39	s	n
1	170	2	40	37	s	n
1	170	2	41	29	s	n
1	170	2	42	34	s	n
1	170	2	43	32	s	n
1	170	2	44	23	s	n
1	170	2	45	17	s	n
1	170	2	46	28	s	n
1	170	2	47	34	s	n
1	170	2	48	43	s	n
1	170	2	49	26	s	n
1	170	2	50	31	s	n
1	170	3	1	33	s	n
1	170	3	2	26	s	n
1	170	3	3	35	s	n
1	170	3	4	28	s	n
1	170	3	5	30	s	n
1	170	3	6	38	s	n
1	170	3	7	31	s	n
1	170	3	8	22	s	n
1	170	3	9	29	s	n
1	170	3	10	25	s	n
1	170	3	11	27	s	n
1	170	3	12	26	s	n
1	170	3	13	41	s	n
1	170	3	14	27	s	n
1	170	3	15	20	s	n
1	170	3	16	33	s	n
1	170	3	17	25	s	n
1	170	3	18	36	s	n
1	170	3	19	42	s	n
1	170	3	20	41	s	n
1	170	3	21	47	s	n
1	170	3	22	30	s	n
1	170	3	23	37	s	n
1	170	3	24	48	s	n
1	170	3	25	43	s	n
1	170	3	26	35	s	n
1	170	3	27	66	s	n
1	170	3	28	36	s	n
1	170	3	29	50	s	n
1	170	3	30	41	s	n
1	170	3	31	39	s	n
1	170	3	32	39	s	n
1	170	3	33	43	s	n
1	170	3	34	45	s	n
1	170	3	35	36	s	n
1	170	3	36	35	s	n
1	170	3	37	28	s	n
1	170	3	38	32	s	n
1	170	3	39	35	s	n
1	170	3	40	32	s	n
1	170	3	41	29	s	n
1	170	3	42	25	s	n
1	170	3	43	30	s	n
1	170	3	44	26	s	n
1	170	3	45	32	s	n
1	170	3	46	28	s	n
1	170	3	47	34	s	n
1	170	3	48	30	s	n
1	170	3	49	36	s	n
1	170	3	50	38	s	n
1	170	4	1	24	s	n
1	170	4	2	26	s	n
1	170	4	3	32	s	n
1	170	4	4	33	s	n
1	170	4	5	30	s	n
1	170	4	6	29	s	n
1	170	4	7	27	s	n
1	170	4	8	23	s	n
1	170	4	9	18	s	n
1	170	4	10	28	s	n
1	170	4	11	29	s	n
1	170	4	12	37	s	n
1	170	4	13	20	s	n
1	170	4	14	32	s	n
1	170	4	15	27	s	n
1	170	4	16	32	s	n
1	170	4	17	29	s	n
1	170	4	18	26	s	n
1	170	4	19	32	s	n
1	170	4	20	49	s	n
1	170	4	21	46	s	n
1	170	4	22	39	s	n
1	170	4	23	49	s	n
1	170	4	24	42	s	n
1	170	4	25	39	s	n
1	170	4	26	54	s	n
1	170	4	27	33	s	n
1	170	4	28	54	s	n
1	170	4	29	40	s	n
1	170	4	30	39	s	n
1	170	4	31	47	s	n
1	170	4	32	33	s	n
1	170	4	33	47	s	n
1	170	4	34	41	s	n
1	170	4	35	33	s	n
1	170	4	36	39	s	n
1	170	4	37	40	s	n
1	170	4	38	33	s	n
1	170	4	39	33	s	n
1	170	4	40	26	s	n
1	170	4	41	26	s	n
1	170	4	42	28	s	n
1	170	4	43	24	s	n
1	170	4	44	29	s	n
1	170	4	45	26	s	n
1	170	4	46	34	n	n
1	170	4	47	26	n	n
1	170	4	48	41	s	n
1	170	4	49	42	s	n
1	170	4	50	44	s	n
1	170	5	1	27	s	n
1	170	5	2	22	s	n
1	170	5	3	35	s	n
1	170	5	4	27	s	n
1	170	5	5	36	s	n
1	170	5	6	33	s	n
1	170	5	7	33	s	n
1	170	5	8	31	s	n
1	170	5	9	23	s	n
1	170	5	10	40	s	n
1	170	5	11	24	s	n
1	170	5	12	30	s	n
1	170	5	13	18	s	n
1	170	5	14	25	s	n
1	170	5	15	23	s	n
1	170	5	16	32	s	n
1	170	5	17	38	s	n
1	170	5	18	31	s	n
1	170	5	19	52	s	n
1	170	5	20	36	s	n
1	170	5	21	56	s	n
1	170	5	22	40	s	n
1	170	5	23	40	s	n
1	170	5	24	36	s	n
1	170	5	25	38	s	n
1	170	5	26	54	s	n
1	170	5	27	52	s	n
1	170	5	28	45	s	n
1	170	5	29	38	s	n
1	170	5	30	44	s	n
1	170	5	31	42	s	n
1	170	5	32	41	s	n
1	170	5	33	45	s	n
1	170	5	34	46	s	n
1	170	5	35	34	s	n
1	170	5	36	47	s	n
1	170	5	37	34	s	n
1	170	5	38	23	s	n
1	170	5	39	23	s	n
1	170	5	40	30	s	n
1	170	5	41	36	s	n
1	170	5	42	31	s	n
1	170	5	43	30	s	n
1	170	5	44	25	s	n
1	170	5	45	23	s	n
1	170	5	46	29	n	n
1	170	5	47	35	s	n
1	170	5	48	42	s	d
1	170	5	49	44	s	d
1	170	5	50	44	s	n
1	170	6	1	21	s	n
1	170	6	2	30	s	n
1	170	6	3	33	s	n
1	170	6	4	22	s	n
1	170	6	5	35	s	n
1	170	6	6	37	s	n
1	170	6	7	31	s	n
1	170	6	8	25	s	n
1	170	6	9	26	s	n
1	170	6	10	32	s	n
1	170	6	11	31	s	n
1	170	6	12	20	s	n
1	170	6	13	32	s	n
1	170	6	14	32	s	n
1	170	6	15	25	s	n
1	170	6	16	51	s	n
1	170	6	17	35	s	n
1	170	6	18	33	s	n
1	170	6	19	29	s	n
1	170	6	20	40	s	n
1	170	6	21	45	s	n
1	170	6	22	42	s	n
1	170	6	23	46	s	n
1	170	6	24	43	s	n
1	170	6	25	45	s	n
1	170	6	26	48	s	n
1	170	6	27	56	s	n
1	170	6	28	33	s	n
1	170	6	29	45	s	n
1	170	6	30	32	s	n
1	170	6	31	34	s	n
1	170	6	32	39	s	n
1	170	6	33	36	s	n
1	170	6	34	32	s	n
1	170	6	35	44	s	n
1	170	6	36	59	s	n
1	170	6	37	40	s	n
1	170	6	38	35	s	n
1	170	6	39	33	s	n
1	170	6	40	25	s	n
1	170	6	41	24	s	n
1	170	6	42	27	s	n
1	170	6	43	34	s	n
1	170	6	44	24	s	n
1	170	6	45	40	s	d
1	170	6	46	40	s	n
1	170	6	47	29	n	n
1	170	6	48	30	n	n
1	170	6	49	39	n	n
1	170	6	50	45	s	n
1	170	7	1	30	s	n
1	170	7	2	32	s	n
1	170	7	3	37	s	n
1	170	7	4	31	s	n
1	170	7	5	39	s	n
1	170	7	6	25	s	n
1	170	7	7	32	s	n
1	170	7	8	33	s	n
1	170	7	9	33	s	n
1	170	7	10	30	s	n
1	170	7	11	38	s	n
1	170	7	12	18	s	n
1	170	7	13	26	s	n
1	170	7	14	35	s	n
1	170	7	15	43	s	n
1	170	7	16	49	s	n
1	170	7	17	50	s	n
1	170	7	18	46	s	n
1	170	7	19	38	s	n
1	170	7	20	41	s	n
1	170	7	21	36	s	n
1	170	7	22	37	s	n
1	170	7	23	59	s	n
1	170	7	24	48	s	n
1	170	7	25	48	s	n
1	170	7	26	48	s	n
1	170	7	27	42	s	n
1	170	7	28	36	s	n
1	170	7	29	45	s	n
1	170	7	30	37	s	n
1	170	7	31	36	s	n
1	170	7	32	33	s	n
1	170	7	33	34	s	n
1	170	7	34	23	s	n
1	170	7	35	38	s	n
1	170	7	36	36	s	n
1	170	7	37	57	s	n
1	170	7	38	39	s	n
1	170	7	39	46	s	n
1	170	7	40	52	s	n
1	170	7	41	33	s	n
1	170	7	42	33	s	n
1	170	7	43	30	s	n
1	170	7	44	36	s	n
1	170	7	45	28	s	n
1	170	7	46	40	s	d
1	170	7	47	35	n	n
1	170	7	48	48	s	n
1	170	7	49	43	s	n
1	170	7	50	48	s	n
1	170	8	1	27	s	n
1	170	8	2	29	s	n
1	170	8	3	27	s	n
1	170	8	4	31	s	n
1	170	8	5	29	s	n
1	170	8	6	32	s	n
1	170	8	7	41	s	n
1	170	8	8	33	s	n
1	170	8	9	31	s	n
1	170	8	10	32	s	n
1	170	8	11	34	s	n
1	170	8	12	24	s	n
1	170	8	13	41	s	n
1	170	8	14	24	s	n
1	170	8	15	28	s	n
1	170	8	16	43	s	n
1	170	8	17	41	s	n
1	170	8	18	51	s	n
1	170	8	19	49	s	n
1	170	8	20	42	s	n
1	170	8	21	44	s	n
1	170	8	22	40	s	n
1	170	8	23	48	s	n
1	170	8	24	54	s	n
1	170	8	25	26	s	n
1	170	8	26	30	s	n
1	170	8	27	40	s	n
1	170	8	28	36	s	n
1	170	8	29	45	s	n
1	170	8	30	47	s	n
1	170	8	31	33	s	n
1	170	8	32	41	s	n
1	170	8	33	33	s	n
1	170	8	34	33	s	n
1	170	8	35	33	s	n
1	170	8	36	32	s	n
1	170	8	37	50	s	n
1	170	8	38	48	s	n
1	170	8	39	49	s	n
1	170	8	40	36	s	n
1	170	8	41	27	s	n
1	170	8	42	44	s	n
1	170	8	43	31	s	n
1	170	8	44	27	s	n
1	170	8	45	36	s	n
1	170	8	46	27	s	n
1	170	8	47	26	s	n
1	170	8	48	37	s	n
1	170	8	49	41	s	n
1	170	8	50	46	s	n
1	170	9	1	24	s	n
1	170	9	2	23	s	n
1	170	9	3	32	s	n
1	170	9	4	31	s	n
1	170	9	5	34	s	n
1	170	9	6	35	s	n
1	170	9	7	34	s	n
1	170	9	8	31	s	n
1	170	9	9	31	s	n
1	170	9	10	28	s	n
1	170	9	11	32	s	n
1	170	9	12	31	s	n
1	170	9	13	44	s	n
1	170	9	14	32	s	n
1	170	9	15	24	s	n
1	170	9	16	39	s	n
1	170	9	17	42	s	n
1	170	9	18	42	s	n
1	170	9	19	41	s	n
1	170	9	20	51	s	n
1	170	9	21	37	s	n
1	170	9	22	36	s	n
1	170	9	23	34	s	n
1	170	9	24	48	s	n
1	170	9	25	35	s	n
1	170	9	26	39	s	n
1	170	9	27	38	s	n
1	170	9	28	45	s	n
1	170	9	29	44	s	n
1	170	9	30	55	s	n
1	170	9	31	41	s	n
1	170	9	32	29	s	n
1	170	9	33	39	s	n
1	170	9	34	43	s	n
1	170	9	35	36	s	n
1	170	9	36	37	s	n
1	170	9	37	30	s	n
1	170	9	38	47	s	n
1	170	9	39	26	s	n
1	170	9	40	40	s	n
1	170	9	41	37	s	n
1	170	9	42	24	s	n
1	170	9	43	26	s	n
1	170	9	44	30	n	n
1	170	9	45	33	s	n
1	170	9	46	41	s	n
1	170	9	47	30	s	n
1	170	9	48	29	s	n
1	170	9	49	34	s	n
1	170	9	50	32	s	n
1	170	10	1	32	s	n
1	170	10	2	27	s	n
1	170	10	3	30	s	n
1	170	10	4	29	s	n
1	170	10	5	36	s	n
1	170	10	6	27	s	n
1	170	10	7	29	s	n
1	170	10	8	31	s	n
1	170	10	9	35	s	n
1	170	10	10	33	s	n
1	170	10	11	42	s	n
1	170	10	12	26	s	n
1	170	10	13	30	s	n
1	170	10	14	25	s	n
1	170	10	15	36	s	n
1	170	10	16	35	s	n
1	170	10	17	43	s	n
1	170	10	18	40	s	n
1	170	10	19	47	s	n
1	170	10	20	40	s	n
1	170	10	21	41	s	n
1	170	10	22	41	s	n
1	170	10	23	34	s	n
1	170	10	24	36	s	n
1	170	10	25	36	s	n
1	170	10	26	46	s	n
1	170	10	27	39	s	n
1	170	10	28	30	s	n
1	170	10	29	41	s	n
1	170	10	30	47	s	n
1	170	10	31	38	s	n
1	170	10	32	44	s	n
1	170	10	33	28	s	n
1	170	10	34	27	s	n
1	170	10	35	39	s	n
1	170	10	36	23	s	n
1	170	10	37	32	s	n
1	170	10	38	45	s	n
1	170	10	39	35	s	n
1	170	10	40	41	s	n
1	170	10	41	27	s	n
1	170	10	42	43	s	n
1	170	10	43	32	s	n
1	170	10	44	37	s	n
1	170	10	45	27	s	n
1	170	10	46	39	s	n
1	170	10	47	28	s	n
1	170	10	48	38	s	n
1	170	10	49	32	s	n
1	170	10	50	36	s	n
1	170	11	1	29	s	n
1	170	11	2	32	s	n
1	170	11	3	25	s	n
1	170	11	4	24	s	n
1	170	11	5	33	s	n
1	170	11	6	41	s	n
1	170	11	7	28	s	n
1	170	11	8	44	s	n
1	170	11	9	31	s	n
1	170	11	10	33	s	n
1	170	11	11	33	s	n
1	170	11	12	28	s	n
1	170	11	13	30	s	n
1	170	11	14	32	s	n
1	170	11	15	29	s	n
1	170	11	16	43	s	n
1	170	11	17	49	s	n
1	170	11	18	37	s	n
1	170	11	19	33	s	n
1	170	11	20	31	s	n
1	170	11	21	44	s	n
1	170	11	22	38	s	n
1	170	11	23	32	s	n
1	170	11	24	31	s	n
1	170	11	25	35	s	n
1	170	11	26	42	s	n
1	170	11	27	35	s	n
1	170	11	28	57	s	n
1	170	11	29	42	s	n
1	170	11	30	28	s	n
1	170	11	31	29	s	n
1	170	11	32	31	s	n
1	170	11	33	33	s	n
1	170	11	34	46	s	n
1	170	11	35	44	s	n
1	170	11	36	23	s	n
1	170	11	37	32	s	n
1	170	11	38	45	s	n
1	170	11	39	36	s	n
1	170	11	40	36	s	n
1	170	11	41	34	s	n
1	170	11	42	35	s	n
1	170	11	43	27	s	n
1	170	11	44	39	s	n
1	170	11	45	35	s	n
1	170	11	46	34	s	n
1	170	11	47	32	s	n
1	170	11	48	33	s	n
1	170	11	49	36	s	n
1	170	11	50	29	s	n
1	170	12	1	26	s	n
1	170	12	2	34	s	n
1	170	12	3	27	s	n
1	170	12	4	31	s	n
1	170	12	5	35	s	n
1	170	12	6	33	s	n
1	170	12	7	33	s	n
1	170	12	8	32	s	n
1	170	12	9	32	s	n
1	170	12	10	32	s	n
1	170	12	11	33	s	n
1	170	12	12	26	s	n
1	170	12	13	33	s	n
1	170	12	14	31	s	n
1	170	12	15	26	s	n
1	170	12	16	33	s	n
1	170	12	17	33	s	n
1	170	12	18	37	s	n
1	170	12	19	29	s	n
1	170	12	20	28	s	n
1	170	12	21	45	s	n
1	170	12	22	34	s	n
1	170	12	23	38	s	n
1	170	12	24	26	s	n
1	170	12	25	27	s	n
1	170	12	26	25	s	n
1	170	12	27	32	s	n
1	170	12	28	27	s	n
1	170	12	29	42	s	n
1	170	12	30	40	s	n
1	170	12	31	33	s	n
1	170	12	32	32	s	n
1	170	12	33	38	s	n
1	170	12	34	45	s	n
1	170	12	35	36	s	n
1	170	12	36	38	s	n
1	170	12	37	31	s	n
1	170	12	38	30	s	n
1	170	12	39	36	s	n
1	170	12	40	36	s	n
1	170	12	41	32	s	n
1	170	12	42	30	s	n
1	170	12	43	30	s	n
1	170	12	44	34	s	n
1	170	12	45	35	n	n
1	170	12	46	40	s	n
1	170	12	47	32	s	n
1	170	12	48	35	s	n
1	170	12	49	35	n	n
1	170	12	50	39	s	n
1	170	13	1	40	s	n
1	170	13	2	34	s	n
1	170	13	3	34	s	n
1	170	13	4	31	s	n
1	170	13	5	34	s	n
1	170	13	6	27	s	n
1	170	13	7	27	s	n
1	170	13	8	25	s	n
1	170	13	9	30	s	n
1	170	13	10	35	s	n
1	170	13	11	46	s	n
1	170	13	12	32	s	n
1	170	13	13	27	s	n
1	170	13	14	26	s	n
1	170	13	15	32	s	n
1	170	13	16	38	s	n
1	170	13	17	30	s	n
1	170	13	18	37	s	n
1	170	13	19	35	s	n
1	170	13	20	32	s	n
1	170	13	21	41	s	n
1	170	13	22	31	s	n
1	170	13	23	40	s	n
1	170	13	24	38	s	n
1	170	13	25	46	s	n
1	170	13	26	24	s	n
1	170	13	27	34	s	n
1	170	13	28	28	s	n
1	170	13	29	27	s	n
1	170	13	30	37	s	n
1	170	13	31	32	s	n
1	170	13	32	46	s	n
1	170	13	33	35	s	n
1	170	13	34	43	s	n
1	170	13	35	31	s	n
1	170	13	36	42	s	n
1	170	13	37	34	s	n
1	170	13	38	42	s	n
1	170	13	39	50	s	n
1	170	13	40	18	s	n
1	170	13	41	28	s	n
1	170	13	42	47	s	n
1	170	13	43	23	s	n
1	170	13	44	38	s	n
1	170	13	45	36	s	n
1	170	13	46	40	s	n
1	170	13	47	29	s	n
1	170	13	48	36	s	n
1	170	13	49	37	s	n
1	170	13	50	38	s	n
1	170	14	1	37	s	n
1	170	14	2	34	s	n
1	170	14	3	31	s	n
1	170	14	4	37	s	n
1	170	14	5	32	s	n
1	170	14	6	31	s	n
1	170	14	7	38	s	n
1	170	14	8	32	s	n
1	170	14	9	30	s	n
1	170	14	10	31	s	n
1	170	14	11	37	s	n
1	170	14	12	30	s	n
1	170	14	13	32	s	n
1	170	14	14	35	s	n
1	170	14	15	26	s	n
1	170	14	16	42	s	n
1	170	14	17	30	s	n
1	170	14	18	32	s	n
1	170	14	19	37	s	n
1	170	14	20	36	s	n
1	170	14	21	26	s	n
1	170	14	22	40	s	n
1	170	14	23	34	s	n
1	170	14	24	33	s	n
1	170	14	25	42	s	n
1	170	14	26	48	s	n
1	170	14	27	35	s	n
1	170	14	28	31	s	n
1	170	14	29	24	s	n
1	170	14	30	39	s	n
1	170	14	31	32	s	n
1	170	14	32	34	s	n
1	170	14	33	30	s	n
1	170	14	34	45	s	n
1	170	14	35	33	s	n
1	170	14	36	46	s	n
1	170	14	37	43	s	n
1	170	14	38	44	s	n
1	170	14	39	39	s	n
1	170	14	40	35	s	n
1	170	14	41	24	s	n
1	170	14	42	27	s	n
1	170	14	43	32	s	n
1	170	14	44	41	s	n
1	170	14	45	34	s	n
1	170	14	46	36	s	n
1	170	14	47	46	s	n
1	170	14	48	32	s	n
1	170	14	49	42	s	n
1	170	14	50	48	s	n
1	170	15	1	38	s	n
1	170	15	2	38	s	n
1	170	15	3	38	s	n
1	170	15	4	31	s	n
1	170	15	5	28	s	n
1	170	15	6	31	s	n
1	170	15	7	29	s	n
1	170	15	8	20	s	n
1	170	15	9	42	s	n
1	170	15	10	36	s	n
1	170	15	11	36	s	n
1	170	15	12	36	s	n
1	170	15	13	31	s	n
1	170	15	14	29	s	n
1	170	15	15	35	s	n
1	170	15	16	35	s	n
1	170	15	17	28	s	n
1	170	15	18	40	s	n
1	170	15	19	42	s	n
1	170	15	20	20	s	n
1	170	15	21	24	s	n
1	170	15	22	23	s	n
1	170	15	23	32	s	n
1	170	15	24	34	s	n
1	170	15	25	30	s	n
1	170	15	26	42	s	n
1	170	15	27	44	s	n
1	170	15	28	41	s	n
1	170	15	29	37	s	n
1	170	15	30	23	s	n
1	170	15	31	34	s	n
1	170	15	32	38	s	n
1	170	15	33	33	s	n
1	170	15	34	47	s	n
1	170	15	35	40	s	n
1	170	15	36	32	s	n
1	170	15	37	41	s	n
1	170	15	38	43	s	n
1	170	15	39	41	s	n
1	170	15	40	43	s	n
1	170	15	41	30	s	n
1	170	15	42	39	s	n
1	170	15	43	36	s	n
1	170	15	44	40	s	n
1	170	15	45	45	s	n
1	170	15	46	40	s	n
1	170	15	47	39	s	n
1	170	15	48	37	s	n
1	170	15	49	37	s	n
1	170	15	50	45	s	n
1	170	16	1	39	s	n
1	170	16	2	37	s	n
1	170	16	3	35	s	n
1	170	16	4	31	s	n
1	170	16	5	34	s	n
1	170	16	6	19	s	n
1	170	16	7	35	s	n
1	170	16	8	37	s	n
1	170	16	9	33	s	n
1	170	16	10	29	s	n
1	170	16	11	29	s	n
1	170	16	12	33	s	n
1	170	16	13	27	s	n
1	170	16	14	33	s	n
1	170	16	15	34	s	n
1	170	16	16	38	s	n
1	170	16	17	39	s	n
1	170	16	18	33	s	n
1	170	16	19	24	s	n
1	170	16	20	35	s	n
1	170	16	21	41	s	n
1	170	16	22	38	s	n
1	170	16	23	36	s	n
1	170	16	24	37	s	n
1	170	16	25	47	s	n
1	170	16	26	38	s	n
1	170	16	27	42	s	n
1	170	16	28	46	s	n
1	170	16	29	48	s	n
1	170	16	30	33	s	n
1	170	16	31	32	s	n
1	170	16	32	27	s	n
1	170	16	33	33	s	n
1	170	16	34	34	s	n
1	170	16	35	39	s	n
1	170	16	36	42	s	n
1	170	16	37	33	s	n
1	170	16	38	35	s	n
1	170	16	39	29	s	n
1	170	16	40	26	s	n
1	170	16	41	34	s	n
1	170	16	42	34	s	n
1	170	16	43	54	s	n
1	170	16	44	36	s	n
1	170	16	45	39	s	n
1	170	16	46	37	s	n
1	170	16	47	34	s	n
1	170	16	48	39	n	n
1	170	16	49	34	s	n
1	170	16	50	44	s	n
1	170	17	1	40	s	n
1	170	17	2	36	s	n
1	170	17	3	39	s	n
1	170	17	4	30	s	n
1	170	17	5	32	s	n
1	170	17	6	37	s	n
1	170	17	7	32	s	n
1	170	17	8	44	s	n
1	170	17	9	33	s	n
1	170	17	10	32	s	n
1	170	17	11	26	s	n
1	170	17	12	32	s	n
1	170	17	13	27	s	n
1	170	17	14	33	s	n
1	170	17	15	31	s	n
1	170	17	16	28	s	n
1	170	17	17	31	s	n
1	170	17	18	29	s	n
1	170	17	19	27	s	n
1	170	17	20	31	s	n
1	170	17	21	35	s	n
1	170	17	22	34	s	n
1	170	17	23	38	s	n
1	170	17	24	29	s	n
1	170	17	25	37	s	n
1	170	17	26	34	s	n
1	170	17	27	46	s	n
1	170	17	28	45	s	n
1	170	17	29	32	s	n
1	170	17	30	41	s	n
1	170	17	31	33	s	n
1	170	17	32	40	s	n
1	170	17	33	35	s	n
1	170	17	34	38	s	n
1	170	17	35	36	s	n
1	170	17	36	42	s	n
1	170	17	37	35	s	n
1	170	17	38	32	s	n
1	170	17	39	41	s	n
1	170	17	40	43	s	n
1	170	17	41	31	s	n
1	170	17	42	38	s	n
1	170	17	43	50	s	n
1	170	17	44	36	s	n
1	170	17	45	22	s	n
1	170	17	46	46	s	n
1	170	17	47	33	s	n
1	170	17	48	36	s	n
1	170	17	49	47	s	n
1	170	17	50	48	s	d
1	170	18	1	36	s	n
1	170	18	2	35	s	n
1	170	18	3	31	s	n
1	170	18	4	37	s	n
1	170	18	5	40	s	n
1	170	18	6	33	s	n
1	170	18	7	36	s	n
1	170	18	8	29	s	n
1	170	18	9	34	s	n
1	170	18	10	24	s	n
1	170	18	11	23	s	n
1	170	18	12	37	s	n
1	170	18	13	28	s	n
1	170	18	14	32	s	n
1	170	18	15	24	s	n
1	170	18	16	24	s	n
1	170	18	17	24	s	n
1	170	18	18	49	s	n
1	170	18	19	22	s	n
1	170	18	20	23	s	n
1	170	18	21	37	s	n
1	170	18	22	32	s	n
1	170	18	23	41	s	n
1	170	18	24	30	s	n
1	170	18	25	39	s	n
1	170	18	26	35	s	n
1	170	18	27	42	s	n
1	170	18	28	41	s	n
1	170	18	29	46	s	n
1	170	18	30	52	s	n
1	170	18	31	33	s	n
1	170	18	32	38	s	n
1	170	18	33	36	s	n
1	170	18	34	40	s	n
1	170	18	35	33	s	n
1	170	18	36	39	s	n
1	170	18	37	39	s	n
1	170	18	38	48	s	n
1	170	18	39	38	s	n
1	170	18	40	34	s	n
1	170	18	41	41	s	n
1	170	18	42	34	s	n
1	170	18	43	34	s	n
1	170	18	44	43	s	n
1	170	18	45	45	s	n
1	170	18	46	38	s	n
1	170	18	47	32	s	n
1	170	18	48	40	s	n
1	170	18	49	56	s	n
1	170	18	50	46	s	n
1	170	19	1	37	s	n
1	170	19	2	37	s	n
1	170	19	3	34	s	n
1	170	19	4	20	s	n
1	170	19	5	37	s	n
1	170	19	6	20	s	n
1	170	19	7	30	s	n
1	170	19	8	38	s	n
1	170	19	9	32	s	n
1	170	19	10	31	s	n
1	170	19	11	32	s	n
1	170	19	12	24	s	n
1	170	19	13	30	s	n
1	170	19	14	34	s	n
1	170	19	15	33	s	n
1	170	19	16	28	s	n
1	170	19	17	29	s	n
1	170	19	18	32	s	n
1	170	19	19	46	s	n
1	170	19	20	43	s	n
1	170	19	21	38	s	n
1	170	19	22	31	s	n
1	170	19	23	37	s	n
1	170	19	24	45	s	n
1	170	19	25	29	s	n
1	170	19	26	39	s	n
1	170	19	27	51	s	n
1	170	19	28	47	s	n
1	170	19	29	49	s	n
1	170	19	30	48	s	n
1	170	19	31	45	s	n
1	170	19	32	35	s	n
1	170	19	33	24	s	n
1	170	19	34	35	s	n
1	170	19	35	32	s	n
1	170	19	36	39	s	n
1	170	19	37	27	s	n
1	170	19	38	28	s	n
1	170	19	39	36	s	n
1	170	19	40	29	s	n
1	170	19	41	46	s	n
1	170	19	42	39	s	n
1	170	19	43	47	s	n
1	170	19	44	45	s	n
1	170	19	45	45	s	n
1	170	19	46	35	s	n
1	170	19	47	45	s	n
1	170	19	48	57	s	n
1	170	19	49	51	s	n
1	170	19	50	53	s	n
1	170	20	1	32	s	n
1	170	20	2	38	s	n
1	170	20	3	32	s	n
1	170	20	4	33	s	n
1	170	20	5	31	s	n
1	170	20	6	24	s	n
1	170	20	7	35	s	n
1	170	20	8	36	s	n
1	170	20	9	27	s	n
1	170	20	10	29	s	n
1	170	20	11	29	s	n
1	170	20	12	31	s	n
1	170	20	13	35	s	n
1	170	20	14	29	s	n
1	170	20	15	34	s	n
1	170	20	16	31	s	n
1	170	20	17	35	s	n
1	170	20	18	20	s	n
1	170	20	19	51	s	n
1	170	20	20	45	s	n
1	170	20	21	42	s	n
1	170	20	22	43	s	n
1	170	20	23	33	s	n
1	170	20	24	44	s	n
1	170	20	25	33	s	n
1	170	20	26	39	s	n
1	170	20	27	37	s	n
1	170	20	28	37	s	n
1	170	20	29	41	s	n
1	170	20	30	48	s	n
1	170	20	31	27	s	n
1	170	20	32	32	s	n
1	170	20	33	34	s	n
1	170	20	34	38	s	n
1	170	20	35	30	s	n
1	170	20	36	41	s	n
1	170	20	37	22	s	n
1	170	20	38	32	s	n
1	170	20	39	34	s	n
1	170	20	40	45	s	n
1	170	20	41	48	s	n
1	170	20	42	50	s	n
1	170	20	43	44	s	n
1	170	20	44	37	s	n
1	170	20	45	46	s	n
1	170	20	46	35	s	n
1	170	20	47	41	s	n
1	170	20	48	48	s	n
1	170	20	49	45	s	n
1	170	20	50	51	s	n
1	180	1	1	36	s	n
1	180	1	2	32	s	n
1	180	1	3	32	s	n
1	180	1	4	28	s	n
1	180	1	5	37	s	n
1	180	1	6	33	s	n
1	180	1	7	37	s	n
1	180	1	8	32	s	n
1	180	1	9	30	s	n
1	180	1	10	27	s	n
1	180	1	11	30	s	n
1	180	1	12	32	s	n
1	180	1	13	32	s	n
1	180	1	14	32	s	n
1	180	1	15	39	s	n
1	180	1	16	39	s	n
1	180	1	17	37	s	n
1	180	1	18	44	s	n
1	180	1	19	33	s	n
1	180	1	20	39	s	n
1	180	1	21	42	s	n
1	180	1	22	38	s	n
1	180	1	23	41	s	n
1	180	1	24	38	s	n
1	180	1	25	39	s	n
1	180	1	26	39	s	n
1	180	1	27	48	s	n
1	180	1	28	45	s	n
1	180	1	29	42	s	n
1	180	1	30	48	s	n
1	180	1	31	35	s	n
1	180	1	32	39	s	n
1	180	1	33	45	s	n
1	180	1	34	36	s	n
1	180	1	35	32	s	n
1	180	1	36	46	s	n
1	180	1	37	41	s	n
1	180	1	38	44	s	n
1	180	1	39	30	s	n
1	180	1	40	33	s	n
1	180	1	41	33	s	n
1	180	1	42	34	s	n
1	180	1	43	24	s	n
1	180	1	44	35	s	n
1	180	1	45	26	s	n
1	180	1	46	28	s	n
1	180	1	47	41	s	n
1	180	1	48	22	s	n
1	180	1	49	39	s	n
1	180	1	50	28	s	n
1	180	2	1	33	s	n
1	180	2	2	37	s	n
1	180	2	3	38	s	n
1	180	2	4	33	s	n
1	180	2	5	35	s	n
1	180	2	6	40	s	n
1	180	2	7	29	s	n
1	180	2	8	33	s	n
1	180	2	9	44	s	n
1	180	2	10	27	s	n
1	180	2	11	30	s	n
1	180	2	12	36	s	n
1	180	2	13	43	s	n
1	180	2	14	37	s	n
1	180	2	15	41	s	n
1	180	2	16	35	s	n
1	180	2	17	32	s	n
1	180	2	18	49	s	n
1	180	2	19	51	s	n
1	180	2	20	58	s	n
1	180	2	21	49	s	n
1	180	2	22	38	s	n
1	180	2	23	33	s	n
1	180	2	24	32	s	n
1	180	2	25	43	s	n
1	180	2	26	44	s	n
1	180	2	27	41	s	n
1	180	2	28	47	s	n
1	180	2	29	41	s	n
1	180	2	30	38	s	n
1	180	2	31	35	s	n
1	180	2	32	39	s	n
1	180	2	33	32	s	n
1	180	2	34	54	s	n
1	180	2	35	51	s	n
1	180	2	36	29	s	n
1	180	2	37	44	s	n
1	180	2	38	37	s	n
1	180	2	39	42	s	n
1	180	2	40	40	s	n
1	180	2	41	33	s	n
1	180	2	42	39	s	n
1	180	2	43	44	s	n
1	180	2	44	20	s	n
1	180	2	45	33	s	n
1	180	2	46	32	s	n
1	180	2	47	34	s	n
1	180	2	48	41	s	n
1	180	2	49	35	s	n
1	180	2	50	29	s	n
1	180	3	1	35	s	n
1	180	3	2	30	s	n
1	180	3	3	22	s	n
1	180	3	4	31	s	n
1	180	3	5	36	s	n
1	180	3	6	37	s	n
1	180	3	7	31	s	n
1	180	3	8	33	s	n
1	180	3	9	27	s	n
1	180	3	10	31	s	n
1	180	3	11	31	s	n
1	180	3	12	34	s	n
1	180	3	13	36	s	n
1	180	3	14	40	s	n
1	180	3	15	43	s	n
1	180	3	16	45	s	n
1	180	3	17	37	s	n
1	180	3	18	41	s	n
1	180	3	19	41	s	n
1	180	3	20	27	s	n
1	180	3	21	34	s	n
1	180	3	22	38	s	n
1	180	3	23	43	s	n
1	180	3	24	34	s	n
1	180	3	25	50	s	n
1	180	3	26	48	s	n
1	180	3	27	44	s	n
1	180	3	28	48	s	n
1	180	3	29	40	s	n
1	180	3	30	46	s	n
1	180	3	31	40	s	n
1	180	3	32	46	s	n
1	180	3	33	42	s	n
1	180	3	34	40	s	n
1	180	3	35	28	s	n
1	180	3	36	24	s	n
1	180	3	37	37	s	n
1	180	3	38	31	s	n
1	180	3	39	53	s	n
1	180	3	40	37	s	n
1	180	3	41	23	s	n
1	180	3	42	31	s	n
1	180	3	43	28	s	n
1	180	3	44	23	s	n
1	180	3	45	33	s	n
1	180	3	46	29	s	n
1	180	3	47	34	s	n
1	180	3	48	42	s	n
1	180	3	49	40	s	n
1	180	3	50	34	s	n
1	180	4	1	31	s	n
1	180	4	2	26	s	n
1	180	4	3	22	s	n
1	180	4	4	36	s	n
1	180	4	5	24	s	n
1	180	4	6	30	s	n
1	180	4	7	34	s	n
1	180	4	8	33	s	n
1	180	4	9	31	s	n
1	180	4	10	26	s	n
1	180	4	11	37	s	n
1	180	4	12	30	s	n
1	180	4	13	34	s	n
1	180	4	14	45	s	n
1	180	4	15	32	s	n
1	180	4	16	44	s	n
1	180	4	17	40	s	n
1	180	4	18	35	s	n
1	180	4	19	45	s	n
1	180	4	20	34	s	n
1	180	4	21	39	s	n
1	180	4	22	36	s	n
1	180	4	23	45	s	n
1	180	4	24	39	s	n
1	180	4	25	42	s	n
1	180	4	26	50	s	n
1	180	4	27	46	s	n
1	180	4	28	41	s	n
1	180	4	29	41	s	n
1	180	4	30	38	s	n
1	180	4	31	33	s	n
1	180	4	32	39	s	n
1	180	4	33	46	s	n
1	180	4	34	42	s	n
1	180	4	35	35	s	n
1	180	4	36	38	s	n
1	180	4	37	32	s	n
1	180	4	38	43	s	n
1	180	4	39	37	s	n
1	180	4	40	42	s	n
1	180	4	41	22	s	n
1	180	4	42	29	s	n
1	180	4	43	25	s	n
1	180	4	44	37	s	n
1	180	4	45	22	s	n
1	180	4	46	25	s	n
1	180	4	47	29	s	n
1	180	4	48	37	s	n
1	180	4	49	38	s	n
1	180	4	50	27	s	n
1	180	5	1	32	s	n
1	180	5	2	30	s	n
1	180	5	3	28	s	n
1	180	5	4	31	s	n
1	180	5	5	27	s	n
1	180	5	6	30	s	n
1	180	5	7	22	s	n
1	180	5	8	31	s	n
1	180	5	9	29	s	n
1	180	5	10	28	s	n
1	180	5	11	29	s	n
1	180	5	12	39	s	n
1	180	5	13	29	s	n
1	180	5	14	23	s	n
1	180	5	15	36	s	n
1	180	5	16	34	s	n
1	180	5	17	34	s	n
1	180	5	18	43	s	n
1	180	5	19	45	s	n
1	180	5	20	38	s	n
1	180	5	21	32	s	n
1	180	5	22	27	s	n
1	180	5	23	39	s	n
1	180	5	24	43	s	n
1	180	5	25	59	s	n
1	180	5	26	58	s	n
1	180	5	27	43	s	n
1	180	5	28	31	s	n
1	180	5	29	40	s	n
1	180	5	30	36	s	n
1	180	5	31	41	s	n
1	180	5	32	42	s	n
1	180	5	33	34	s	n
1	180	5	34	44	s	n
1	180	5	35	41	s	n
1	180	5	36	33	s	n
1	180	5	37	44	s	n
1	180	5	38	28	s	n
1	180	5	39	48	s	n
1	180	5	40	36	s	n
1	180	5	41	38	s	n
1	180	5	42	29	s	n
1	180	5	43	24	s	n
1	180	5	44	36	s	n
1	180	5	45	35	s	n
1	180	5	46	30	s	n
1	180	5	47	27	s	n
1	180	5	48	40	s	n
1	180	5	49	37	s	n
1	180	5	50	42	s	n
1	180	6	1	25	s	n
1	180	6	2	46	s	n
1	180	6	3	31	s	n
1	180	6	4	32	s	n
1	180	6	5	29	s	n
1	180	6	6	29	s	n
1	180	6	7	33	s	n
1	180	6	8	26	s	n
1	180	6	9	22	s	n
1	180	6	10	30	s	n
1	180	6	11	27	s	n
1	180	6	12	25	s	n
1	180	6	13	34	s	n
1	180	6	14	28	s	n
1	180	6	15	44	s	n
1	180	6	16	33	s	n
1	180	6	17	43	s	n
1	180	6	18	34	s	n
1	180	6	19	37	s	n
1	180	6	20	51	s	n
1	180	6	21	38	s	n
1	180	6	22	39	s	n
1	180	6	23	41	s	n
1	180	6	24	30	s	n
1	180	6	25	43	s	n
1	180	6	26	42	s	n
1	180	6	27	42	s	n
1	180	6	28	37	s	n
1	180	6	29	29	s	n
1	180	6	30	31	s	n
1	180	6	31	27	s	n
1	180	6	32	34	s	n
1	180	6	33	35	s	n
1	180	6	34	27	s	n
1	180	6	35	37	s	n
1	180	6	36	31	s	n
1	180	6	37	36	s	n
1	180	6	38	34	s	n
1	180	6	39	36	s	n
1	180	6	40	34	s	n
1	180	6	41	32	s	n
1	180	6	42	30	s	n
1	180	6	43	31	s	n
1	180	6	44	39	s	n
1	180	6	45	31	s	n
1	180	6	46	29	s	n
1	180	6	47	32	s	n
1	180	6	48	52	s	n
1	180	6	49	43	s	n
1	180	6	50	41	s	n
1	180	7	1	32	s	n
1	180	7	2	34	s	n
1	180	7	3	36	s	n
1	180	7	4	38	s	n
1	180	7	5	32	s	n
1	180	7	6	30	s	n
1	180	7	7	27	s	n
1	180	7	8	23	s	n
1	180	7	9	22	s	n
1	180	7	10	21	s	n
1	180	7	11	33	s	n
1	180	7	12	19	s	n
1	180	7	13	36	s	n
1	180	7	14	30	s	n
1	180	7	15	36	s	n
1	180	7	16	29	s	n
1	180	7	17	39	s	n
1	180	7	18	32	s	n
1	180	7	19	33	s	n
1	180	7	20	46	s	n
1	180	7	21	40	s	n
1	180	7	22	43	s	n
1	180	7	23	35	s	n
1	180	7	24	50	s	n
1	180	7	25	34	s	n
1	180	7	26	58	s	n
1	180	7	27	47	s	n
1	180	7	28	42	s	n
1	180	7	29	40	s	n
1	180	7	30	33	s	n
1	180	7	31	30	s	n
1	180	7	32	29	s	n
1	180	7	33	27	s	n
1	180	7	34	30	s	n
1	180	7	35	41	s	n
1	180	7	36	37	s	n
1	180	7	37	43	s	n
1	180	7	38	40	s	n
1	180	7	39	37	s	n
1	180	7	40	38	s	n
1	180	7	41	35	s	n
1	180	7	42	40	s	n
1	180	7	43	30	s	n
1	180	7	44	31	s	n
1	180	7	45	39	s	n
1	180	7	46	30	s	n
1	180	7	47	34	s	n
1	180	7	48	45	s	n
1	180	7	49	41	s	n
1	180	7	50	38	s	n
1	180	8	1	31	s	n
1	180	8	2	35	s	n
1	180	8	3	33	s	n
1	180	8	4	25	s	n
1	180	8	5	39	s	n
1	180	8	6	38	s	n
1	180	8	7	26	s	n
1	180	8	8	25	s	n
1	180	8	9	26	s	n
1	180	8	10	30	s	n
1	180	8	11	22	s	n
1	180	8	12	31	s	n
1	180	8	13	24	s	n
1	180	8	14	37	s	n
1	180	8	15	37	s	n
1	180	8	16	37	s	n
1	180	8	17	34	s	n
1	180	8	18	37	s	n
1	180	8	19	39	s	n
1	180	8	20	40	s	n
1	180	8	21	39	s	n
1	180	8	22	47	s	n
1	180	8	23	48	s	n
1	180	8	24	56	s	n
1	180	8	25	39	s	n
1	180	8	26	39	s	n
1	180	8	27	33	s	n
1	180	8	28	44	s	n
1	180	8	29	40	s	n
1	180	8	30	30	s	n
1	180	8	31	37	s	n
1	180	8	32	35	s	n
1	180	8	33	35	s	n
1	180	8	34	27	s	n
1	180	8	35	30	s	n
1	180	8	36	44	s	n
1	180	8	37	35	s	n
1	180	8	38	39	s	n
1	180	8	39	34	s	n
1	180	8	40	39	s	n
1	180	8	41	51	s	n
1	180	8	42	39	s	n
1	180	8	43	31	s	n
1	180	8	44	32	s	n
1	180	8	45	31	s	n
1	180	8	46	34	s	n
1	180	8	47	44	s	n
1	180	8	48	45	s	n
1	180	8	49	36	s	n
1	180	8	50	44	s	n
1	180	9	1	33	s	n
1	180	9	2	31	s	n
1	180	9	3	33	s	n
1	180	9	4	23	s	n
1	180	9	5	31	s	n
1	180	9	6	23	s	n
1	180	9	7	30	s	n
1	180	9	8	21	s	n
1	180	9	9	34	s	n
1	180	9	10	27	s	n
1	180	9	11	37	s	n
1	180	9	12	23	s	n
1	180	9	13	34	s	n
1	180	9	14	33	s	n
1	180	9	15	34	s	n
1	180	9	16	38	s	n
1	180	9	17	34	s	n
1	180	9	18	34	s	n
1	180	9	19	30	s	n
1	180	9	20	45	s	n
1	180	9	21	42	s	n
1	180	9	22	50	s	n
1	180	9	23	36	s	n
1	180	9	24	46	s	n
1	180	9	25	45	s	n
1	180	9	26	33	s	n
1	180	9	27	41	s	n
1	180	9	28	46	s	n
1	180	9	29	37	s	n
1	180	9	30	30	s	n
1	180	9	31	47	s	n
1	180	9	32	36	s	n
1	180	9	33	41	s	n
1	180	9	34	41	s	n
1	180	9	35	30	s	n
1	180	9	36	43	s	n
1	180	9	37	38	s	n
1	180	9	38	40	s	n
1	180	9	39	56	s	n
1	180	9	40	42	s	n
1	180	9	41	41	s	n
1	180	9	42	38	s	n
1	180	9	43	33	s	n
1	180	9	44	30	s	n
1	180	9	45	39	s	n
1	180	9	46	32	s	n
1	180	9	47	44	s	n
1	180	9	48	37	s	n
1	180	9	49	41	s	n
1	180	9	50	35	s	n
1	180	10	1	32	s	n
1	180	10	2	35	s	n
1	180	10	3	27	s	n
1	180	10	4	32	s	n
1	180	10	5	25	s	n
1	180	10	6	25	s	n
1	180	10	7	31	s	n
1	180	10	8	17	s	n
1	180	10	9	18	s	n
1	180	10	10	37	s	n
1	180	10	11	31	s	n
1	180	10	12	26	s	n
1	180	10	13	28	s	n
1	180	10	14	24	s	n
1	180	10	15	26	s	n
1	180	10	16	27	s	n
1	180	10	17	32	s	n
1	180	10	18	39	s	n
1	180	10	19	30	s	n
1	180	10	20	40	s	n
1	180	10	21	42	s	n
1	180	10	22	41	s	n
1	180	10	23	31	s	n
1	180	10	24	50	s	n
1	180	10	25	38	s	n
1	180	10	26	36	s	n
1	180	10	27	39	s	n
1	180	10	28	36	s	n
1	180	10	29	45	s	n
1	180	10	30	32	s	n
1	180	10	31	43	s	n
1	180	10	32	30	s	n
1	180	10	33	39	s	n
1	180	10	34	29	s	n
1	180	10	35	33	s	n
1	180	10	36	34	s	n
1	180	10	37	29	s	n
1	180	10	38	46	s	n
1	180	10	39	58	s	n
1	180	10	40	40	s	n
1	180	10	41	42	s	n
1	180	10	42	46	s	n
1	180	10	43	49	s	n
1	180	10	44	36	s	n
1	180	10	45	44	s	n
1	180	10	46	28	s	n
1	180	10	47	38	s	n
1	180	10	48	39	s	n
1	180	10	49	41	s	n
1	180	10	50	30	s	n
1	180	11	1	33	s	n
1	180	11	2	30	s	n
1	180	11	3	31	s	n
1	180	11	4	30	s	n
1	180	11	5	30	s	n
1	180	11	6	34	s	n
1	180	11	7	15	s	n
1	180	11	8	38	s	n
1	180	11	9	24	s	n
1	180	11	10	26	s	n
1	180	11	11	32	s	n
1	180	11	12	32	s	n
1	180	11	13	32	s	n
1	180	11	14	27	s	n
1	180	11	15	29	s	n
1	180	11	16	43	s	n
1	180	11	17	33	s	n
1	180	11	18	35	s	n
1	180	11	19	36	s	n
1	180	11	20	31	s	n
1	180	11	21	32	s	n
1	180	11	22	26	s	n
1	180	11	23	54	s	n
1	180	11	24	28	s	n
1	180	11	25	45	s	n
1	180	11	26	38	s	n
1	180	11	27	38	s	n
1	180	11	28	45	s	n
1	180	11	29	32	s	n
1	180	11	30	32	s	n
1	180	11	31	38	s	n
1	180	11	32	39	s	n
1	180	11	33	32	s	n
1	180	11	34	34	s	n
1	180	11	35	37	s	n
1	180	11	36	38	s	n
1	180	11	37	32	s	n
1	180	11	38	49	s	n
1	180	11	39	47	s	n
1	180	11	40	42	s	n
1	180	11	41	51	s	n
1	180	11	42	36	s	n
1	180	11	43	42	s	n
1	180	11	44	40	s	n
1	180	11	45	41	s	n
1	180	11	46	22	s	n
1	180	11	47	33	s	n
1	180	11	48	26	s	n
1	180	11	49	34	s	n
1	180	11	50	38	s	n
1	180	12	1	28	s	n
1	180	12	2	29	s	n
1	180	12	3	31	s	n
1	180	12	4	29	s	n
1	180	12	5	35	s	n
1	180	12	6	21	s	n
1	180	12	7	36	s	n
1	180	12	8	38	s	n
1	180	12	9	36	s	n
1	180	12	10	31	s	n
1	180	12	11	36	s	n
1	180	12	12	31	s	n
1	180	12	13	30	s	n
1	180	12	14	25	s	n
1	180	12	15	30	s	n
1	180	12	16	28	s	n
1	180	12	17	29	s	n
1	180	12	18	42	s	n
1	180	12	19	44	s	n
1	180	12	20	34	s	n
1	180	12	21	47	s	n
1	180	12	22	38	s	n
1	180	12	23	34	s	n
1	180	12	24	44	s	n
1	180	12	25	39	s	n
1	180	12	26	32	s	n
1	180	12	27	45	s	n
1	180	12	28	32	s	n
1	180	12	29	32	s	n
1	180	12	30	36	s	n
1	180	12	31	34	s	n
1	180	12	32	24	s	n
1	180	12	33	30	s	n
1	180	12	34	28	s	n
1	180	12	35	31	s	n
1	180	12	36	44	s	n
1	180	12	37	42	s	n
1	180	12	38	45	s	n
1	180	12	39	32	s	n
1	180	12	40	37	s	n
1	180	12	41	51	s	n
1	180	12	42	46	s	n
1	180	12	43	32	s	n
1	180	12	44	49	s	n
1	180	12	45	39	s	n
1	180	12	46	22	s	n
1	180	12	47	36	s	n
1	180	12	48	36	s	n
1	180	12	49	46	s	n
1	180	12	50	34	s	n
1	180	13	1	21	s	n
1	180	13	2	30	s	n
1	180	13	3	34	s	n
1	180	13	4	37	s	n
1	180	13	5	39	s	n
1	180	13	6	33	s	n
1	180	13	7	30	s	n
1	180	13	8	37	s	n
1	180	13	9	40	s	n
1	180	13	10	37	s	n
1	180	13	11	26	s	n
1	180	13	12	28	s	n
1	180	13	13	30	s	n
1	180	13	14	25	s	n
1	180	13	15	29	s	n
1	180	13	16	29	s	n
1	180	13	17	27	s	n
1	180	13	18	36	s	n
1	180	13	19	37	s	n
1	180	13	20	47	s	n
1	180	13	21	42	s	n
1	180	13	22	41	s	n
1	180	13	23	36	s	n
1	180	13	24	39	s	n
1	180	13	25	41	s	n
1	180	13	26	47	s	n
1	180	13	27	38	s	n
1	180	13	28	43	s	n
1	180	13	29	43	s	n
1	180	13	30	39	s	n
1	180	13	31	38	s	n
1	180	13	32	28	s	n
1	180	13	33	34	s	n
1	180	13	34	25	s	n
1	180	13	35	42	s	n
1	180	13	36	38	s	n
1	180	13	37	40	s	n
1	180	13	38	36	s	n
1	180	13	39	38	s	n
1	180	13	40	43	s	n
1	180	13	41	42	s	n
1	180	13	42	35	s	n
1	180	13	43	35	s	n
1	180	13	44	54	s	n
1	180	13	45	27	s	n
1	180	13	46	36	s	n
1	180	13	47	39	s	n
1	180	13	48	39	s	n
1	180	13	49	47	s	n
1	180	13	50	32	s	n
1	180	14	1	27	s	n
1	180	14	2	30	s	n
1	180	14	3	28	s	n
1	180	14	4	29	s	n
1	180	14	5	33	s	n
1	180	14	6	41	s	n
1	180	14	7	34	s	n
1	180	14	8	31	s	n
1	180	14	9	26	s	n
1	180	14	10	37	s	n
1	180	14	11	26	s	n
1	180	14	12	26	s	n
1	180	14	13	35	s	n
1	180	14	14	23	s	n
1	180	14	15	31	s	n
1	180	14	16	28	s	n
1	180	14	17	23	s	n
1	180	14	18	26	s	n
1	180	14	19	24	s	n
1	180	14	20	23	s	n
1	180	14	21	35	s	n
1	180	14	22	30	s	n
1	180	14	23	39	s	n
1	180	14	24	32	s	n
1	180	14	25	44	s	n
1	180	14	26	49	s	n
1	180	14	27	47	s	n
1	180	14	28	48	s	n
1	180	14	29	36	s	n
1	180	14	30	34	s	n
1	180	14	31	38	s	n
1	180	14	32	39	s	n
1	180	14	33	37	s	n
1	180	14	34	36	s	n
1	180	14	35	24	s	n
1	180	14	36	41	s	n
1	180	14	37	43	s	n
1	180	14	38	36	s	n
1	180	14	39	40	s	n
1	180	14	40	39	s	n
1	180	14	41	33	s	n
1	180	14	42	27	s	n
1	180	14	43	39	s	n
1	180	14	44	36	s	n
1	180	14	45	30	s	n
1	180	14	46	43	s	n
1	180	14	47	44	s	n
1	180	14	48	34	s	n
1	180	14	49	43	s	n
1	180	14	50	40	s	n
1	180	15	1	29	s	n
1	180	15	2	32	s	n
1	180	15	3	40	s	n
1	180	15	4	43	s	n
1	180	15	5	36	s	n
1	180	15	6	25	s	n
1	180	15	7	39	s	n
1	180	15	8	42	s	n
1	180	15	9	40	s	n
1	180	15	10	34	s	n
1	180	15	11	32	s	n
1	180	15	12	26	s	n
1	180	15	13	32	s	n
1	180	15	14	28	s	n
1	180	15	15	27	s	n
1	180	15	16	21	s	n
1	180	15	17	22	s	n
1	180	15	18	41	s	n
1	180	15	19	27	s	n
1	180	15	20	34	s	n
1	180	15	21	22	s	n
1	180	15	22	35	s	n
1	180	15	23	31	s	n
1	180	15	24	26	s	n
1	180	15	25	33	s	n
1	180	15	26	51	s	n
1	180	15	27	36	s	n
1	180	15	28	44	s	n
1	180	15	29	42	s	n
1	180	15	30	51	s	n
1	180	15	31	38	s	n
1	180	15	32	50	s	n
1	180	15	33	44	s	n
1	180	15	34	40	s	n
1	180	15	35	31	s	n
1	180	15	36	29	s	n
1	180	15	37	37	s	n
1	180	15	38	34	s	n
1	180	15	39	27	s	n
1	180	15	40	27	s	n
1	180	15	41	39	s	n
1	180	15	42	42	s	n
1	180	15	43	38	s	n
1	180	15	44	34	s	n
1	180	15	45	26	s	n
1	180	15	46	34	s	n
1	180	15	47	42	s	n
1	180	15	48	41	s	n
1	180	15	49	41	s	n
1	180	15	50	49	s	n
1	180	16	1	38	s	n
1	180	16	2	35	s	n
1	180	16	3	36	s	n
1	180	16	4	34	s	n
1	180	16	5	26	s	n
1	180	16	6	39	s	n
1	180	16	7	40	s	n
1	180	16	8	33	s	n
1	180	16	9	37	s	n
1	180	16	10	39	s	n
1	180	16	11	32	s	n
1	180	16	12	28	s	n
1	180	16	13	19	s	n
1	180	16	14	25	s	n
1	180	16	15	31	s	n
1	180	16	16	34	s	n
1	180	16	17	30	s	n
1	180	16	18	24	s	n
1	180	16	19	39	s	n
1	180	16	20	33	s	n
1	180	16	21	35	s	n
1	180	16	22	36	s	n
1	180	16	23	39	s	n
1	180	16	24	47	s	n
1	180	16	25	30	s	n
1	180	16	26	44	s	n
1	180	16	27	44	s	n
1	180	16	28	48	s	n
1	180	16	29	40	s	n
1	180	16	30	44	s	n
1	180	16	31	34	s	n
1	180	16	32	46	s	n
1	180	16	33	46	s	n
1	180	16	34	33	s	n
1	180	16	35	39	s	n
1	180	16	36	37	s	n
1	180	16	37	32	s	n
1	180	16	38	40	s	n
1	180	16	39	39	s	n
1	180	16	40	37	s	n
1	180	16	41	25	s	n
1	180	16	42	42	s	n
1	180	16	43	36	s	n
1	180	16	44	36	s	n
1	180	16	45	47	s	n
1	180	16	46	52	s	n
1	180	16	47	30	s	n
1	180	16	48	46	s	n
1	180	16	49	39	s	n
1	180	16	50	36	s	n
1	180	17	1	36	s	n
1	180	17	2	41	s	n
1	180	17	3	43	s	n
1	180	17	4	30	s	n
1	180	17	5	28	s	n
1	180	17	6	34	s	n
1	180	17	7	32	s	n
1	180	17	8	25	s	n
1	180	17	9	33	s	n
1	180	17	10	26	s	n
1	180	17	11	27	s	n
1	180	17	12	30	s	n
1	180	17	13	33	s	n
1	180	17	14	30	s	n
1	180	17	15	26	s	n
1	180	17	16	34	s	n
1	180	17	17	36	s	n
1	180	17	18	23	s	n
1	180	17	19	31	s	n
1	180	17	20	31	s	n
1	180	17	21	30	s	n
1	180	17	22	22	s	n
1	180	17	23	35	s	n
1	180	17	24	36	s	n
1	180	17	25	42	s	n
1	180	17	26	51	s	n
1	180	17	27	55	s	n
1	180	17	28	44	s	n
1	180	17	29	38	s	n
1	180	17	30	37	s	n
1	180	17	31	37	s	n
1	180	17	32	38	s	n
1	180	17	33	39	s	n
1	180	17	34	51	s	n
1	180	17	35	41	s	n
1	180	17	36	32	s	n
1	180	17	37	33	s	n
1	180	17	38	28	s	n
1	180	17	39	34	s	n
1	180	17	40	39	s	n
1	180	17	41	36	s	n
1	180	17	42	40	s	n
1	180	17	43	28	s	n
1	180	17	44	39	s	n
1	180	17	45	43	s	n
1	180	17	46	32	s	n
1	180	17	47	37	s	n
1	180	17	48	49	s	n
1	180	17	49	38	s	n
1	180	17	50	40	s	n
1	180	18	1	27	s	n
1	180	18	2	27	s	n
1	180	18	3	22	s	n
1	180	18	4	33	s	n
1	180	18	5	26	s	n
1	180	18	6	37	s	n
1	180	18	7	38	s	n
1	180	18	8	30	s	n
1	180	18	9	26	s	n
1	180	18	10	32	s	n
1	180	18	11	27	s	n
1	180	18	12	32	s	n
1	180	18	13	24	s	n
1	180	18	14	25	s	n
1	180	18	15	28	s	n
1	180	18	16	30	s	n
1	180	18	17	20	s	n
1	180	18	18	33	s	n
1	180	18	19	32	s	n
1	180	18	20	31	s	n
1	180	18	21	31	s	n
1	180	18	22	33	s	n
1	180	18	23	30	s	n
1	180	18	24	46	s	n
1	180	18	25	33	s	n
1	180	18	26	47	s	n
1	180	18	27	42	s	n
1	180	18	28	46	s	n
1	180	18	29	47	s	n
1	180	18	30	38	s	n
1	180	18	31	34	s	n
1	180	18	32	34	s	n
1	180	18	33	49	s	n
1	180	18	34	36	s	n
1	180	18	35	28	s	n
1	180	18	36	37	s	n
1	180	18	37	34	s	n
1	180	18	38	21	s	n
1	180	18	39	33	s	n
1	180	18	40	41	s	n
1	180	18	41	48	s	n
1	180	18	42	43	s	n
1	180	18	43	41	s	n
1	180	18	44	40	s	n
1	180	18	45	48	s	n
1	180	18	46	40	s	n
1	180	18	47	38	s	n
1	180	18	48	40	s	n
1	180	18	49	45	s	n
1	180	18	50	49	s	n
1	180	19	1	28	s	n
1	180	19	2	27	s	n
1	180	19	3	26	s	n
1	180	19	4	42	s	n
1	180	19	5	25	s	n
1	180	19	6	40	s	n
1	180	19	7	24	s	n
1	180	19	8	38	s	n
1	180	19	9	24	s	n
1	180	19	10	24	s	n
1	180	19	11	28	s	n
1	180	19	12	36	s	n
1	180	19	13	32	s	n
1	180	19	14	27	s	n
1	180	19	15	29	s	n
1	180	19	16	17	s	n
1	180	19	17	27	s	n
1	180	19	18	28	s	n
1	180	19	19	28	s	n
1	180	19	20	23	s	n
1	180	19	21	30	s	n
1	180	19	22	38	s	n
1	180	19	23	41	s	n
1	180	19	24	40	s	n
1	180	19	25	40	s	n
1	180	19	26	52	s	n
1	180	19	27	47	s	n
1	180	19	28	44	s	n
1	180	19	29	55	s	n
1	180	19	30	50	s	n
1	180	19	31	47	s	n
1	180	19	32	42	s	n
1	180	19	33	35	s	n
1	180	19	34	44	s	n
1	180	19	35	37	s	n
1	180	19	36	37	s	n
1	180	19	37	24	s	n
1	180	19	38	35	s	n
1	180	19	39	34	s	n
1	180	19	40	33	s	n
1	180	19	41	36	s	n
1	180	19	42	37	s	n
1	180	19	43	34	s	n
1	180	19	44	34	s	n
1	180	19	45	42	s	n
1	180	19	46	54	s	n
1	180	19	47	46	s	n
1	180	19	48	43	s	n
1	180	19	49	39	s	n
1	180	19	50	45	s	n
1	180	20	1	25	s	n
1	180	20	2	24	s	n
1	180	20	3	32	s	n
1	180	20	4	35	s	n
1	180	20	5	26	s	n
1	180	20	6	28	s	n
1	180	20	7	35	s	n
1	180	20	8	34	s	n
1	180	20	9	25	s	n
1	180	20	10	34	s	n
1	180	20	11	29	s	n
1	180	20	12	23	s	n
1	180	20	13	22	s	n
1	180	20	14	30	s	n
1	180	20	15	30	s	n
1	180	20	16	23	s	n
1	180	20	17	23	s	n
1	180	20	18	31	s	n
1	180	20	19	30	s	n
1	180	20	20	30	s	n
1	180	20	21	25	s	n
1	180	20	22	33	s	n
1	180	20	23	40	s	n
1	180	20	24	43	s	n
1	180	20	25	46	s	n
1	180	20	26	35	s	n
1	180	20	27	41	s	n
1	180	20	28	43	s	n
1	180	20	29	48	s	n
1	180	20	30	42	s	n
1	180	20	31	48	s	n
1	180	20	32	39	s	n
1	180	20	33	38	s	n
1	180	20	34	37	s	n
1	180	20	35	39	s	n
1	180	20	36	24	s	n
1	180	20	37	34	s	n
1	180	20	38	30	s	n
1	180	20	39	31	s	n
1	180	20	40	36	s	n
1	180	20	41	40	s	n
1	180	20	42	44	s	n
1	180	20	43	35	s	n
1	180	20	44	45	s	n
1	180	20	45	48	s	n
1	180	20	46	35	s	n
1	180	20	47	40	s	n
1	180	20	48	45	s	n
1	180	20	49	43	s	n
1	180	20	50	50	s	n
1	190	1	1	39	s	n
1	190	1	2	33	s	n
1	190	1	3	31	s	n
1	190	1	4	40	s	n
1	190	1	5	40	s	n
1	190	1	6	33	s	n
1	190	1	7	34	s	n
1	190	1	8	35	s	n
1	190	1	9	34	s	n
1	190	1	10	40	s	n
1	190	1	11	29	s	n
1	190	1	12	36	s	n
1	190	1	13	34	s	n
1	190	1	14	35	s	n
1	190	1	15	44	s	n
1	190	1	16	40	s	n
1	190	1	17	33	s	n
1	190	1	18	39	s	n
1	190	1	19	36	s	n
1	190	1	20	40	s	n
1	190	1	21	42	s	n
1	190	1	22	37	s	n
1	190	1	23	47	s	n
1	190	1	24	39	s	n
1	190	1	25	39	s	n
1	190	1	26	37	s	n
1	190	1	27	39	s	n
1	190	1	28	46	s	n
1	190	1	29	38	s	n
1	190	1	30	37	s	n
1	190	1	31	31	s	n
1	190	1	32	40	s	n
1	190	1	33	50	s	n
1	190	1	34	40	s	n
1	190	1	35	44	s	n
1	190	1	36	33	s	n
1	190	1	37	34	s	n
1	190	1	38	35	s	n
1	190	1	39	40	s	n
1	190	1	40	35	s	n
1	190	1	41	32	s	n
1	190	1	42	30	s	n
1	190	1	43	42	s	n
1	190	1	44	33	s	n
1	190	1	45	46	s	n
1	190	1	46	33	s	n
1	190	1	47	32	s	n
1	190	1	48	35	s	n
1	190	1	49	30	s	n
1	190	1	50	42	s	n
1	190	2	1	32	s	n
1	190	2	2	35	s	n
1	190	2	3	37	s	n
1	190	2	4	30	s	n
1	190	2	5	30	s	n
1	190	2	6	37	s	n
1	190	2	7	33	s	n
1	190	2	8	34	s	n
1	190	2	9	26	s	n
1	190	2	10	21	s	n
1	190	2	11	33	s	n
1	190	2	12	37	s	n
1	190	2	13	31	s	n
1	190	2	14	40	s	n
1	190	2	15	37	s	n
1	190	2	16	41	s	n
1	190	2	17	36	s	n
1	190	2	18	37	s	n
1	190	2	19	42	s	n
1	190	2	20	42	s	n
1	190	2	21	39	s	n
1	190	2	22	41	s	n
1	190	2	23	45	s	n
1	190	2	24	39	s	n
1	190	2	25	45	s	n
1	190	2	26	51	s	n
1	190	2	27	40	s	n
1	190	2	28	42	s	n
1	190	2	29	29	s	n
1	190	2	30	35	s	n
1	190	2	31	38	s	n
1	190	2	32	45	s	n
1	190	2	33	38	s	n
1	190	2	34	39	s	n
1	190	2	35	35	s	n
1	190	2	36	40	s	n
1	190	2	37	28	s	n
1	190	2	38	35	s	n
1	190	2	39	27	s	n
1	190	2	40	30	s	n
1	190	2	41	36	s	n
1	190	2	42	37	s	n
1	190	2	43	29	s	n
1	190	2	44	35	s	n
1	190	2	45	38	s	n
1	190	2	46	30	s	n
1	190	2	47	24	s	n
1	190	2	48	25	s	n
1	190	2	49	36	s	n
1	190	2	50	46	s	n
1	190	3	1	34	s	n
1	190	3	2	33	s	n
1	190	3	3	26	s	n
1	190	3	4	32	s	n
1	190	3	5	33	s	n
1	190	3	6	39	s	n
1	190	3	7	42	s	n
1	190	3	8	32	s	n
1	190	3	9	39	s	n
1	190	3	10	25	s	n
1	190	3	11	37	s	n
1	190	3	12	31	s	n
1	190	3	13	32	s	n
1	190	3	14	37	s	n
1	190	3	15	36	s	n
1	190	3	16	43	s	n
1	190	3	17	42	s	n
1	190	3	18	43	s	n
1	190	3	19	35	s	n
1	190	3	20	43	s	n
1	190	3	21	40	s	n
1	190	3	22	30	s	n
1	190	3	23	39	s	n
1	190	3	24	32	s	n
1	190	3	25	42	s	n
1	190	3	26	43	s	n
1	190	3	27	39	s	n
1	190	3	28	47	s	n
1	190	3	29	40	s	n
1	190	3	30	43	s	n
1	190	3	31	32	s	n
1	190	3	32	42	s	n
1	190	3	33	39	s	n
1	190	3	34	40	s	n
1	190	3	35	40	s	n
1	190	3	36	29	s	n
1	190	3	37	30	s	n
1	190	3	38	31	s	n
1	190	3	39	36	s	n
1	190	3	40	43	s	n
1	190	3	41	36	s	n
1	190	3	42	34	s	n
1	190	3	43	30	s	n
1	190	3	44	32	s	n
1	190	3	45	32	s	n
1	190	3	46	31	s	n
1	190	3	47	28	s	n
1	190	3	48	34	s	n
1	190	3	49	23	s	n
1	190	3	50	45	s	n
1	190	4	1	32	s	n
1	190	4	2	25	s	n
1	190	4	3	29	s	n
1	190	4	4	35	s	n
1	190	4	5	33	s	n
1	190	4	6	36	s	n
1	190	4	7	44	s	n
1	190	4	8	34	s	n
1	190	4	9	34	s	n
1	190	4	10	28	s	n
1	190	4	11	34	s	n
1	190	4	12	24	s	n
1	190	4	13	32	s	n
1	190	4	14	45	s	n
1	190	4	15	44	s	n
1	190	4	16	38	s	n
1	190	4	17	39	s	n
1	190	4	18	45	s	n
1	190	4	19	38	s	n
1	190	4	20	30	s	n
1	190	4	21	60	s	n
1	190	4	22	39	s	n
1	190	4	23	45	s	n
1	190	4	24	28	s	n
1	190	4	25	39	s	n
1	190	4	26	39	s	n
1	190	4	27	35	s	n
1	190	4	28	33	s	n
1	190	4	29	42	s	n
1	190	4	30	45	s	n
1	190	4	31	40	s	n
1	190	4	32	31	s	n
1	190	4	33	37	s	n
1	190	4	34	24	s	n
1	190	4	35	29	s	n
1	190	4	36	23	s	n
1	190	4	37	31	s	n
1	190	4	38	28	s	n
1	190	4	39	21	s	n
1	190	4	40	41	s	n
1	190	4	41	39	s	n
1	190	4	42	23	s	n
1	190	4	43	32	s	n
1	190	4	44	33	s	n
1	190	4	45	32	s	n
1	190	4	46	40	s	n
1	190	4	47	30	s	n
1	190	4	48	27	s	n
1	190	4	49	34	s	n
1	190	4	50	44	s	n
1	190	5	1	29	s	n
1	190	5	2	23	s	n
1	190	5	3	31	s	n
1	190	5	4	24	s	n
1	190	5	5	31	s	n
1	190	5	6	25	s	n
1	190	5	7	29	s	n
1	190	5	8	19	s	n
1	190	5	9	38	s	n
1	190	5	10	24	s	n
1	190	5	11	36	s	n
1	190	5	12	33	s	n
1	190	5	13	34	s	n
1	190	5	14	42	s	n
1	190	5	15	26	s	n
1	190	5	16	40	s	n
1	190	5	17	46	s	n
1	190	5	18	34	s	n
1	190	5	19	34	s	n
1	190	5	20	37	s	n
1	190	5	21	34	s	n
1	190	5	22	32	s	n
1	190	5	23	45	s	n
1	190	5	24	39	s	n
1	190	5	25	37	s	n
1	190	5	26	54	s	n
1	190	5	27	51	s	n
1	190	5	28	36	s	n
1	190	5	29	51	s	n
1	190	5	30	40	s	n
1	190	5	31	45	s	n
1	190	5	32	32	s	n
1	190	5	33	31	s	n
1	190	5	34	33	s	n
1	190	5	35	27	s	n
1	190	5	36	25	s	n
1	190	5	37	32	s	n
1	190	5	38	42	s	n
1	190	5	39	27	s	n
1	190	5	40	34	s	n
1	190	5	41	30	s	n
1	190	5	42	24	s	n
1	190	5	43	42	s	n
1	190	5	44	38	s	n
1	190	5	45	24	s	n
1	190	5	46	31	s	n
1	190	5	47	31	s	n
1	190	5	48	35	s	n
1	190	5	49	45	s	n
1	190	5	50	44	s	n
1	190	6	1	32	s	n
1	190	6	2	33	s	n
1	190	6	3	28	s	n
1	190	6	4	19	s	n
1	190	6	5	27	s	n
1	190	6	6	34	s	n
1	190	6	7	36	s	n
1	190	6	8	39	s	n
1	190	6	9	26	s	n
1	190	6	10	31	s	n
1	190	6	11	32	s	n
1	190	6	12	30	s	n
1	190	6	13	36	s	n
1	190	6	14	30	s	n
1	190	6	15	41	s	n
1	190	6	16	48	s	n
1	190	6	17	42	s	n
1	190	6	18	37	s	n
1	190	6	19	31	s	n
1	190	6	20	39	s	n
1	190	6	21	43	s	n
1	190	6	22	40	s	n
1	190	6	23	40	s	n
1	190	6	24	38	s	n
1	190	6	25	41	s	n
1	190	6	26	36	s	n
1	190	6	27	43	s	n
1	190	6	28	39	s	n
1	190	6	29	35	s	n
1	190	6	30	34	s	n
1	190	6	31	34	s	n
1	190	6	32	43	s	n
1	190	6	33	30	s	n
1	190	6	34	36	s	n
1	190	6	35	29	s	n
1	190	6	36	22	s	n
1	190	6	37	35	s	n
1	190	6	38	33	s	n
1	190	6	39	27	s	n
1	190	6	40	50	s	n
1	190	6	41	37	s	n
1	190	6	42	33	s	n
1	190	6	43	36	s	n
1	190	6	44	39	s	n
1	190	6	45	34	s	n
1	190	6	46	39	s	n
1	190	6	47	34	s	n
1	190	6	48	36	s	n
1	190	6	49	38	s	n
1	190	6	50	44	s	n
1	190	7	1	30	s	n
1	190	7	2	23	s	n
1	190	7	3	25	s	n
1	190	7	4	26	s	n
1	190	7	5	31	s	n
1	190	7	6	20	s	n
1	190	7	7	36	s	n
1	190	7	8	30	s	n
1	190	7	9	32	s	n
1	190	7	10	26	s	n
1	190	7	11	22	s	n
1	190	7	12	34	s	n
1	190	7	13	26	s	n
1	190	7	14	28	s	n
1	190	7	15	35	s	n
1	190	7	16	37	s	n
1	190	7	17	46	s	n
1	190	7	18	46	s	n
1	190	7	19	40	s	n
1	190	7	20	28	s	n
1	190	7	21	32	s	n
1	190	7	22	38	s	n
1	190	7	23	39	s	n
1	190	7	24	49	s	n
1	190	7	25	52	s	n
1	190	7	26	41	s	n
1	190	7	27	49	s	n
1	190	7	28	26	s	n
1	190	7	29	31	s	n
1	190	7	30	25	s	n
1	190	7	31	45	s	n
1	190	7	32	29	s	n
1	190	7	33	32	s	n
1	190	7	34	22	s	n
1	190	7	35	28	s	n
1	190	7	36	22	s	n
1	190	7	37	27	s	n
1	190	7	38	31	s	n
1	190	7	39	32	s	n
1	190	7	40	54	s	n
1	190	7	41	36	s	n
1	190	7	42	46	s	n
1	190	7	43	57	s	n
1	190	7	44	47	s	n
1	190	7	45	31	s	n
1	190	7	46	44	s	n
1	190	7	47	38	s	n
1	190	7	48	44	s	n
1	190	7	49	47	s	n
1	190	7	50	42	s	n
1	190	8	1	24	s	n
1	190	8	2	31	s	n
1	190	8	3	22	s	n
1	190	8	4	28	s	n
1	190	8	5	38	s	n
1	190	8	6	30	s	n
1	190	8	7	26	s	n
1	190	8	8	29	s	n
1	190	8	9	25	s	n
1	190	8	10	26	s	n
1	190	8	11	23	s	n
1	190	8	12	40	s	n
1	190	8	13	36	s	n
1	190	8	14	32	s	n
1	190	8	15	29	s	n
1	190	8	16	38	s	n
1	190	8	17	40	s	n
1	190	8	18	48	s	n
1	190	8	19	26	s	n
1	190	8	20	34	s	n
1	190	8	21	34	s	n
1	190	8	22	47	s	n
1	190	8	23	43	s	n
1	190	8	24	42	s	n
1	190	8	25	39	s	n
1	190	8	26	43	s	n
1	190	8	27	43	s	n
1	190	8	28	32	s	n
1	190	8	29	44	s	n
1	190	8	30	51	s	n
1	190	8	31	43	s	n
1	190	8	32	43	s	n
1	190	8	33	32	s	n
1	190	8	34	19	s	n
1	190	8	35	30	s	n
1	190	8	36	33	s	n
1	190	8	37	41	s	n
1	190	8	38	34	s	n
1	190	8	39	35	s	n
1	190	8	40	36	s	n
1	190	8	41	48	s	n
1	190	8	42	44	s	n
1	190	8	43	28	s	n
1	190	8	44	47	s	n
1	190	8	45	28	s	n
1	190	8	46	34	s	n
1	190	8	47	36	s	n
1	190	8	48	37	s	n
1	190	8	49	40	s	n
1	190	8	50	37	s	n
1	190	9	1	30	s	n
1	190	9	2	29	s	n
1	190	9	3	22	s	n
1	190	9	4	37	s	n
1	190	9	5	28	s	n
1	190	9	6	34	s	n
1	190	9	7	27	s	n
1	190	9	8	31	s	n
1	190	9	9	32	s	n
1	190	9	10	34	s	n
1	190	9	11	35	s	n
1	190	9	12	25	s	n
1	190	9	13	33	s	n
1	190	9	14	25	s	n
1	190	9	15	25	s	n
1	190	9	16	39	s	n
1	190	9	17	42	s	n
1	190	9	18	38	s	n
1	190	9	19	32	s	n
1	190	9	20	30	s	n
1	190	9	21	25	s	n
1	190	9	22	46	s	n
1	190	9	23	42	s	n
1	190	9	24	40	s	n
1	190	9	25	39	s	n
1	190	9	26	43	s	n
1	190	9	27	49	s	n
1	190	9	28	39	s	n
1	190	9	29	45	s	n
1	190	9	30	45	s	n
1	190	9	31	47	s	n
1	190	9	32	37	s	n
1	190	9	33	25	s	n
1	190	9	34	41	s	n
1	190	9	35	40	s	n
1	190	9	36	40	s	n
1	190	9	37	49	s	n
1	190	9	38	48	s	n
1	190	9	39	49	s	n
1	190	9	40	46	s	n
1	190	9	41	43	s	n
1	190	9	42	42	s	n
1	190	9	43	54	s	n
1	190	9	44	21	s	n
1	190	9	45	34	s	n
1	190	9	46	40	s	n
1	190	9	47	31	s	n
1	190	9	48	45	s	n
1	190	9	49	37	s	n
1	190	9	50	60	s	n
1	190	10	1	29	s	n
1	190	10	2	35	s	n
1	190	10	3	34	s	n
1	190	10	4	36	s	n
1	190	10	5	28	s	n
1	190	10	6	36	s	n
1	190	10	7	30	s	n
1	190	10	8	37	s	n
1	190	10	9	28	s	n
1	190	10	10	37	s	n
1	190	10	11	31	s	n
1	190	10	12	25	s	n
1	190	10	13	26	s	n
1	190	10	14	26	s	n
1	190	10	15	26	s	n
1	190	10	16	38	s	n
1	190	10	17	30	s	n
1	190	10	18	24	s	n
1	190	10	19	23	s	n
1	190	10	20	26	s	n
1	190	10	21	38	s	n
1	190	10	22	29	s	n
1	190	10	23	29	s	n
1	190	10	24	33	s	n
1	190	10	25	45	s	n
1	190	10	26	42	s	n
1	190	10	27	31	s	n
1	190	10	28	44	s	n
1	190	10	29	47	s	n
1	190	10	30	34	s	n
1	190	10	31	43	s	n
1	190	10	32	37	s	n
1	190	10	33	23	s	n
1	190	10	34	35	s	n
1	190	10	35	25	s	n
1	190	10	36	29	s	n
1	190	10	37	32	s	n
1	190	10	38	50	s	n
1	190	10	39	52	s	n
1	190	10	40	49	s	n
1	190	10	41	53	s	n
1	190	10	42	58	s	n
1	190	10	43	34	s	n
1	190	10	44	23	s	n
1	190	10	45	38	s	n
1	190	10	46	46	s	n
1	190	10	47	34	s	n
1	190	10	48	41	s	n
1	190	10	49	42	s	n
1	190	10	50	45	s	n
1	190	11	1	34	s	n
1	190	11	2	34	s	n
1	190	11	3	29	s	n
1	190	11	4	31	s	n
1	190	11	5	36	s	n
1	190	11	6	40	s	n
1	190	11	7	41	s	n
1	190	11	8	31	s	n
1	190	11	9	31	s	n
1	190	11	10	39	s	n
1	190	11	11	32	s	n
1	190	11	12	30	s	n
1	190	11	13	31	s	n
1	190	11	14	33	s	n
1	190	11	15	32	s	n
1	190	11	16	28	s	n
1	190	11	17	27	s	n
1	190	11	18	25	s	n
1	190	11	19	32	s	n
1	190	11	20	37	s	n
1	190	11	21	26	s	n
1	190	11	22	41	s	n
1	190	11	23	39	s	n
1	190	11	24	33	s	n
1	190	11	25	42	s	n
1	190	11	26	53	s	n
1	190	11	27	38	s	n
1	190	11	28	38	s	n
1	190	11	29	28	s	n
1	190	11	30	27	s	n
1	190	11	31	30	s	n
1	190	11	32	36	s	n
1	190	11	33	24	s	n
1	190	11	34	19	s	n
1	190	11	35	31	s	n
1	190	11	36	40	s	n
1	190	11	37	42	s	n
1	190	11	38	47	s	n
1	190	11	39	47	s	n
1	190	11	40	43	s	n
1	190	11	41	32	s	n
1	190	11	42	40	s	n
1	190	11	43	33	s	n
1	190	11	44	34	s	n
1	190	11	45	42	s	n
1	190	11	46	33	s	n
1	190	11	47	39	s	n
1	190	11	48	45	s	n
1	190	11	49	37	s	n
1	190	11	50	41	s	n
1	190	12	1	30	s	n
1	190	12	2	35	s	n
1	190	12	3	37	s	n
1	190	12	4	34	s	n
1	190	12	5	38	s	n
1	190	12	6	34	s	n
1	190	12	7	26	s	n
1	190	12	8	36	s	n
1	190	12	9	34	s	n
1	190	12	10	29	s	n
1	190	12	11	30	s	n
1	190	12	12	37	s	n
1	190	12	13	25	s	n
1	190	12	14	34	s	n
1	190	12	15	31	s	n
1	190	12	16	34	s	n
1	190	12	17	28	s	n
1	190	12	18	38	s	n
1	190	12	19	40	s	n
1	190	12	20	32	s	n
1	190	12	21	32	s	n
1	190	12	22	37	s	n
1	190	12	23	39	s	n
1	190	12	24	35	s	n
1	190	12	25	36	s	n
1	190	12	26	31	s	n
1	190	12	27	38	s	n
1	190	12	28	39	s	n
1	190	12	29	35	s	n
1	190	12	30	34	s	n
1	190	12	31	30	s	n
1	190	12	32	32	s	n
1	190	12	33	35	s	n
1	190	12	34	34	s	n
1	190	12	35	25	s	n
1	190	12	36	35	s	n
1	190	12	37	30	s	n
1	190	12	38	31	s	n
1	190	12	39	42	s	n
1	190	12	40	33	s	n
1	190	12	41	39	s	n
1	190	12	42	33	s	n
1	190	12	43	30	s	n
1	190	12	44	38	s	n
1	190	12	45	46	s	n
1	190	12	46	37	s	n
1	190	12	47	35	s	n
1	190	12	48	30	s	n
1	190	12	49	31	s	n
1	190	12	50	38	s	n
1	190	13	1	33	s	n
1	190	13	2	31	s	n
1	190	13	3	32	s	n
1	190	13	4	37	s	n
1	190	13	5	35	s	n
1	190	13	6	37	s	n
1	190	13	7	33	s	n
1	190	13	8	28	s	n
1	190	13	9	28	s	n
1	190	13	10	32	s	n
1	190	13	11	32	s	n
1	190	13	12	29	s	n
1	190	13	13	34	s	n
1	190	13	14	21	s	n
1	190	13	15	33	s	n
1	190	13	16	32	s	n
1	190	13	17	34	s	n
1	190	13	18	33	s	n
1	190	13	19	40	s	n
1	190	13	20	27	s	n
1	190	13	21	55	s	n
1	190	13	22	34	s	n
1	190	13	23	38	s	n
1	190	13	24	34	s	n
1	190	13	25	44	s	n
1	190	13	26	40	s	n
1	190	13	27	35	s	n
1	190	13	28	44	s	n
1	190	13	29	35	s	n
1	190	13	30	36	s	n
1	190	13	31	32	s	n
1	190	13	32	30	s	n
1	190	13	33	27	s	n
1	190	13	34	38	s	n
1	190	13	35	37	s	n
1	190	13	36	41	s	n
1	190	13	37	39	s	n
1	190	13	38	42	s	n
1	190	13	39	32	s	n
1	190	13	40	35	s	n
1	190	13	41	40	s	n
1	190	13	42	47	s	n
1	190	13	43	31	s	n
1	190	13	44	48	s	n
1	190	13	45	34	s	n
1	190	13	46	34	s	n
1	190	13	47	40	s	n
1	190	13	48	40	s	n
1	190	13	49	44	s	n
1	190	13	50	38	s	n
1	190	14	1	38	s	n
1	190	14	2	30	s	n
1	190	14	3	28	s	n
1	190	14	4	36	s	n
1	190	14	5	29	s	n
1	190	14	6	38	s	n
1	190	14	7	38	s	n
1	190	14	8	32	s	n
1	190	14	9	31	s	n
1	190	14	10	28	s	n
1	190	14	11	38	s	n
1	190	14	12	36	s	n
1	190	14	13	30	s	n
1	190	14	14	37	s	n
1	190	14	15	26	s	n
1	190	14	16	37	s	n
1	190	14	17	34	s	n
1	190	14	18	37	s	n
1	190	14	19	38	s	n
1	190	14	20	34	s	n
1	190	14	21	52	s	n
1	190	14	22	42	s	n
1	190	14	23	41	s	n
1	190	14	24	18	s	n
1	190	14	25	37	s	n
1	190	14	26	47	s	n
1	190	14	27	38	s	n
1	190	14	28	35	s	n
1	190	14	29	40	s	n
1	190	14	30	39	s	n
1	190	14	31	39	s	n
1	190	14	32	35	s	n
1	190	14	33	39	s	n
1	190	14	34	39	s	n
1	190	14	35	38	s	n
1	190	14	36	45	s	n
1	190	14	37	38	s	n
1	190	14	38	42	s	n
1	190	14	39	35	s	n
1	190	14	40	40	s	n
1	190	14	41	38	s	n
1	190	14	42	36	s	n
1	190	14	43	35	s	n
1	190	14	44	37	s	n
1	190	14	45	37	s	n
1	190	14	46	31	s	n
1	190	14	47	29	s	n
1	190	14	48	36	s	n
1	190	14	49	36	s	n
1	190	14	50	42	s	n
1	190	15	1	34	s	n
1	190	15	2	46	s	n
1	190	15	3	30	s	n
1	190	15	4	39	s	n
1	190	15	5	30	s	n
1	190	15	6	37	s	n
1	190	15	7	42	s	n
1	190	15	8	23	s	n
1	190	15	9	26	s	n
1	190	15	10	35	s	n
1	190	15	11	33	s	n
1	190	15	12	34	s	n
1	190	15	13	37	s	n
1	190	15	14	36	s	n
1	190	15	15	31	s	n
1	190	15	16	32	s	n
1	190	15	17	31	s	n
1	190	15	18	34	s	n
1	190	15	19	32	s	n
1	190	15	20	31	s	n
1	190	15	21	51	s	n
1	190	15	22	39	s	n
1	190	15	23	27	s	n
1	190	15	24	31	s	n
1	190	15	25	34	s	n
1	190	15	26	30	s	n
1	190	15	27	37	s	n
1	190	15	28	44	s	n
1	190	15	29	44	s	n
1	190	15	30	38	s	n
1	190	15	31	40	s	n
1	190	15	32	47	s	n
1	190	15	33	48	s	n
1	190	15	34	37	s	n
1	190	15	35	40	s	n
1	190	15	36	37	s	n
1	190	15	37	33	s	n
1	190	15	38	34	s	n
1	190	15	39	35	s	n
1	190	15	40	36	s	n
1	190	15	41	37	s	n
1	190	15	42	37	s	n
1	190	15	43	27	s	n
1	190	15	44	35	s	n
1	190	15	45	38	s	n
1	190	15	46	44	s	n
1	190	15	47	36	s	n
1	190	15	48	30	s	n
1	190	15	49	32	s	n
1	190	15	50	45	s	n
1	190	16	1	30	s	n
1	190	16	2	31	s	n
1	190	16	3	36	s	n
1	190	16	4	22	s	n
1	190	16	5	39	s	n
1	190	16	6	37	s	n
1	190	16	7	31	s	n
1	190	16	8	35	s	n
1	190	16	9	32	s	n
1	190	16	10	31	s	n
1	190	16	11	32	s	n
1	190	16	12	26	s	n
1	190	16	13	32	s	n
1	190	16	14	33	s	n
1	190	16	15	32	s	n
1	190	16	16	32	s	n
1	190	16	17	33	s	n
1	190	16	18	38	s	n
1	190	16	19	45	s	n
1	190	16	20	40	s	n
1	190	16	21	29	s	n
1	190	16	22	28	s	n
1	190	16	23	24	s	n
1	190	16	24	32	s	n
1	190	16	25	38	s	n
1	190	16	26	25	s	n
1	190	16	27	37	s	n
1	190	16	28	41	s	n
1	190	16	29	45	s	n
1	190	16	30	49	s	n
1	190	16	31	36	s	n
1	190	16	32	47	s	n
1	190	16	33	38	s	n
1	190	16	34	36	s	n
1	190	16	35	46	s	n
1	190	16	36	31	s	n
1	190	16	37	39	s	n
1	190	16	38	33	s	n
1	190	16	39	36	s	n
1	190	16	40	21	s	n
1	190	16	41	26	s	n
1	190	16	42	25	s	n
1	190	16	43	27	s	n
1	190	16	44	35	s	n
1	190	16	45	32	s	n
1	190	16	46	32	s	n
1	190	16	47	34	s	n
1	190	16	48	43	s	n
1	190	16	49	39	s	n
1	190	16	50	39	s	n
1	190	17	1	26	s	n
1	190	17	2	28	s	n
1	190	17	3	25	s	n
1	190	17	4	26	s	n
1	190	17	5	24	s	n
1	190	17	6	30	s	n
1	190	17	7	22	s	n
1	190	17	8	27	s	n
1	190	17	9	30	s	n
1	190	17	10	23	s	n
1	190	17	11	26	s	n
1	190	17	12	27	s	n
1	190	17	13	26	s	n
1	190	17	14	28	s	n
1	190	17	15	25	s	n
1	190	17	16	28	s	n
1	190	17	17	40	s	n
1	190	17	18	33	s	n
1	190	17	19	29	s	n
1	190	17	20	25	s	n
1	190	17	21	27	s	n
1	190	17	22	45	s	n
1	190	17	23	23	s	n
1	190	17	24	33	s	n
1	190	17	25	31	s	n
1	190	17	26	33	s	n
1	190	17	27	39	s	n
1	190	17	28	42	s	n
1	190	17	29	35	s	n
1	190	17	30	46	s	n
1	190	17	31	43	s	n
1	190	17	32	57	s	n
1	190	17	33	42	s	n
1	190	17	34	46	s	n
1	190	17	35	40	s	n
1	190	17	36	39	s	n
1	190	17	37	41	s	n
1	190	17	38	31	s	n
1	190	17	39	28	s	n
1	190	17	40	19	s	n
1	190	17	41	31	s	n
1	190	17	42	31	s	n
1	190	17	43	31	s	n
1	190	17	44	48	s	n
1	190	17	45	43	s	n
1	190	17	46	28	s	n
1	190	17	47	36	s	n
1	190	17	48	33	s	n
1	190	17	49	42	s	n
1	190	17	50	41	s	n
1	190	18	1	33	s	n
1	190	18	2	26	s	n
1	190	18	3	37	s	n
1	190	18	4	38	s	n
1	190	18	5	26	s	n
1	190	18	6	24	s	n
1	190	18	7	33	s	n
1	190	18	8	28	s	n
1	190	18	9	33	s	n
1	190	18	10	26	s	n
1	190	18	11	30	s	n
1	190	18	12	27	s	n
1	190	18	13	35	s	n
1	190	18	14	24	s	n
1	190	18	15	25	s	n
1	190	18	16	26	s	n
1	190	18	17	31	s	n
1	190	18	18	22	s	n
1	190	18	19	22	s	n
1	190	18	20	19	s	n
1	190	18	21	38	s	n
1	190	18	22	30	s	n
1	190	18	23	31	s	n
1	190	18	24	33	s	n
1	190	18	25	38	s	n
1	190	18	26	33	s	n
1	190	18	27	41	s	n
1	190	18	28	36	s	n
1	190	18	29	48	s	n
1	190	18	30	60	s	n
1	190	18	31	38	s	n
1	190	18	32	37	s	n
1	190	18	33	47	s	n
1	190	18	34	26	s	n
1	190	18	35	39	s	n
1	190	18	36	29	s	n
1	190	18	37	27	s	n
1	190	18	38	48	s	n
1	190	18	39	37	s	n
1	190	18	40	39	s	n
1	190	18	41	36	s	n
1	190	18	42	37	s	n
1	190	18	43	27	s	n
1	190	18	44	37	s	n
1	190	18	45	30	s	n
1	190	18	46	41	s	n
1	190	18	47	52	s	n
1	190	18	48	47	s	n
1	190	18	49	50	s	n
1	190	18	50	50	s	n
1	190	19	1	37	s	n
1	190	19	2	29	s	n
1	190	19	3	35	s	n
1	190	19	4	24	s	n
1	190	19	5	28	s	n
1	190	19	6	33	s	n
1	190	19	7	20	s	n
1	190	19	8	24	s	n
1	190	19	9	26	s	n
1	190	19	10	26	s	n
1	190	19	11	31	s	n
1	190	19	12	33	s	n
1	190	19	13	36	s	n
1	190	19	14	25	s	n
1	190	19	15	26	s	n
1	190	19	16	28	s	n
1	190	19	17	24	s	n
1	190	19	18	20	s	n
1	190	19	19	24	s	n
1	190	19	20	28	s	n
1	190	19	21	22	s	n
1	190	19	22	32	s	n
1	190	19	23	32	s	n
1	190	19	24	39	s	n
1	190	19	25	29	s	n
1	190	19	26	34	s	n
1	190	19	27	50	s	n
1	190	19	28	42	s	n
1	190	19	29	50	s	n
1	190	19	30	46	s	n
1	190	19	31	42	s	n
1	190	19	32	43	s	n
1	190	19	33	52	s	n
1	190	19	34	40	s	n
1	190	19	35	43	s	n
1	190	19	36	40	s	n
1	190	19	37	29	s	n
1	190	19	38	37	s	n
1	190	19	39	28	s	n
1	190	19	40	35	s	n
1	190	19	41	22	s	n
1	190	19	42	39	s	n
1	190	19	43	40	s	n
1	190	19	44	41	s	n
1	190	19	45	57	s	n
1	190	19	46	48	s	n
1	190	19	47	51	s	n
1	190	19	48	53	s	n
1	190	19	49	53	s	n
1	190	19	50	52	s	n
1	190	20	1	38	s	n
1	190	20	2	25	s	n
1	190	20	3	34	s	n
1	190	20	4	30	s	n
1	190	20	5	42	s	n
1	190	20	6	22	s	n
1	190	20	7	17	s	n
1	190	20	8	33	s	n
1	190	20	9	30	s	n
1	190	20	10	31	s	n
1	190	20	11	29	s	n
1	190	20	12	38	s	n
1	190	20	13	31	s	n
1	190	20	14	26	s	n
1	190	20	15	25	s	n
1	190	20	16	23	s	n
1	190	20	17	25	s	n
1	190	20	18	25	s	n
1	190	20	19	19	s	n
1	190	20	20	25	s	n
1	190	20	21	24	s	n
1	190	20	22	36	s	n
1	190	20	23	31	s	n
1	190	20	24	30	s	n
1	190	20	25	32	s	n
1	190	20	26	29	s	n
1	190	20	27	52	s	n
1	190	20	28	38	s	n
1	190	20	29	46	s	n
1	190	20	30	37	s	n
1	190	20	31	43	s	n
1	190	20	32	40	s	n
1	190	20	33	49	s	n
1	190	20	34	44	s	n
1	190	20	35	29	s	n
1	190	20	36	30	s	n
1	190	20	37	36	s	n
1	190	20	38	28	s	n
1	190	20	39	31	s	n
1	190	20	40	31	s	n
1	190	20	41	27	s	n
1	190	20	42	31	s	n
1	190	20	43	38	s	n
1	190	20	44	34	s	n
1	190	20	45	39	s	n
1	190	20	46	56	s	n
1	190	20	47	58	s	n
1	190	20	48	42	s	n
1	190	20	49	42	s	n
1	190	20	50	46	s	n
1	200	1	1	43	s	n
1	200	1	2	39	s	n
1	200	1	3	40	s	n
1	200	1	4	35	s	n
1	200	1	5	29	s	n
1	200	1	6	28	s	n
1	200	1	7	29	s	n
1	200	1	8	27	s	n
1	200	1	9	34	s	n
1	200	1	10	28	s	n
1	200	1	11	30	s	n
1	200	1	12	25	s	n
1	200	1	13	46	s	n
1	200	1	14	60	s	n
1	200	1	15	35	s	n
1	200	1	16	43	s	n
1	200	1	17	40	s	n
1	200	1	18	48	s	n
1	200	1	19	40	s	n
1	200	1	20	29	s	n
1	200	1	21	34	s	n
1	200	1	22	39	s	n
1	200	1	23	29	s	n
1	200	1	24	36	s	n
1	200	1	25	39	s	n
1	200	1	26	55	s	n
1	200	1	27	52	s	n
1	200	1	28	50	s	n
1	200	1	29	37	s	n
1	200	1	30	28	s	n
1	200	1	31	21	s	n
1	200	1	32	28	s	n
1	200	1	33	37	s	n
1	200	1	34	42	s	n
1	200	1	35	34	s	n
1	200	1	36	43	s	n
1	200	1	37	31	s	n
1	200	1	38	36	s	n
1	200	1	39	32	s	n
1	200	1	40	36	s	n
1	200	1	41	38	s	n
1	200	1	42	37	s	n
1	200	1	43	34	s	n
1	200	1	44	30	s	n
1	200	1	45	28	s	n
1	200	1	46	29	s	n
1	200	1	47	25	s	n
1	200	1	48	42	s	n
1	200	1	49	40	s	n
1	200	1	50	36	s	n
1	200	2	1	25	s	n
1	200	2	2	27	s	n
1	200	2	3	25	s	n
1	200	2	4	38	s	n
1	200	2	5	33	s	n
1	200	2	6	32	s	n
1	200	2	7	46	s	n
1	200	2	8	28	s	n
1	200	2	9	19	s	n
1	200	2	10	22	s	n
1	200	2	11	34	s	n
1	200	2	12	33	s	n
1	200	2	13	28	s	n
1	200	2	14	55	s	n
1	200	2	15	40	s	n
1	200	2	16	56	s	n
1	200	2	17	39	s	n
1	200	2	18	32	s	n
1	200	2	19	28	s	n
1	200	2	20	20	s	n
1	200	2	21	31	s	n
1	200	2	22	33	s	n
1	200	2	23	30	s	n
1	200	2	24	40	s	n
1	200	2	25	39	s	n
1	200	2	26	48	s	n
1	200	2	27	35	s	n
1	200	2	28	46	s	n
1	200	2	29	31	s	n
1	200	2	30	28	s	n
1	200	2	31	24	s	n
1	200	2	32	36	s	n
1	200	2	33	39	s	n
1	200	2	34	37	s	n
1	200	2	35	41	s	n
1	200	2	36	36	s	n
1	200	2	37	33	s	n
1	200	2	38	27	s	n
1	200	2	39	29	s	n
1	200	2	40	31	s	n
1	200	2	41	35	s	n
1	200	2	42	35	s	n
1	200	2	43	29	s	n
1	200	2	44	38	s	n
1	200	2	45	28	s	n
1	200	2	46	21	s	n
1	200	2	47	30	s	n
1	200	2	48	39	s	n
1	200	2	49	34	s	n
1	200	2	50	28	s	n
1	200	3	1	34	s	n
1	200	3	2	27	s	n
1	200	3	3	28	s	n
1	200	3	4	34	s	n
1	200	3	5	23	s	n
1	200	3	6	28	s	n
1	200	3	7	32	s	n
1	200	3	8	25	s	n
1	200	3	9	39	s	n
1	200	3	10	29	s	n
1	200	3	11	41	s	n
1	200	3	12	36	s	n
1	200	3	13	24	s	n
1	200	3	14	32	s	n
1	200	3	15	35	s	n
1	200	3	16	39	s	n
1	200	3	17	45	s	n
1	200	3	18	26	s	n
1	200	3	19	49	s	n
1	200	3	20	29	s	n
1	200	3	21	37	s	n
1	200	3	22	45	s	n
1	200	3	23	54	s	n
1	200	3	24	49	s	n
1	200	3	25	44	s	n
1	200	3	26	50	s	n
1	200	3	27	42	s	n
1	200	3	28	41	s	n
1	200	3	29	38	s	n
1	200	3	30	38	s	n
1	200	3	31	40	s	n
1	200	3	32	27	s	n
1	200	3	33	32	s	n
1	200	3	34	26	s	n
1	200	3	35	40	s	n
1	200	3	36	45	s	n
1	200	3	37	36	s	n
1	200	3	38	39	s	n
1	200	3	39	23	s	n
1	200	3	40	41	s	n
1	200	3	41	29	s	n
1	200	3	42	44	s	n
1	200	3	43	40	s	n
1	200	3	44	35	s	n
1	200	3	45	20	s	n
1	200	3	46	24	s	n
1	200	3	47	31	s	n
1	200	3	48	25	s	n
1	200	3	49	32	s	n
1	200	3	50	30	s	n
1	200	4	1	30	s	n
1	200	4	2	23	s	n
1	200	4	3	23	s	n
1	200	4	4	32	s	n
1	200	4	5	33	s	n
1	200	4	6	31	s	n
1	200	4	7	35	s	n
1	200	4	8	28	s	n
1	200	4	9	32	s	n
1	200	4	10	45	s	n
1	200	4	11	40	s	n
1	200	4	12	23	s	n
1	200	4	13	35	s	n
1	200	4	14	34	s	n
1	200	4	15	32	s	n
1	200	4	16	41	s	n
1	200	4	17	21	s	n
1	200	4	18	33	s	n
1	200	4	19	36	s	n
1	200	4	20	49	s	n
1	200	4	21	41	s	n
1	200	4	22	47	s	n
1	200	4	23	43	s	n
1	200	4	24	32	s	n
1	200	4	25	35	s	n
1	200	4	26	32	s	n
1	200	4	27	33	s	n
1	200	4	28	35	s	n
1	200	4	29	40	s	n
1	200	4	30	46	s	n
1	200	4	31	48	s	n
1	200	4	32	39	s	n
1	200	4	33	35	s	n
1	200	4	34	30	s	n
1	200	4	35	31	s	n
1	200	4	36	28	s	n
1	200	4	37	32	s	n
1	200	4	38	33	s	n
1	200	4	39	29	s	n
1	200	4	40	36	s	n
1	200	4	41	38	s	n
1	200	4	42	43	s	n
1	200	4	43	36	s	n
1	200	4	44	30	s	n
1	200	4	45	28	s	n
1	200	4	46	27	s	n
1	200	4	47	24	s	n
1	200	4	48	38	s	n
1	200	4	49	38	s	n
1	200	4	50	30	s	n
1	200	5	1	26	s	n
1	200	5	2	26	s	n
1	200	5	3	19	s	n
1	200	5	4	31	s	n
1	200	5	5	33	s	n
1	200	5	6	29	s	n
1	200	5	7	35	s	n
1	200	5	8	24	s	n
1	200	5	9	27	s	n
1	200	5	10	26	s	n
1	200	5	11	38	s	n
1	200	5	12	40	s	n
1	200	5	13	44	s	n
1	200	5	14	34	s	n
1	200	5	15	24	s	n
1	200	5	16	33	s	n
1	200	5	17	15	s	n
1	200	5	18	37	s	n
1	200	5	19	34	s	n
1	200	5	20	41	s	n
1	200	5	21	43	s	n
1	200	5	22	54	s	n
1	200	5	23	50	s	n
1	200	5	24	45	s	n
1	200	5	25	38	s	n
1	200	5	26	53	s	n
1	200	5	27	47	s	n
1	200	5	28	50	s	n
1	200	5	29	31	s	n
1	200	5	30	49	s	n
1	200	5	31	44	s	n
1	200	5	32	22	s	n
1	200	5	33	36	s	n
1	200	5	34	30	s	n
1	200	5	35	38	s	n
1	200	5	36	23	s	n
1	200	5	37	33	s	n
1	200	5	38	35	s	n
1	200	5	39	37	s	n
1	200	5	40	33	s	n
1	200	5	41	35	s	n
1	200	5	42	45	s	n
1	200	5	43	30	s	n
1	200	5	44	37	s	n
1	200	5	45	23	s	n
1	200	5	46	22	s	n
1	200	5	47	29	s	n
1	200	5	48	26	s	n
1	200	5	49	42	s	n
1	200	5	50	29	s	n
1	200	6	1	29	s	n
1	200	6	2	27	s	n
1	200	6	3	22	s	n
1	200	6	4	27	s	n
1	200	6	5	27	s	n
1	200	6	6	28	s	n
1	200	6	7	35	s	n
1	200	6	8	30	s	n
1	200	6	9	30	s	n
1	200	6	10	36	s	n
1	200	6	11	35	s	n
1	200	6	12	33	s	n
1	200	6	13	30	s	n
1	200	6	14	31	s	n
1	200	6	15	29	s	n
1	200	6	16	29	s	n
1	200	6	17	27	s	n
1	200	6	18	27	s	n
1	200	6	19	35	s	n
1	200	6	20	35	s	n
1	200	6	21	54	s	n
1	200	6	22	46	s	n
1	200	6	23	42	s	n
1	200	6	24	29	s	n
1	200	6	25	45	s	n
1	200	6	26	25	s	n
1	200	6	27	26	s	n
1	200	6	28	34	s	n
1	200	6	29	32	s	n
1	200	6	30	29	s	n
1	200	6	31	39	s	n
1	200	6	32	45	s	n
1	200	6	33	27	s	n
1	200	6	34	43	s	n
1	200	6	35	27	s	n
1	200	6	36	34	s	n
1	200	6	37	26	s	n
1	200	6	38	43	s	n
1	200	6	39	32	s	n
1	200	6	40	28	s	n
1	200	6	41	40	s	n
1	200	6	42	41	s	n
1	200	6	43	26	s	n
1	200	6	44	34	s	n
1	200	6	45	20	s	n
1	200	6	46	29	s	n
1	200	6	47	31	s	n
1	200	6	48	34	s	n
1	200	6	49	35	s	n
1	200	6	50	29	s	n
1	200	7	1	24	s	n
1	200	7	2	28	s	n
1	200	7	3	24	s	n
1	200	7	4	28	s	n
1	200	7	5	23	s	n
1	200	7	6	28	s	n
1	200	7	7	29	s	n
1	200	7	8	37	s	n
1	200	7	9	31	s	n
1	200	7	10	33	s	n
1	200	7	11	34	s	n
1	200	7	12	34	s	n
1	200	7	13	32	s	n
1	200	7	14	23	s	n
1	200	7	15	32	s	n
1	200	7	16	28	s	n
1	200	7	17	23	s	n
1	200	7	18	31	s	n
1	200	7	19	31	s	n
1	200	7	20	51	s	n
1	200	7	21	43	s	n
1	200	7	22	38	s	n
1	200	7	23	45	s	n
1	200	7	24	42	s	n
1	200	7	25	26	s	n
1	200	7	26	44	s	n
1	200	7	27	41	s	n
1	200	7	28	41	s	n
1	200	7	29	37	s	n
1	200	7	30	42	s	n
1	200	7	31	32	s	n
1	200	7	32	33	s	n
1	200	7	33	29	s	n
1	200	7	34	34	s	n
1	200	7	35	32	s	n
1	200	7	36	45	s	n
1	200	7	37	25	s	n
1	200	7	38	35	s	n
1	200	7	39	34	s	n
1	200	7	40	29	s	n
1	200	7	41	31	s	n
1	200	7	42	30	s	n
1	200	7	43	25	s	n
1	200	7	44	38	s	n
1	200	7	45	36	s	n
1	200	7	46	33	s	n
1	200	7	47	35	s	n
1	200	7	48	40	s	n
1	200	7	49	34	s	n
1	200	7	50	28	s	n
1	200	8	1	25	s	n
1	200	8	2	23	s	n
1	200	8	3	26	s	n
1	200	8	4	21	s	n
1	200	8	5	38	s	n
1	200	8	6	31	s	n
1	200	8	7	37	s	n
1	200	8	8	29	s	n
1	200	8	9	29	s	n
1	200	8	10	27	s	n
1	200	8	11	27	s	n
1	200	8	12	32	s	n
1	200	8	13	40	s	n
1	200	8	14	35	s	n
1	200	8	15	33	s	n
1	200	8	16	34	s	n
1	200	8	17	26	s	n
1	200	8	18	29	s	n
1	200	8	19	26	s	n
1	200	8	20	29	s	n
1	200	8	21	23	s	n
1	200	8	22	42	s	n
1	200	8	23	44	s	n
1	200	8	24	51	s	n
1	200	8	25	41	s	n
1	200	8	26	44	s	n
1	200	8	27	45	s	n
1	200	8	28	41	s	n
1	200	8	29	36	s	n
1	200	8	30	30	s	n
1	200	8	31	36	s	n
1	200	8	32	28	s	n
1	200	8	33	27	s	n
1	200	8	34	33	s	n
1	200	8	35	34	s	n
1	200	8	36	27	s	n
1	200	8	37	39	s	n
1	200	8	38	39	s	n
1	200	8	39	34	s	n
1	200	8	40	38	s	n
1	200	8	41	33	s	n
1	200	8	42	34	s	n
1	200	8	43	40	s	n
1	200	8	44	42	s	n
1	200	8	45	43	s	n
1	200	8	46	41	s	n
1	200	8	47	36	s	n
1	200	8	48	34	s	n
1	200	8	49	40	s	n
1	200	8	50	44	s	n
1	200	9	1	32	s	n
1	200	9	2	35	s	n
1	200	9	3	23	s	n
1	200	9	4	32	s	n
1	200	9	5	31	s	n
1	200	9	6	31	s	n
1	200	9	7	38	s	n
1	200	9	8	31	s	n
1	200	9	9	24	s	n
1	200	9	10	27	s	n
1	200	9	11	26	s	n
1	200	9	12	47	s	n
1	200	9	13	30	s	n
1	200	9	14	39	s	n
1	200	9	15	32	s	n
1	200	9	16	33	s	n
1	200	9	17	33	s	n
1	200	9	18	29	s	n
1	200	9	19	32	s	n
1	200	9	20	31	s	n
1	200	9	21	33	s	n
1	200	9	22	38	s	n
1	200	9	23	43	s	n
1	200	9	24	44	s	n
1	200	9	25	49	s	n
1	200	9	26	58	s	n
1	200	9	27	50	s	n
1	200	9	28	42	s	n
1	200	9	29	49	s	n
1	200	9	30	37	s	n
1	200	9	31	50	s	n
1	200	9	32	44	s	n
1	200	9	33	35	s	n
1	200	9	34	29	s	n
1	200	9	35	31	s	n
1	200	9	36	31	s	n
1	200	9	37	39	s	n
1	200	9	38	38	s	n
1	200	9	39	39	s	n
1	200	9	40	37	s	n
1	200	9	41	32	s	n
1	200	9	42	32	s	n
1	200	9	43	38	s	n
1	200	9	44	31	s	n
1	200	9	45	50	s	n
1	200	9	46	41	s	n
1	200	9	47	35	s	n
1	200	9	48	43	s	n
1	200	9	49	31	s	n
1	200	9	50	36	s	n
1	200	10	1	32	s	n
1	200	10	2	29	s	n
1	200	10	3	39	s	n
1	200	10	4	35	s	n
1	200	10	5	35	s	n
1	200	10	6	31	s	n
1	200	10	7	44	s	n
1	200	10	8	36	s	n
1	200	10	9	27	s	n
1	200	10	10	19	s	n
1	200	10	11	20	s	n
1	200	10	12	23	s	n
1	200	10	13	38	s	n
1	200	10	14	28	s	n
1	200	10	15	25	s	n
1	200	10	16	30	s	n
1	200	10	17	30	s	n
1	200	10	18	34	s	n
1	200	10	19	33	s	n
1	200	10	20	35	s	n
1	200	10	21	32	s	n
1	200	10	22	37	s	n
1	200	10	23	34	s	n
1	200	10	24	40	s	n
1	200	10	25	46	s	n
1	200	10	26	42	s	n
1	200	10	27	47	s	n
1	200	10	28	49	s	n
1	200	10	29	48	s	n
1	200	10	30	38	s	n
1	200	10	31	43	s	n
1	200	10	32	32	s	n
1	200	10	33	36	s	n
1	200	10	34	32	s	n
1	200	10	35	40	s	n
1	200	10	36	51	s	n
1	200	10	37	41	s	n
1	200	10	38	43	s	n
1	200	10	39	46	s	n
1	200	10	40	32	s	n
1	200	10	41	27	s	n
1	200	10	42	35	s	n
1	200	10	43	34	s	n
1	200	10	44	43	s	n
1	200	10	45	50	s	n
1	200	10	46	38	s	n
1	200	10	47	31	s	n
1	200	10	48	28	s	n
1	200	10	49	43	s	n
1	200	10	50	30	s	n
1	200	11	1	33	s	n
1	200	11	2	32	s	n
1	200	11	3	36	s	n
1	200	11	4	28	s	n
1	200	11	5	30	s	n
1	200	11	6	30	s	n
1	200	11	7	33	s	n
1	200	11	8	33	s	n
1	200	11	9	24	s	n
1	200	11	10	27	s	n
1	200	11	11	44	s	n
1	200	11	12	28	s	n
1	200	11	13	45	s	n
1	200	11	14	41	s	n
1	200	11	15	31	s	n
1	200	11	16	35	s	n
1	200	11	17	35	s	n
1	200	11	18	29	s	n
1	200	11	19	39	s	n
1	200	11	20	41	s	n
1	200	11	21	34	s	n
1	200	11	22	44	s	n
1	200	11	23	38	s	n
1	200	11	24	38	s	n
1	200	11	25	45	s	n
1	200	11	26	40	s	n
1	200	11	27	41	s	n
1	200	11	28	47	s	n
1	200	11	29	45	s	n
1	200	11	30	46	s	n
1	200	11	31	34	s	n
1	200	11	32	27	s	n
1	200	11	33	34	s	n
1	200	11	34	43	s	n
1	200	11	35	52	s	n
1	200	11	36	37	s	n
1	200	11	37	46	s	n
1	200	11	38	51	s	n
1	200	11	39	47	s	n
1	200	11	40	40	s	n
1	200	11	41	49	s	n
1	200	11	42	40	s	n
1	200	11	43	47	s	n
1	200	11	44	40	s	n
1	200	11	45	39	s	n
1	200	11	46	28	s	n
1	200	11	47	34	s	n
1	200	11	48	33	s	n
1	200	11	49	32	s	n
1	200	11	50	32	s	n
1	200	12	1	28	s	n
1	200	12	2	33	s	n
1	200	12	3	27	s	n
1	200	12	4	31	s	n
1	200	12	5	35	s	n
1	200	12	6	30	s	n
1	200	12	7	33	s	n
1	200	12	8	35	s	n
1	200	12	9	43	s	n
1	200	12	10	30	s	n
1	200	12	11	24	s	n
1	200	12	12	36	s	n
1	200	12	13	31	s	n
1	200	12	14	35	s	n
1	200	12	15	30	s	n
1	200	12	16	40	s	n
1	200	12	17	38	s	n
1	200	12	18	29	s	n
1	200	12	19	35	s	n
1	200	12	20	38	s	n
1	200	12	21	43	s	n
1	200	12	22	36	s	n
1	200	12	23	41	s	n
1	200	12	24	41	s	n
1	200	12	25	41	s	n
1	200	12	26	40	s	n
1	200	12	27	46	s	n
1	200	12	28	44	s	n
1	200	12	29	38	s	n
1	200	12	30	48	s	n
1	200	12	31	36	s	n
1	200	12	32	35	s	n
1	200	12	33	47	s	n
1	200	12	34	31	s	n
1	200	12	35	41	s	n
1	200	12	36	47	s	n
1	200	12	37	60	s	n
1	200	12	38	41	s	n
1	200	12	39	37	s	n
1	200	12	40	33	s	n
1	200	12	41	39	s	n
1	200	12	42	29	s	n
1	200	12	43	37	s	n
1	200	12	44	47	s	n
1	200	12	45	36	s	n
1	200	12	46	31	s	n
1	200	12	47	28	s	n
1	200	12	48	22	s	n
1	200	12	49	39	s	n
1	200	12	50	33	s	n
1	200	13	1	31	s	n
1	200	13	2	27	s	n
1	200	13	3	35	s	n
1	200	13	4	33	s	n
1	200	13	5	17	s	n
1	200	13	6	25	s	n
1	200	13	7	28	s	n
1	200	13	8	32	s	n
1	200	13	9	26	s	n
1	200	13	10	30	s	n
1	200	13	11	23	s	n
1	200	13	12	35	s	n
1	200	13	13	34	s	n
1	200	13	14	34	s	n
1	200	13	15	33	s	n
1	200	13	16	28	s	n
1	200	13	17	30	s	n
1	200	13	18	40	s	n
1	200	13	19	30	s	n
1	200	13	20	35	s	n
1	200	13	21	44	s	n
1	200	13	22	43	s	n
1	200	13	23	44	s	n
1	200	13	24	37	s	n
1	200	13	25	26	s	n
1	200	13	26	33	s	n
1	200	13	27	36	s	n
1	200	13	28	40	s	n
1	200	13	29	44	s	n
1	200	13	30	38	s	n
1	200	13	31	41	s	n
1	200	13	32	31	s	n
1	200	13	33	44	s	n
1	200	13	34	47	s	n
1	200	13	35	39	s	n
1	200	13	36	50	s	n
1	200	13	37	43	s	n
1	200	13	38	42	s	n
1	200	13	39	39	s	n
1	200	13	40	36	s	n
1	200	13	41	34	s	n
1	200	13	42	40	s	n
1	200	13	43	43	s	n
1	200	13	44	43	s	n
1	200	13	45	24	s	n
1	200	13	46	31	s	n
1	200	13	47	34	s	n
1	200	13	48	38	s	n
1	200	13	49	42	s	n
1	200	13	50	45	s	n
1	200	14	1	24	s	n
1	200	14	2	32	s	n
1	200	14	3	29	s	n
1	200	14	4	26	s	n
1	200	14	5	27	s	n
1	200	14	6	32	s	n
1	200	14	7	30	s	n
1	200	14	8	32	s	n
1	200	14	9	38	s	n
1	200	14	10	24	s	n
1	200	14	11	36	s	n
1	200	14	12	27	s	n
1	200	14	13	25	s	n
1	200	14	14	43	s	n
1	200	14	15	21	s	n
1	200	14	16	28	s	n
1	200	14	17	41	s	n
1	200	14	18	42	s	n
1	200	14	19	36	s	n
1	200	14	20	42	s	n
1	200	14	21	37	s	n
1	200	14	22	33	s	n
1	200	14	23	33	s	n
1	200	14	24	33	s	n
1	200	14	25	41	s	n
1	200	14	26	26	s	n
1	200	14	27	39	s	n
1	200	14	28	30	s	n
1	200	14	29	52	s	n
1	200	14	30	38	s	n
1	200	14	31	46	s	n
1	200	14	32	41	s	n
1	200	14	33	30	s	n
1	200	14	34	32	s	n
1	200	14	35	32	s	n
1	200	14	36	36	s	n
1	200	14	37	37	s	n
1	200	14	38	37	s	n
1	200	14	39	39	s	n
1	200	14	40	31	s	n
1	200	14	41	35	s	n
1	200	14	42	40	s	n
1	200	14	43	37	s	n
1	200	14	44	36	s	n
1	200	14	45	32	s	n
1	200	14	46	40	s	n
1	200	14	47	24	s	n
1	200	14	48	32	s	n
1	200	14	49	54	s	n
1	200	14	50	49	s	n
1	200	15	1	24	s	n
1	200	15	2	35	s	n
1	200	15	3	26	s	n
1	200	15	4	32	s	n
1	200	15	5	36	s	n
1	200	15	6	35	s	n
1	200	15	7	37	s	n
1	200	15	8	22	s	n
1	200	15	9	23	s	n
1	200	15	10	34	s	n
1	200	15	11	22	s	n
1	200	15	12	24	s	n
1	200	15	13	34	s	n
1	200	15	14	31	s	n
1	200	15	15	31	s	n
1	200	15	16	30	s	n
1	200	15	17	27	s	n
1	200	15	18	32	s	n
1	200	15	19	37	s	n
1	200	15	20	24	s	n
1	200	15	21	39	s	n
1	200	15	22	29	s	n
1	200	15	23	26	s	n
1	200	15	24	30	s	n
1	200	15	25	38	s	n
1	200	15	26	34	s	n
1	200	15	27	31	s	n
1	200	15	28	33	s	n
1	200	15	29	44	s	n
1	200	15	30	35	s	n
1	200	15	31	41	s	n
1	200	15	32	40	s	n
1	200	15	33	47	s	n
1	200	15	34	42	s	n
1	200	15	35	56	s	n
1	200	15	36	40	s	n
1	200	15	37	38	s	n
1	200	15	38	32	s	n
1	200	15	39	33	s	n
1	200	15	40	33	s	n
1	200	15	41	30	s	n
1	200	15	42	41	s	n
1	200	15	43	37	s	n
1	200	15	44	41	s	n
1	200	15	45	23	s	n
1	200	15	46	36	s	n
1	200	15	47	35	s	n
1	200	15	48	43	s	n
1	200	15	49	34	s	n
1	200	15	50	34	s	n
1	200	16	1	32	s	n
1	200	16	2	35	s	n
1	200	16	3	31	s	n
1	200	16	4	36	s	n
1	200	16	5	33	s	n
1	200	16	6	32	s	n
1	200	16	7	28	s	n
1	200	16	8	35	s	n
1	200	16	9	29	s	n
1	200	16	10	36	s	n
1	200	16	11	33	s	n
1	200	16	12	25	s	n
1	200	16	13	29	s	n
1	200	16	14	25	s	n
1	200	16	15	34	s	n
1	200	16	16	29	s	n
1	200	16	17	30	s	n
1	200	16	18	21	s	n
1	200	16	19	36	s	n
1	200	16	20	34	s	n
1	200	16	21	30	s	n
1	200	16	22	32	s	n
1	200	16	23	33	s	n
1	200	16	24	35	s	n
1	200	16	25	39	s	n
1	200	16	26	39	s	n
1	200	16	27	43	s	n
1	200	16	28	41	s	n
1	200	16	29	42	s	n
1	200	16	30	32	s	n
1	200	16	31	49	s	n
1	200	16	32	40	s	n
1	200	16	33	41	s	n
1	200	16	34	43	s	n
1	200	16	35	42	s	n
1	200	16	36	38	s	n
1	200	16	37	37	s	n
1	200	16	38	33	s	n
1	200	16	39	32	s	n
1	200	16	40	36	s	n
1	200	16	41	34	s	n
1	200	16	42	27	s	n
1	200	16	43	45	s	n
1	200	16	44	44	s	n
1	200	16	45	28	s	n
1	200	16	46	31	s	n
1	200	16	47	47	s	n
1	200	16	48	45	s	n
1	200	16	49	47	s	n
1	200	16	50	52	s	n
1	200	17	1	38	s	n
1	200	17	2	41	s	n
1	200	17	3	31	s	n
1	200	17	4	35	s	n
1	200	17	5	29	s	n
1	200	17	6	38	s	n
1	200	17	7	29	s	n
1	200	17	8	30	s	n
1	200	17	9	28	s	n
1	200	17	10	27	s	n
1	200	17	11	33	s	n
1	200	17	12	32	s	n
1	200	17	13	34	s	n
1	200	17	14	36	s	n
1	200	17	15	34	s	n
1	200	17	16	42	s	n
1	200	17	17	24	s	n
1	200	17	18	33	s	n
1	200	17	19	18	s	n
1	200	17	20	36	s	n
1	200	17	21	27	s	n
1	200	17	22	27	s	n
1	200	17	23	20	s	n
1	200	17	24	24	s	n
1	200	17	25	33	s	n
1	200	17	26	28	s	n
1	200	17	27	40	s	n
1	200	17	28	32	s	n
1	200	17	29	44	s	n
1	200	17	30	42	s	n
1	200	17	31	46	s	n
1	200	17	32	37	s	n
1	200	17	33	47	s	n
1	200	17	34	40	s	n
1	200	17	35	45	s	n
1	200	17	36	43	s	n
1	200	17	37	34	s	n
1	200	17	38	41	s	n
1	200	17	39	44	s	n
1	200	17	40	47	s	n
1	200	17	41	35	s	n
1	200	17	42	32	s	n
1	200	17	43	32	s	n
1	200	17	44	22	s	n
1	200	17	45	45	s	n
1	200	17	46	38	s	n
1	200	17	47	40	s	n
1	200	17	48	43	s	n
1	200	17	49	54	s	n
1	200	17	50	33	s	n
1	200	18	1	38	s	n
1	200	18	2	40	s	n
1	200	18	3	21	s	n
1	200	18	4	30	s	n
1	200	18	5	33	s	n
1	200	18	6	30	s	n
1	200	18	7	40	s	n
1	200	18	8	29	s	n
1	200	18	9	28	s	n
1	200	18	10	29	s	n
1	200	18	11	23	s	n
1	200	18	12	32	s	n
1	200	18	13	28	s	n
1	200	18	14	31	s	n
1	200	18	15	28	s	n
1	200	18	16	27	s	n
1	200	18	17	30	s	n
1	200	18	18	40	s	n
1	200	18	19	31	s	n
1	200	18	20	31	s	n
1	200	18	21	25	s	n
1	200	18	22	35	s	n
1	200	18	23	33	s	n
1	200	18	24	33	s	n
1	200	18	25	26	s	n
1	200	18	26	30	s	n
1	200	18	27	39	s	n
1	200	18	28	42	s	n
1	200	18	29	42	s	n
1	200	18	30	33	s	n
1	200	18	31	41	s	n
1	200	18	32	44	s	n
1	200	18	33	32	s	n
1	200	18	34	39	s	n
1	200	18	35	39	s	n
1	200	18	36	31	s	n
1	200	18	37	38	s	n
1	200	18	38	32	s	n
1	200	18	39	40	s	n
1	200	18	40	34	s	n
1	200	18	41	35	s	n
1	200	18	42	29	s	n
1	200	18	43	29	s	n
1	200	18	44	34	s	n
1	200	18	45	47	s	n
1	200	18	46	31	s	n
1	200	18	47	38	s	n
1	200	18	48	43	s	n
1	200	18	49	53	s	n
1	200	18	50	54	s	n
1	200	19	1	34	s	n
1	200	19	2	33	s	n
1	200	19	3	35	s	n
1	200	19	4	29	s	n
1	200	19	5	28	s	n
1	200	19	6	32	s	n
1	200	19	7	25	s	n
1	200	19	8	28	s	n
1	200	19	9	22	s	n
1	200	19	10	26	s	n
1	200	19	11	33	s	n
1	200	19	12	27	s	n
1	200	19	13	23	s	n
1	200	19	14	26	s	n
1	200	19	15	26	s	n
1	200	19	16	33	s	n
1	200	19	17	34	s	n
1	200	19	18	39	s	n
1	200	19	19	27	s	n
1	200	19	20	30	s	n
1	200	19	21	31	s	n
1	200	19	22	24	s	n
1	200	19	23	24	s	n
1	200	19	24	25	s	n
1	200	19	25	21	s	n
1	200	19	26	22	s	n
1	200	19	27	42	s	n
1	200	19	28	35	s	n
1	200	19	29	35	s	n
1	200	19	30	37	s	n
1	200	19	31	38	s	n
1	200	19	32	38	s	n
1	200	19	33	47	s	n
1	200	19	34	43	s	n
1	200	19	35	34	s	n
1	200	19	36	25	s	n
1	200	19	37	36	s	n
1	200	19	38	39	s	n
1	200	19	39	44	s	n
1	200	19	40	29	s	n
1	200	19	41	24	s	n
1	200	19	42	28	s	n
1	200	19	43	32	s	n
1	200	19	44	20	s	n
1	200	19	45	29	s	n
1	200	19	46	44	s	n
1	200	19	47	27	s	n
1	200	19	48	37	s	n
1	200	19	49	38	s	n
1	200	19	50	43	s	n
1	200	20	1	36	s	n
1	200	20	2	37	s	n
1	200	20	3	34	s	n
1	200	20	4	30	s	n
1	200	20	5	35	s	n
1	200	20	6	33	s	n
1	200	20	7	30	s	n
1	200	20	8	24	s	n
1	200	20	9	26	s	n
1	200	20	10	20	s	n
1	200	20	11	24	s	n
1	200	20	12	25	s	n
1	200	20	13	33	s	n
1	200	20	14	34	s	n
1	200	20	15	32	s	n
1	200	20	16	29	s	n
1	200	20	17	31	s	n
1	200	20	18	32	s	n
1	200	20	19	25	s	n
1	200	20	20	28	s	n
1	200	20	21	35	s	n
1	200	20	22	28	s	n
1	200	20	23	25	s	n
1	200	20	24	21	s	n
1	200	20	25	24	s	n
1	200	20	26	25	s	n
1	200	20	27	37	s	n
1	200	20	28	47	s	n
1	200	20	29	37	s	n
1	200	20	30	42	s	n
1	200	20	31	47	s	n
1	200	20	32	37	s	n
1	200	20	33	46	s	n
1	200	20	34	47	s	n
1	200	20	35	41	s	n
1	200	20	36	36	s	n
1	200	20	37	37	s	n
1	200	20	38	22	s	n
1	200	20	39	37	s	n
1	200	20	40	30	s	n
1	200	20	41	36	s	n
1	200	20	42	30	s	n
1	200	20	43	35	s	n
1	200	20	44	22	s	n
1	200	20	45	30	s	n
1	200	20	46	46	s	n
1	200	20	47	43	s	n
1	200	20	48	49	s	n
1	200	20	49	41	s	n
1	200	20	50	51	s	n
1	210	1	1	32	s	n
1	210	1	2	27	s	n
1	210	1	3	28	s	n
1	210	1	4	26	s	n
1	210	1	5	28	s	n
1	210	1	6	33	s	n
1	210	1	7	33	s	n
1	210	1	8	38	s	n
1	210	1	9	35	s	n
1	210	1	10	32	s	n
1	210	1	11	40	s	n
1	210	1	12	32	s	n
1	210	1	13	34	s	n
1	210	1	14	35	s	n
1	210	1	15	32	s	n
1	210	1	16	37	s	n
1	210	1	17	42	s	n
1	210	1	18	29	s	n
1	210	1	19	42	s	n
1	210	1	20	39	s	n
1	210	1	21	34	s	n
1	210	1	22	39	s	n
1	210	1	23	44	s	n
1	210	1	24	28	s	n
1	210	1	25	37	s	n
1	210	1	26	36	s	n
1	210	1	27	33	s	n
1	210	1	28	46	s	n
1	210	1	29	46	s	n
1	210	1	30	48	s	n
1	210	1	31	32	s	n
1	210	1	32	26	s	n
1	210	1	33	39	s	n
1	210	1	34	41	s	n
1	210	1	35	37	s	n
1	210	1	36	36	s	n
1	210	1	37	44	s	n
1	210	1	38	37	s	n
1	210	1	39	40	s	n
1	210	1	40	34	s	n
1	210	1	41	42	s	n
1	210	1	42	40	s	n
1	210	1	43	35	s	n
1	210	1	44	24	s	n
1	210	1	45	28	s	n
1	210	1	46	38	s	n
1	210	1	47	27	s	n
1	210	1	48	29	s	n
1	210	1	49	40	s	n
1	210	1	50	39	s	n
1	210	2	1	32	s	n
1	210	2	2	34	s	n
1	210	2	3	28	s	n
1	210	2	4	38	s	n
1	210	2	5	25	s	n
1	210	2	6	38	s	n
1	210	2	7	42	s	n
1	210	2	8	34	s	n
1	210	2	9	42	s	n
1	210	2	10	31	s	n
1	210	2	11	31	s	n
1	210	2	12	35	s	n
1	210	2	13	28	s	n
1	210	2	14	29	s	n
1	210	2	15	39	s	n
1	210	2	16	40	s	n
1	210	2	17	40	s	n
1	210	2	18	37	s	n
1	210	2	19	43	s	n
1	210	2	20	49	s	n
1	210	2	21	42	s	n
1	210	2	22	45	s	n
1	210	2	23	31	s	n
1	210	2	24	26	s	n
1	210	2	25	28	s	n
1	210	2	26	37	s	n
1	210	2	27	36	s	n
1	210	2	28	31	s	n
1	210	2	29	45	s	n
1	210	2	30	41	s	n
1	210	2	31	49	s	n
1	210	2	32	37	s	n
1	210	2	33	33	s	n
1	210	2	34	37	s	n
1	210	2	35	38	s	n
1	210	2	36	32	s	n
1	210	2	37	35	s	n
1	210	2	38	42	s	n
1	210	2	39	39	s	n
1	210	2	40	36	s	n
1	210	2	41	42	s	n
1	210	2	42	37	s	n
1	210	2	43	28	s	n
1	210	2	44	25	s	n
1	210	2	45	24	s	n
1	210	2	46	31	s	n
1	210	2	47	24	s	n
1	210	2	48	33	s	n
1	210	2	49	39	s	n
1	210	2	50	37	s	n
1	210	3	1	29	s	n
1	210	3	2	30	s	n
1	210	3	3	35	s	n
1	210	3	4	31	s	n
1	210	3	5	35	s	n
1	210	3	6	34	s	n
1	210	3	7	38	s	n
1	210	3	8	26	s	n
1	210	3	9	42	s	n
1	210	3	10	39	s	n
1	210	3	11	30	s	n
1	210	3	12	32	s	n
1	210	3	13	34	s	n
1	210	3	14	29	s	n
1	210	3	15	29	s	n
1	210	3	16	41	s	n
1	210	3	17	40	s	n
1	210	3	18	28	s	n
1	210	3	19	38	s	n
1	210	3	20	31	s	n
1	210	3	21	43	s	n
1	210	3	22	36	s	n
1	210	3	23	32	s	n
1	210	3	24	35	s	n
1	210	3	25	39	s	n
1	210	3	26	34	s	n
1	210	3	27	34	s	n
1	210	3	28	38	s	n
1	210	3	29	39	s	n
1	210	3	30	45	s	n
1	210	3	31	30	s	n
1	210	3	32	39	s	n
1	210	3	33	31	s	n
1	210	3	34	36	s	n
1	210	3	35	44	s	n
1	210	3	36	41	s	n
1	210	3	37	38	s	n
1	210	3	38	36	s	n
1	210	3	39	33	s	n
1	210	3	40	35	s	n
1	210	3	41	29	s	n
1	210	3	42	37	s	n
1	210	3	43	32	s	n
1	210	3	44	35	s	n
1	210	3	45	23	s	n
1	210	3	46	27	s	n
1	210	3	47	25	s	n
1	210	3	48	42	s	n
1	210	3	49	35	s	n
1	210	3	50	36	s	n
1	210	4	1	25	s	n
1	210	4	2	32	s	n
1	210	4	3	24	s	n
1	210	4	4	37	s	n
1	210	4	5	28	s	n
1	210	4	6	40	s	n
1	210	4	7	33	s	n
1	210	4	8	32	s	n
1	210	4	9	30	s	n
1	210	4	10	34	s	n
1	210	4	11	35	s	n
1	210	4	12	27	s	n
1	210	4	13	36	s	n
1	210	4	14	38	s	n
1	210	4	15	35	s	n
1	210	4	16	46	s	n
1	210	4	17	27	s	n
1	210	4	18	42	s	n
1	210	4	19	31	s	n
1	210	4	20	45	s	n
1	210	4	21	43	s	n
1	210	4	22	39	s	n
1	210	4	23	39	s	n
1	210	4	24	36	s	n
1	210	4	25	28	s	n
1	210	4	26	38	s	n
1	210	4	27	33	s	n
1	210	4	28	36	s	n
1	210	4	29	36	s	n
1	210	4	30	35	s	n
1	210	4	31	34	s	n
1	210	4	32	24	s	n
1	210	4	33	54	s	n
1	210	4	34	43	s	n
1	210	4	35	37	s	n
1	210	4	36	38	s	n
1	210	4	37	31	s	n
1	210	4	38	29	s	n
1	210	4	39	36	s	n
1	210	4	40	25	s	n
1	210	4	41	34	s	n
1	210	4	42	31	s	n
1	210	4	43	32	s	n
1	210	4	44	32	s	n
1	210	4	45	35	s	n
1	210	4	46	28	s	n
1	210	4	47	36	s	n
1	210	4	48	28	s	n
1	210	4	49	32	s	n
1	210	4	50	24	s	n
1	210	5	1	26	s	n
1	210	5	2	24	s	n
1	210	5	3	29	s	n
1	210	5	4	29	s	n
1	210	5	5	18	s	n
1	210	5	6	36	s	n
1	210	5	7	38	s	n
1	210	5	8	30	s	n
1	210	5	9	29	s	n
1	210	5	10	31	s	n
1	210	5	11	29	s	n
1	210	5	12	32	s	n
1	210	5	13	32	s	n
1	210	5	14	34	s	n
1	210	5	15	47	s	n
1	210	5	16	43	s	n
1	210	5	17	37	s	n
1	210	5	18	33	s	n
1	210	5	19	42	s	n
1	210	5	20	48	s	n
1	210	5	21	48	s	n
1	210	5	22	29	s	n
1	210	5	23	36	s	n
1	210	5	24	43	s	n
1	210	5	25	36	s	n
1	210	5	26	44	s	n
1	210	5	27	42	s	n
1	210	5	28	39	s	n
1	210	5	29	34	s	n
1	210	5	30	38	s	n
1	210	5	31	34	s	n
1	210	5	32	49	s	n
1	210	5	33	58	s	n
1	210	5	34	47	s	n
1	210	5	35	35	s	n
1	210	5	36	44	s	n
1	210	5	37	36	s	n
1	210	5	38	48	s	n
1	210	5	39	34	s	n
1	210	5	40	36	s	n
1	210	5	41	26	s	n
1	210	5	42	33	s	n
1	210	5	43	36	s	n
1	210	5	44	34	s	n
1	210	5	45	26	s	n
1	210	5	46	37	s	n
1	210	5	47	30	s	n
1	210	5	48	34	s	n
1	210	5	49	30	s	n
1	210	5	50	41	s	n
1	210	6	1	40	s	n
1	210	6	2	27	s	n
1	210	6	3	35	s	n
1	210	6	4	36	s	n
1	210	6	5	32	s	n
1	210	6	6	35	s	n
1	210	6	7	38	s	n
1	210	6	8	41	s	n
1	210	6	9	36	s	n
1	210	6	10	35	s	n
1	210	6	11	29	s	n
1	210	6	12	25	s	n
1	210	6	13	31	s	n
1	210	6	14	34	s	n
1	210	6	15	31	s	n
1	210	6	16	32	s	n
1	210	6	17	19	s	n
1	210	6	18	36	s	n
1	210	6	19	32	s	n
1	210	6	20	46	s	n
1	210	6	21	43	s	n
1	210	6	22	46	s	n
1	210	6	23	43	s	n
1	210	6	24	41	s	n
1	210	6	25	30	s	n
1	210	6	26	39	s	n
1	210	6	27	39	s	n
1	210	6	28	46	s	n
1	210	6	29	41	s	n
1	210	6	30	27	s	n
1	210	6	31	44	s	n
1	210	6	32	35	s	n
1	210	6	33	44	s	n
1	210	6	34	53	s	n
1	210	6	35	42	s	n
1	210	6	36	46	s	n
1	210	6	37	43	s	n
1	210	6	38	38	s	n
1	210	6	39	39	s	n
1	210	6	40	35	s	n
1	210	6	41	25	s	n
1	210	6	42	26	s	n
1	210	6	43	40	s	n
1	210	6	44	32	s	n
1	210	6	45	36	s	n
1	210	6	46	27	s	n
1	210	6	47	38	s	n
1	210	6	48	28	s	n
1	210	6	49	28	s	n
1	210	6	50	37	s	n
1	210	7	1	29	s	n
1	210	7	2	38	s	n
1	210	7	3	29	s	n
1	210	7	4	32	s	n
1	210	7	5	28	s	n
1	210	7	6	32	s	n
1	210	7	7	43	s	n
1	210	7	8	42	s	n
1	210	7	9	42	s	n
1	210	7	10	33	s	n
1	210	7	11	31	s	n
1	210	7	12	45	s	n
1	210	7	13	29	s	n
1	210	7	14	29	s	n
1	210	7	15	37	s	n
1	210	7	16	43	s	n
1	210	7	17	39	s	n
1	210	7	18	40	s	n
1	210	7	19	32	s	n
1	210	7	20	49	s	n
1	210	7	21	43	s	n
1	210	7	22	41	s	n
1	210	7	23	39	s	n
1	210	7	24	27	s	n
1	210	7	25	44	s	n
1	210	7	26	34	s	n
1	210	7	27	33	s	n
1	210	7	28	34	s	n
1	210	7	29	40	s	n
1	210	7	30	29	s	n
1	210	7	31	26	s	n
1	210	7	32	31	s	n
1	210	7	33	51	s	n
1	210	7	34	35	s	n
1	210	7	35	44	s	n
1	210	7	36	36	s	n
1	210	7	37	37	s	n
1	210	7	38	45	s	n
1	210	7	39	33	s	n
1	210	7	40	31	s	n
1	210	7	41	23	s	n
1	210	7	42	26	s	n
1	210	7	43	25	s	n
1	210	7	44	28	s	n
1	210	7	45	32	s	n
1	210	7	46	28	s	n
1	210	7	47	25	s	n
1	210	7	48	31	s	n
1	210	7	49	28	s	n
1	210	7	50	31	s	n
1	210	8	1	34	s	n
1	210	8	2	30	s	n
1	210	8	3	29	s	n
1	210	8	4	26	s	n
1	210	8	5	33	s	n
1	210	8	6	40	s	n
1	210	8	7	37	s	n
1	210	8	8	33	s	n
1	210	8	9	23	s	n
1	210	8	10	33	s	n
1	210	8	11	30	s	n
1	210	8	12	39	s	n
1	210	8	13	29	s	n
1	210	8	14	44	s	n
1	210	8	15	38	s	n
1	210	8	16	40	s	n
1	210	8	17	25	s	n
1	210	8	18	28	s	n
1	210	8	19	33	s	n
1	210	8	20	37	s	n
1	210	8	21	44	s	n
1	210	8	22	32	s	n
1	210	8	23	41	s	n
1	210	8	24	41	s	n
1	210	8	25	50	s	n
1	210	8	26	39	s	n
1	210	8	27	25	s	n
1	210	8	28	36	s	n
1	210	8	29	41	s	n
1	210	8	30	25	s	n
1	210	8	31	31	s	n
1	210	8	32	43	s	n
1	210	8	33	41	s	n
1	210	8	34	33	s	n
1	210	8	35	39	s	n
1	210	8	36	33	s	n
1	210	8	37	28	s	n
1	210	8	38	37	s	n
1	210	8	39	37	s	n
1	210	8	40	42	s	n
1	210	8	41	32	s	n
1	210	8	42	24	s	n
1	210	8	43	29	s	n
1	210	8	44	27	s	n
1	210	8	45	27	s	n
1	210	8	46	29	s	n
1	210	8	47	33	s	n
1	210	8	48	36	s	n
1	210	8	49	41	s	n
1	210	8	50	25	s	n
1	210	9	1	28	s	n
1	210	9	2	27	s	n
1	210	9	3	39	s	n
1	210	9	4	34	s	n
1	210	9	5	40	s	n
1	210	9	6	27	s	n
1	210	9	7	27	s	n
1	210	9	8	39	s	n
1	210	9	9	29	s	n
1	210	9	10	32	s	n
1	210	9	11	39	s	n
1	210	9	12	39	s	n
1	210	9	13	31	s	n
1	210	9	14	27	s	n
1	210	9	15	25	s	n
1	210	9	16	24	s	n
1	210	9	17	26	s	n
1	210	9	18	28	s	n
1	210	9	19	25	s	n
1	210	9	20	28	s	n
1	210	9	21	27	s	n
1	210	9	22	50	s	n
1	210	9	23	49	s	n
1	210	9	24	49	s	n
1	210	9	25	41	s	n
1	210	9	26	48	s	n
1	210	9	27	35	s	n
1	210	9	28	43	s	n
1	210	9	29	29	s	n
1	210	9	30	33	s	n
1	210	9	31	30	s	n
1	210	9	32	42	s	n
1	210	9	33	29	s	n
1	210	9	34	45	s	n
1	210	9	35	35	s	n
1	210	9	36	35	s	n
1	210	9	37	32	s	n
1	210	9	38	35	s	n
1	210	9	39	39	s	n
1	210	9	40	40	s	n
1	210	9	41	26	s	n
1	210	9	42	35	s	n
1	210	9	43	19	s	n
1	210	9	44	44	s	n
1	210	9	45	30	s	n
1	210	9	46	31	s	n
1	210	9	47	32	s	n
1	210	9	48	30	s	n
1	210	9	49	28	s	n
1	210	9	50	30	s	n
1	210	10	1	26	s	n
1	210	10	2	33	s	n
1	210	10	3	32	s	n
1	210	10	4	25	s	n
1	210	10	5	34	s	n
1	210	10	6	33	s	n
1	210	10	7	39	s	n
1	210	10	8	36	s	n
1	210	10	9	31	s	n
1	210	10	10	30	s	n
1	210	10	11	27	s	n
1	210	10	12	29	s	n
1	210	10	13	42	s	n
1	210	10	14	28	s	n
1	210	10	15	37	s	n
1	210	10	16	14	s	n
1	210	10	17	27	s	n
1	210	10	18	30	s	n
1	210	10	19	30	s	n
1	210	10	20	29	s	n
1	210	10	21	26	s	n
1	210	10	22	38	s	n
1	210	10	23	50	s	n
1	210	10	24	39	s	n
1	210	10	25	39	s	n
1	210	10	26	41	s	n
1	210	10	27	45	s	n
1	210	10	28	53	s	n
1	210	10	29	30	s	n
1	210	10	30	44	s	n
1	210	10	31	37	s	n
1	210	10	32	47	s	n
1	210	10	33	50	s	n
1	210	10	34	35	s	n
1	210	10	35	40	s	n
1	210	10	36	37	s	n
1	210	10	37	43	s	n
1	210	10	38	52	s	n
1	210	10	39	43	s	n
1	210	10	40	29	s	n
1	210	10	41	32	s	n
1	210	10	42	41	s	n
1	210	10	43	37	s	n
1	210	10	44	40	s	n
1	210	10	45	29	s	n
1	210	10	46	26	s	n
1	210	10	47	29	s	n
1	210	10	48	28	s	n
1	210	10	49	26	s	n
1	210	10	50	31	s	n
1	210	11	1	29	s	n
1	210	11	2	28	s	n
1	210	11	3	35	s	n
1	210	11	4	35	s	n
1	210	11	5	37	s	n
1	210	11	6	41	s	n
1	210	11	7	41	s	n
1	210	11	8	35	s	n
1	210	11	9	23	s	n
1	210	11	10	36	s	n
1	210	11	11	25	s	n
1	210	11	12	25	s	n
1	210	11	13	33	s	n
1	210	11	14	37	s	n
1	210	11	15	22	s	n
1	210	11	16	22	s	n
1	210	11	17	29	s	n
1	210	11	18	22	s	n
1	210	11	19	32	s	n
1	210	11	20	42	s	n
1	210	11	21	37	s	n
1	210	11	22	36	s	n
1	210	11	23	32	s	n
1	210	11	24	34	s	n
1	210	11	25	40	s	n
1	210	11	26	37	s	n
1	210	11	27	39	s	n
1	210	11	28	28	s	n
1	210	11	29	50	s	n
1	210	11	30	44	s	n
1	210	11	31	47	s	n
1	210	11	32	43	s	n
1	210	11	33	36	s	n
1	210	11	34	42	s	n
1	210	11	35	44	s	n
1	210	11	36	42	s	n
1	210	11	37	54	s	n
1	210	11	38	31	s	n
1	210	11	39	35	s	n
1	210	11	40	23	s	n
1	210	11	41	41	s	n
1	210	11	42	45	s	n
1	210	11	43	39	s	n
1	210	11	44	34	s	n
1	210	11	45	30	s	n
1	210	11	46	29	s	n
1	210	11	47	30	s	n
1	210	11	48	25	s	n
1	210	11	49	25	s	n
1	210	11	50	27	s	n
1	210	12	1	30	s	n
1	210	12	2	24	s	n
1	210	12	3	33	s	n
1	210	12	4	35	s	n
1	210	12	5	32	s	n
1	210	12	6	36	s	n
1	210	12	7	27	s	n
1	210	12	8	32	s	n
1	210	12	9	30	s	n
1	210	12	10	30	s	n
1	210	12	11	29	s	n
1	210	12	12	17	s	n
1	210	12	13	36	s	n
1	210	12	14	25	s	n
1	210	12	15	28	s	n
1	210	12	16	30	s	n
1	210	12	17	31	s	n
1	210	12	18	32	s	n
1	210	12	19	29	s	n
1	210	12	20	27	s	n
1	210	12	21	32	s	n
1	210	12	22	36	s	n
1	210	12	23	35	s	n
1	210	12	24	28	s	n
1	210	12	25	31	s	n
1	210	12	26	28	s	n
1	210	12	27	44	s	n
1	210	12	28	44	s	n
1	210	12	29	41	s	n
1	210	12	30	40	s	n
1	210	12	31	33	s	n
1	210	12	32	49	s	n
1	210	12	33	38	s	n
1	210	12	34	43	s	n
1	210	12	35	44	s	n
1	210	12	36	38	s	n
1	210	12	37	50	s	n
1	210	12	38	47	s	n
1	210	12	39	38	s	n
1	210	12	40	50	s	n
1	210	12	41	39	s	n
1	210	12	42	47	s	n
1	210	12	43	39	s	n
1	210	12	44	41	s	n
1	210	12	45	36	s	n
1	210	12	46	26	s	n
1	210	12	47	31	s	n
1	210	12	48	24	s	n
1	210	12	49	26	s	n
1	210	12	50	32	s	n
1	210	13	1	22	s	n
1	210	13	2	29	s	n
1	210	13	3	31	s	n
1	210	13	4	32	s	n
1	210	13	5	39	s	n
1	210	13	6	35	s	n
1	210	13	7	31	s	n
1	210	13	8	32	s	n
1	210	13	9	31	s	n
1	210	13	10	24	s	n
1	210	13	11	19	s	n
1	210	13	12	31	s	n
1	210	13	13	38	s	n
1	210	13	14	46	s	n
1	210	13	15	35	s	n
1	210	13	16	39	s	n
1	210	13	17	31	s	n
1	210	13	18	33	s	n
1	210	13	19	28	s	n
1	210	13	20	28	s	n
1	210	13	21	33	s	n
1	210	13	22	42	s	n
1	210	13	23	36	s	n
1	210	13	24	33	s	n
1	210	13	25	30	s	n
1	210	13	26	33	s	n
1	210	13	27	42	s	n
1	210	13	28	45	s	n
1	210	13	29	41	s	n
1	210	13	30	43	s	n
1	210	13	31	42	s	n
1	210	13	32	44	s	n
1	210	13	33	48	s	n
1	210	13	34	34	s	n
1	210	13	35	38	s	n
1	210	13	36	33	s	n
1	210	13	37	39	s	n
1	210	13	38	60	s	n
1	210	13	39	47	s	n
1	210	13	40	35	s	n
1	210	13	41	37	s	n
1	210	13	42	40	s	n
1	210	13	43	40	s	n
1	210	13	44	44	s	n
1	210	13	45	33	s	n
1	210	13	46	38	s	n
1	210	13	47	25	s	n
1	210	13	48	25	s	n
1	210	13	49	34	s	n
1	210	13	50	22	s	n
1	210	14	1	36	s	n
1	210	14	2	27	s	n
1	210	14	3	34	s	n
1	210	14	4	33	s	n
1	210	14	5	35	s	n
1	210	14	6	35	s	n
1	210	14	7	32	s	n
1	210	14	8	31	s	n
1	210	14	9	23	s	n
1	210	14	10	23	s	n
1	210	14	11	22	s	n
1	210	14	12	32	s	n
1	210	14	13	26	s	n
1	210	14	14	28	s	n
1	210	14	15	29	s	n
1	210	14	16	39	s	n
1	210	14	17	31	s	n
1	210	14	18	31	s	n
1	210	14	19	39	s	n
1	210	14	20	32	s	n
1	210	14	21	28	s	n
1	210	14	22	31	s	n
1	210	14	23	33	s	n
1	210	14	24	32	s	n
1	210	14	25	36	s	n
1	210	14	26	41	s	n
1	210	14	27	43	s	n
1	210	14	28	32	s	n
1	210	14	29	34	s	n
1	210	14	30	39	s	n
1	210	14	31	29	s	n
1	210	14	32	46	s	n
1	210	14	33	40	s	n
1	210	14	34	40	s	n
1	210	14	35	44	s	n
1	210	14	36	35	s	n
1	210	14	37	39	s	n
1	210	14	38	34	s	n
1	210	14	39	45	s	n
1	210	14	40	38	s	n
1	210	14	41	46	s	n
1	210	14	42	30	s	n
1	210	14	43	28	s	n
1	210	14	44	31	s	n
1	210	14	45	30	s	n
1	210	14	46	32	s	n
1	210	14	47	32	s	n
1	210	14	48	35	s	n
1	210	14	49	25	s	n
1	210	14	50	26	s	n
1	210	15	1	27	s	n
1	210	15	2	29	s	n
1	210	15	3	28	s	n
1	210	15	4	34	s	n
1	210	15	5	33	s	n
1	210	15	6	37	s	n
1	210	15	7	32	s	n
1	210	15	8	31	s	n
1	210	15	9	22	s	n
1	210	15	10	30	s	n
1	210	15	11	21	s	n
1	210	15	12	28	s	n
1	210	15	13	32	s	n
1	210	15	14	30	s	n
1	210	15	15	28	s	n
1	210	15	16	34	s	n
1	210	15	17	31	s	n
1	210	15	18	42	s	n
1	210	15	19	40	s	n
1	210	15	20	27	s	n
1	210	15	21	54	s	n
1	210	15	22	47	s	n
1	210	15	23	26	s	n
1	210	15	24	31	s	n
1	210	15	25	22	s	n
1	210	15	26	31	s	n
1	210	15	27	45	s	n
1	210	15	28	30	s	n
1	210	15	29	42	s	n
1	210	15	30	37	s	n
1	210	15	31	30	s	n
1	210	15	32	35	s	n
1	210	15	33	46	s	n
1	210	15	34	53	s	n
1	210	15	35	36	s	n
1	210	15	36	30	s	n
1	210	15	37	32	s	n
1	210	15	38	18	s	n
1	210	15	39	60	s	n
1	210	15	40	36	s	n
1	210	15	41	43	s	n
1	210	15	42	23	s	n
1	210	15	43	36	s	n
1	210	15	44	36	s	n
1	210	15	45	35	s	n
1	210	15	46	25	s	n
1	210	15	47	37	s	n
1	210	15	48	37	s	n
1	210	15	49	26	s	n
1	210	15	50	24	s	n
1	210	16	1	31	s	n
1	210	16	2	21	s	n
1	210	16	3	21	s	n
1	210	16	4	30	s	n
1	210	16	5	28	s	n
1	210	16	6	28	s	n
1	210	16	7	28	s	n
1	210	16	8	34	s	n
1	210	16	9	38	s	n
1	210	16	10	30	s	n
1	210	16	11	31	s	n
1	210	16	12	26	s	n
1	210	16	13	29	s	n
1	210	16	14	29	s	n
1	210	16	15	37	s	n
1	210	16	16	34	s	n
1	210	16	17	30	s	n
1	210	16	18	37	s	n
1	210	16	19	28	s	n
1	210	16	20	46	s	n
1	210	16	21	35	s	n
1	210	16	22	44	s	n
1	210	16	23	39	s	n
1	210	16	24	39	s	n
1	210	16	25	32	s	n
1	210	16	26	33	s	n
1	210	16	27	41	s	n
1	210	16	28	43	s	n
1	210	16	29	38	s	n
1	210	16	30	42	s	n
1	210	16	31	30	s	n
1	210	16	32	36	s	n
1	210	16	33	43	s	n
1	210	16	34	34	s	n
1	210	16	35	37	s	n
1	210	16	36	33	s	n
1	210	16	37	35	s	n
1	210	16	38	33	s	n
1	210	16	39	39	s	n
1	210	16	40	48	s	n
1	210	16	41	32	s	n
1	210	16	42	42	s	n
1	210	16	43	26	s	n
1	210	16	44	30	s	n
1	210	16	45	36	s	n
1	210	16	46	22	s	n
1	210	16	47	49	s	n
1	210	16	48	30	s	n
1	210	16	49	30	s	n
1	210	16	50	29	s	n
1	210	17	1	29	s	n
1	210	17	2	38	s	n
1	210	17	3	29	s	n
1	210	17	4	32	s	n
1	210	17	5	36	s	n
1	210	17	6	34	s	n
1	210	17	7	25	s	n
1	210	17	8	24	s	n
1	210	17	9	36	s	n
1	210	17	10	26	s	n
1	210	17	11	27	s	n
1	210	17	12	24	s	n
1	210	17	13	30	s	n
1	210	17	14	26	s	n
1	210	17	15	35	s	n
1	210	17	16	31	s	n
1	210	17	17	46	s	n
1	210	17	18	38	s	n
1	210	17	19	32	s	n
1	210	17	20	31	s	n
1	210	17	21	29	s	n
1	210	17	22	40	s	n
1	210	17	23	33	s	n
1	210	17	24	33	s	n
1	210	17	25	28	s	n
1	210	17	26	49	s	n
1	210	17	27	43	s	n
1	210	17	28	40	s	n
1	210	17	29	37	s	n
1	210	17	30	55	s	n
1	210	17	31	37	s	n
1	210	17	32	48	s	n
1	210	17	33	37	s	n
1	210	17	34	45	s	n
1	210	17	35	32	s	n
1	210	17	36	40	s	n
1	210	17	37	22	s	n
1	210	17	38	36	s	n
1	210	17	39	26	s	n
1	210	17	40	39	s	n
1	210	17	41	26	s	n
1	210	17	42	28	s	n
1	210	17	43	33	s	n
1	210	17	44	31	s	n
1	210	17	45	29	s	n
1	210	17	46	35	s	n
1	210	17	47	27	s	n
1	210	17	48	40	s	n
1	210	17	49	32	s	n
1	210	17	50	26	s	n
1	210	18	1	27	s	n
1	210	18	2	28	s	n
1	210	18	3	33	s	n
1	210	18	4	27	s	n
1	210	18	5	35	s	n
1	210	18	6	36	s	n
1	210	18	7	39	s	n
1	210	18	8	22	s	n
1	210	18	9	35	s	n
1	210	18	10	26	s	n
1	210	18	11	28	s	n
1	210	18	12	32	s	n
1	210	18	13	23	s	n
1	210	18	14	32	s	n
1	210	18	15	29	s	n
1	210	18	16	35	s	n
1	210	18	17	29	s	n
1	210	18	18	29	s	n
1	210	18	19	29	s	n
1	210	18	20	21	s	n
1	210	18	21	34	s	n
1	210	18	22	43	s	n
1	210	18	23	31	s	n
1	210	18	24	38	s	n
1	210	18	25	42	s	n
1	210	18	26	33	s	n
1	210	18	27	37	s	n
1	210	18	28	39	s	n
1	210	18	29	42	s	n
1	210	18	30	46	s	n
1	210	18	31	35	s	n
1	210	18	32	48	s	n
1	210	18	33	39	s	n
1	210	18	34	32	s	n
1	210	18	35	43	s	n
1	210	18	36	39	s	n
1	210	18	37	31	s	n
1	210	18	38	41	s	n
1	210	18	39	35	s	n
1	210	18	40	37	s	n
1	210	18	41	46	s	n
1	210	18	42	29	s	n
1	210	18	43	37	s	n
1	210	18	44	28	s	n
1	210	18	45	34	s	n
1	210	18	46	32	s	n
1	210	18	47	30	s	n
1	210	18	48	38	s	n
1	210	18	49	36	s	n
1	210	18	50	36	s	n
1	210	19	1	31	s	n
1	210	19	2	37	s	n
1	210	19	3	37	s	n
1	210	19	4	29	s	n
1	210	19	5	33	s	n
1	210	19	6	28	s	n
1	210	19	7	21	s	n
1	210	19	8	28	s	n
1	210	19	9	23	s	n
1	210	19	10	24	s	n
1	210	19	11	29	s	n
1	210	19	12	26	s	n
1	210	19	13	21	s	n
1	210	19	14	33	s	n
1	210	19	15	24	s	n
1	210	19	16	34	s	n
1	210	19	17	31	s	n
1	210	19	18	30	s	n
1	210	19	19	27	s	n
1	210	19	20	22	s	n
1	210	19	21	22	s	n
1	210	19	22	24	s	n
1	210	19	23	39	s	n
1	210	19	24	33	s	n
1	210	19	25	33	s	n
1	210	19	26	28	s	n
1	210	19	27	25	s	n
1	210	19	28	34	s	n
1	210	19	29	55	s	n
1	210	19	30	44	s	n
1	210	19	31	36	s	n
1	210	19	32	35	s	n
1	210	19	33	34	s	n
1	210	19	34	43	s	n
1	210	19	35	39	s	n
1	210	19	36	39	s	n
1	210	19	37	33	s	n
1	210	19	38	34	s	n
1	210	19	39	40	s	n
1	210	19	40	36	s	n
1	210	19	41	36	s	n
1	210	19	42	33	s	n
1	210	19	43	30	s	n
1	210	19	44	31	s	n
1	210	19	45	36	s	n
1	210	19	46	30	s	n
1	210	19	47	34	s	n
1	210	19	48	44	s	n
1	210	19	49	33	s	n
1	210	19	50	35	s	n
1	210	20	1	38	s	n
1	210	20	2	35	s	n
1	210	20	3	26	s	n
1	210	20	4	36	s	n
1	210	20	5	31	s	n
1	210	20	6	28	s	n
1	210	20	7	30	s	n
1	210	20	8	27	s	n
1	210	20	9	29	s	n
1	210	20	10	23	s	n
1	210	20	11	27	s	n
1	210	20	12	27	s	n
1	210	20	13	25	s	n
1	210	20	14	25	s	n
1	210	20	15	25	s	n
1	210	20	16	32	s	n
1	210	20	17	32	s	n
1	210	20	18	29	s	n
1	210	20	19	32	s	n
1	210	20	20	31	s	n
1	210	20	21	30	s	n
1	210	20	22	26	s	n
1	210	20	23	25	s	n
1	210	20	24	30	s	n
1	210	20	25	36	s	n
1	210	20	26	28	s	n
1	210	20	27	38	s	n
1	210	20	28	32	s	n
1	210	20	29	50	s	n
1	210	20	30	36	s	n
1	210	20	31	40	s	n
1	210	20	32	37	s	n
1	210	20	33	47	s	n
1	210	20	34	43	s	n
1	210	20	35	33	s	n
1	210	20	36	27	s	n
1	210	20	37	27	s	n
1	210	20	38	38	s	n
1	210	20	39	38	s	n
1	210	20	40	39	s	n
1	210	20	41	21	s	n
1	210	20	42	26	s	n
1	210	20	43	34	s	n
1	210	20	44	23	s	n
1	210	20	45	33	s	n
1	210	20	46	36	s	n
1	210	20	47	39	s	n
1	210	20	48	35	s	n
1	210	20	49	36	s	n
1	210	20	50	44	s	n
1	220	1	1	28	s	n
1	220	1	2	27	s	n
1	220	1	3	34	s	n
1	220	1	4	24	s	n
1	220	1	5	35	s	n
1	220	1	6	43	s	n
1	220	1	7	44	s	n
1	220	1	8	37	s	n
1	220	1	9	41	s	n
1	220	1	10	33	s	n
1	220	1	11	42	s	n
1	220	1	12	42	s	n
1	220	1	13	39	s	n
1	220	1	14	43	s	n
1	220	1	15	39	s	n
1	220	1	16	32	s	n
1	220	1	17	33	s	n
1	220	1	18	31	s	n
1	220	1	19	36	s	n
1	220	1	20	45	s	n
1	220	1	21	36	s	n
1	220	1	22	40	s	n
1	220	1	23	33	s	n
1	220	1	24	45	s	n
1	220	1	25	48	s	n
1	220	1	26	38	s	n
1	220	1	27	34	s	n
1	220	1	28	39	s	n
1	220	1	29	42	s	n
1	220	1	30	40	s	n
1	220	1	31	46	s	n
1	220	1	32	42	s	n
1	220	1	33	46	s	n
1	220	1	34	34	s	n
1	220	1	35	40	s	n
1	220	1	36	42	s	n
1	220	1	37	36	s	n
1	220	1	38	39	s	n
1	220	1	39	38	s	n
1	220	1	40	39	s	n
1	220	1	41	30	s	n
1	220	1	42	37	s	n
1	220	1	43	28	s	n
1	220	1	44	29	s	n
1	220	1	45	27	s	n
1	220	1	46	37	s	n
1	220	1	47	42	s	n
1	220	1	48	45	s	n
1	220	1	49	35	s	n
1	220	1	50	26	s	n
1	220	2	1	25	s	n
1	220	2	2	26	s	n
1	220	2	3	34	s	n
1	220	2	4	31	s	n
1	220	2	5	35	s	n
1	220	2	6	28	s	n
1	220	2	7	28	s	n
1	220	2	8	30	s	n
1	220	2	9	31	s	n
1	220	2	10	39	s	n
1	220	2	11	34	s	n
1	220	2	12	39	s	n
1	220	2	13	36	s	n
1	220	2	14	40	s	n
1	220	2	15	40	s	n
1	220	2	16	42	s	n
1	220	2	17	36	s	n
1	220	2	18	45	s	n
1	220	2	19	35	s	n
1	220	2	20	39	s	n
1	220	2	21	31	s	n
1	220	2	22	29	s	n
1	220	2	23	33	s	n
1	220	2	24	39	s	n
1	220	2	25	42	s	n
1	220	2	26	42	s	n
1	220	2	27	35	s	n
1	220	2	28	37	s	n
1	220	2	29	38	s	n
1	220	2	30	42	s	n
1	220	2	31	44	s	n
1	220	2	32	41	s	n
1	220	2	33	46	s	n
1	220	2	34	30	s	n
1	220	2	35	43	s	n
1	220	2	36	32	s	n
1	220	2	37	39	s	n
1	220	2	38	48	s	n
1	220	2	39	47	s	n
1	220	2	40	31	s	n
1	220	2	41	36	s	n
1	220	2	42	35	s	n
1	220	2	43	28	s	n
1	220	2	44	29	s	n
1	220	2	45	43	s	n
1	220	2	46	35	s	n
1	220	2	47	34	s	n
1	220	2	48	31	s	n
1	220	2	49	26	s	n
1	220	2	50	33	s	n
1	220	3	1	24	s	n
1	220	3	2	27	s	n
1	220	3	3	28	s	n
1	220	3	4	22	s	n
1	220	3	5	33	s	n
1	220	3	6	45	s	n
1	220	3	7	39	s	n
1	220	3	8	42	s	n
1	220	3	9	41	s	n
1	220	3	10	41	s	n
1	220	3	11	34	s	n
1	220	3	12	36	s	n
1	220	3	13	35	s	n
1	220	3	14	36	s	n
1	220	3	15	39	s	n
1	220	3	16	40	s	n
1	220	3	17	28	s	n
1	220	3	18	38	s	n
1	220	3	19	34	s	n
1	220	3	20	42	s	n
1	220	3	21	29	s	n
1	220	3	22	42	s	n
1	220	3	23	36	s	n
1	220	3	24	38	s	n
1	220	3	25	29	s	n
1	220	3	26	35	s	n
1	220	3	27	49	s	n
1	220	3	28	44	s	n
1	220	3	29	41	s	n
1	220	3	30	35	s	n
1	220	3	31	57	s	n
1	220	3	32	33	s	n
1	220	3	33	28	s	n
1	220	3	34	41	s	n
1	220	3	35	35	s	n
1	220	3	36	32	s	n
1	220	3	37	41	s	n
1	220	3	38	36	s	n
1	220	3	39	25	s	n
1	220	3	40	28	s	n
1	220	3	41	27	s	n
1	220	3	42	31	s	n
1	220	3	43	29	s	n
1	220	3	44	30	s	n
1	220	3	45	27	s	n
1	220	3	46	38	s	n
1	220	3	47	36	s	n
1	220	3	48	27	s	n
1	220	3	49	26	s	n
1	220	3	50	33	s	n
1	220	4	1	23	s	n
1	220	4	2	25	s	n
1	220	4	3	27	s	n
1	220	4	4	32	s	n
1	220	4	5	39	s	n
1	220	4	6	31	s	n
1	220	4	7	36	s	n
1	220	4	8	34	s	n
1	220	4	9	34	s	n
1	220	4	10	40	s	n
1	220	4	11	44	s	n
1	220	4	12	42	s	n
1	220	4	13	42	s	n
1	220	4	14	29	s	n
1	220	4	15	34	s	n
1	220	4	16	37	s	n
1	220	4	17	42	s	n
1	220	4	18	45	s	n
1	220	4	19	34	s	n
1	220	4	20	39	s	n
1	220	4	21	39	s	n
1	220	4	22	36	s	n
1	220	4	23	32	s	n
1	220	4	24	36	s	n
1	220	4	25	34	s	n
1	220	4	26	35	s	n
1	220	4	27	31	s	n
1	220	4	28	32	s	n
1	220	4	29	48	s	n
1	220	4	30	40	s	n
1	220	4	31	46	s	n
1	220	4	32	55	s	n
1	220	4	33	33	s	n
1	220	4	34	45	s	n
1	220	4	35	32	s	n
1	220	4	36	36	s	n
1	220	4	37	41	s	n
1	220	4	38	36	s	n
1	220	4	39	38	s	n
1	220	4	40	31	s	n
1	220	4	41	29	s	n
1	220	4	42	26	s	n
1	220	4	43	34	s	n
1	220	4	44	34	s	n
1	220	4	45	23	s	n
1	220	4	46	24	s	n
1	220	4	47	31	s	n
1	220	4	48	34	s	n
1	220	4	49	38	s	n
1	220	4	50	38	s	n
1	220	5	1	30	s	n
1	220	5	2	30	s	n
1	220	5	3	27	s	n
1	220	5	4	20	s	n
1	220	5	5	31	s	n
1	220	5	6	34	s	n
1	220	5	7	45	s	n
1	220	5	8	40	s	n
1	220	5	9	44	s	n
1	220	5	10	51	s	n
1	220	5	11	51	s	n
1	220	5	12	32	s	n
1	220	5	13	38	s	n
1	220	5	14	32	s	n
1	220	5	15	31	s	n
1	220	5	16	35	s	n
1	220	5	17	41	s	n
1	220	5	18	48	s	n
1	220	5	19	46	s	n
1	220	5	20	48	s	n
1	220	5	21	26	s	n
1	220	5	22	40	s	n
1	220	5	23	46	s	n
1	220	5	24	33	s	n
1	220	5	25	33	s	n
1	220	5	26	47	s	n
1	220	5	27	35	s	n
1	220	5	28	40	s	n
1	220	5	29	37	s	n
1	220	5	30	41	s	n
1	220	5	31	38	s	n
1	220	5	32	34	s	n
1	220	5	33	29	s	n
1	220	5	34	42	s	n
1	220	5	35	48	s	n
1	220	5	36	38	s	n
1	220	5	37	41	s	n
1	220	5	38	42	s	n
1	220	5	39	44	s	n
1	220	5	40	38	s	n
1	220	5	41	32	s	n
1	220	5	42	38	s	n
1	220	5	43	37	s	n
1	220	5	44	39	s	n
1	220	5	45	27	s	n
1	220	5	46	26	s	n
1	220	5	47	26	s	n
1	220	5	48	31	s	n
1	220	5	49	37	s	n
1	220	5	50	37	s	n
1	220	6	1	36	s	n
1	220	6	2	25	s	n
1	220	6	3	28	s	n
1	220	6	4	32	s	n
1	220	6	5	28	s	n
1	220	6	6	33	s	n
1	220	6	7	30	s	n
1	220	6	8	31	s	n
1	220	6	9	40	s	n
1	220	6	10	50	s	n
1	220	6	11	37	s	n
1	220	6	12	43	s	n
1	220	6	13	35	s	n
1	220	6	14	30	s	n
1	220	6	15	32	s	n
1	220	6	16	44	s	n
1	220	6	17	42	s	n
1	220	6	18	43	s	n
1	220	6	19	37	s	n
1	220	6	20	47	s	n
1	220	6	21	49	s	n
1	220	6	22	43	s	n
1	220	6	23	41	s	n
1	220	6	24	48	s	n
1	220	6	25	36	s	n
1	220	6	26	30	s	n
1	220	6	27	35	s	n
1	220	6	28	45	s	n
1	220	6	29	44	s	n
1	220	6	30	51	s	n
1	220	6	31	52	s	n
1	220	6	32	43	s	n
1	220	6	33	32	s	n
1	220	6	34	27	s	n
1	220	6	35	35	s	n
1	220	6	36	38	s	n
1	220	6	37	34	s	n
1	220	6	38	43	s	n
1	220	6	39	41	s	n
1	220	6	40	32	s	n
1	220	6	41	28	s	n
1	220	6	42	32	s	n
1	220	6	43	34	s	n
1	220	6	44	35	s	n
1	220	6	45	28	s	n
1	220	6	46	35	s	n
1	220	6	47	33	s	n
1	220	6	48	27	s	n
1	220	6	49	30	s	n
1	220	6	50	25	s	n
1	220	7	1	34	s	n
1	220	7	2	27	s	n
1	220	7	3	32	s	n
1	220	7	4	27	s	n
1	220	7	5	22	s	n
1	220	7	6	27	s	n
1	220	7	7	30	s	n
1	220	7	8	37	s	n
1	220	7	9	39	s	n
1	220	7	10	52	s	n
1	220	7	11	35	s	n
1	220	7	12	46	s	n
1	220	7	13	50	s	n
1	220	7	14	28	s	n
1	220	7	15	38	s	n
1	220	7	16	31	s	n
1	220	7	17	34	s	n
1	220	7	18	35	s	n
1	220	7	19	40	s	n
1	220	7	20	42	s	n
1	220	7	21	39	s	n
1	220	7	22	36	s	n
1	220	7	23	47	s	n
1	220	7	24	39	s	n
1	220	7	25	29	s	n
1	220	7	26	42	s	n
1	220	7	27	36	s	n
1	220	7	28	33	s	n
1	220	7	29	44	s	n
1	220	7	30	38	s	n
1	220	7	31	41	s	n
1	220	7	32	32	s	n
1	220	7	33	29	s	n
1	220	7	34	29	s	n
1	220	7	35	39	s	n
1	220	7	36	47	s	n
1	220	7	37	42	s	n
1	220	7	38	32	s	n
1	220	7	39	39	s	n
1	220	7	40	28	s	n
1	220	7	41	27	s	n
1	220	7	42	23	s	n
1	220	7	43	38	s	n
1	220	7	44	41	s	n
1	220	7	45	36	s	n
1	220	7	46	36	s	n
1	220	7	47	31	s	n
1	220	7	48	22	s	n
1	220	7	49	32	s	n
1	220	7	50	30	s	n
1	220	8	1	28	s	n
1	220	8	2	25	s	n
1	220	8	3	34	s	n
1	220	8	4	33	s	n
1	220	8	5	27	s	n
1	220	8	6	35	s	n
1	220	8	7	31	s	n
1	220	8	8	42	s	n
1	220	8	9	30	s	n
1	220	8	10	39	s	n
1	220	8	11	28	s	n
1	220	8	12	36	s	n
1	220	8	13	35	s	n
1	220	8	14	32	s	n
1	220	8	15	36	s	n
1	220	8	16	34	s	n
1	220	8	17	40	s	n
1	220	8	18	42	s	n
1	220	8	19	30	s	n
1	220	8	20	41	s	n
1	220	8	21	36	s	n
1	220	8	22	39	s	n
1	220	8	23	46	s	n
1	220	8	24	37	s	n
1	220	8	25	37	s	n
1	220	8	26	37	s	n
1	220	8	27	43	s	n
1	220	8	28	34	s	n
1	220	8	29	42	s	n
1	220	8	30	51	s	n
1	220	8	31	41	s	n
1	220	8	32	51	s	n
1	220	8	33	41	s	n
1	220	8	34	43	s	n
1	220	8	35	46	s	n
1	220	8	36	42	s	n
1	220	8	37	38	s	n
1	220	8	38	43	s	n
1	220	8	39	44	s	n
1	220	8	40	30	s	n
1	220	8	41	23	s	n
1	220	8	42	21	s	n
1	220	8	43	18	s	n
1	220	8	44	37	s	n
1	220	8	45	32	s	n
1	220	8	46	33	s	n
1	220	8	47	25	s	n
1	220	8	48	32	s	n
1	220	8	49	26	s	n
1	220	8	50	21	s	n
1	220	9	1	40	s	n
1	220	9	2	41	s	n
1	220	9	3	30	s	n
1	220	9	4	39	s	n
1	220	9	5	29	s	n
1	220	9	6	30	s	n
1	220	9	7	45	s	n
1	220	9	8	39	s	n
1	220	9	9	40	s	n
1	220	9	10	48	s	n
1	220	9	11	30	s	n
1	220	9	12	32	s	n
1	220	9	13	35	s	n
1	220	9	14	28	s	n
1	220	9	15	40	s	n
1	220	9	16	40	s	n
1	220	9	17	36	s	n
1	220	9	18	31	s	n
1	220	9	19	31	s	n
1	220	9	20	41	s	n
1	220	9	21	37	s	n
1	220	9	22	40	s	n
1	220	9	23	41	s	n
1	220	9	24	37	s	n
1	220	9	25	36	s	n
1	220	9	26	40	s	n
1	220	9	27	42	s	n
1	220	9	28	35	s	n
1	220	9	29	24	s	n
1	220	9	30	37	s	n
1	220	9	31	34	s	n
1	220	9	32	35	s	n
1	220	9	33	48	s	n
1	220	9	34	42	s	n
1	220	9	35	39	s	n
1	220	9	36	30	s	n
1	220	9	37	48	s	n
1	220	9	38	63	s	n
1	220	9	39	33	s	n
1	220	9	40	34	s	n
1	220	9	41	23	s	n
1	220	9	42	29	s	n
1	220	9	43	23	s	n
1	220	9	44	30	s	n
1	220	9	45	25	s	n
1	220	9	46	28	s	n
1	220	9	47	32	s	n
1	220	9	48	32	s	n
1	220	9	49	25	s	n
1	220	9	50	27	s	n
1	220	10	1	40	s	n
1	220	10	2	35	s	n
1	220	10	3	37	s	n
1	220	10	4	35	s	n
1	220	10	5	33	s	n
1	220	10	6	41	s	n
1	220	10	7	40	s	n
1	220	10	8	43	s	n
1	220	10	9	32	s	n
1	220	10	10	37	s	n
1	220	10	11	39	s	n
1	220	10	12	27	s	n
1	220	10	13	34	s	n
1	220	10	14	20	s	n
1	220	10	15	28	s	n
1	220	10	16	34	s	n
1	220	10	17	36	s	n
1	220	10	18	34	s	n
1	220	10	19	36	s	n
1	220	10	20	35	s	n
1	220	10	21	37	s	n
1	220	10	22	43	s	n
1	220	10	23	44	s	n
1	220	10	24	40	s	n
1	220	10	25	48	s	n
1	220	10	26	35	s	n
1	220	10	27	27	s	n
1	220	10	28	38	s	n
1	220	10	29	35	s	n
1	220	10	30	33	s	n
1	220	10	31	39	s	n
1	220	10	32	40	s	n
1	220	10	33	43	s	n
1	220	10	34	34	s	n
1	220	10	35	41	s	n
1	220	10	36	32	s	n
1	220	10	37	33	s	n
1	220	10	38	26	s	n
1	220	10	39	40	s	n
1	220	10	40	29	s	n
1	220	10	41	28	s	n
1	220	10	42	27	s	n
1	220	10	43	26	s	n
1	220	10	44	27	s	n
1	220	10	45	35	s	n
1	220	10	46	21	s	n
1	220	10	47	26	s	n
1	220	10	48	45	s	n
1	220	10	49	31	s	n
1	220	10	50	28	s	n
1	220	11	1	23	s	n
1	220	11	2	37	s	n
1	220	11	3	30	s	n
1	220	11	4	34	s	n
1	220	11	5	33	s	n
1	220	11	6	36	s	n
1	220	11	7	41	s	n
1	220	11	8	39	s	n
1	220	11	9	33	s	n
1	220	11	10	36	s	n
1	220	11	11	33	s	n
1	220	11	12	23	s	n
1	220	11	13	32	s	n
1	220	11	14	41	s	n
1	220	11	15	28	s	n
1	220	11	16	37	s	n
1	220	11	17	31	s	n
1	220	11	18	35	s	n
1	220	11	19	33	s	n
1	220	11	20	31	s	n
1	220	11	21	46	s	n
1	220	11	22	35	s	n
1	220	11	23	40	s	n
1	220	11	24	39	s	n
1	220	11	25	42	s	n
1	220	11	26	50	s	n
1	220	11	27	43	s	n
1	220	11	28	41	s	n
1	220	11	29	38	s	n
1	220	11	30	52	s	n
1	220	11	31	38	s	n
1	220	11	32	48	s	n
1	220	11	33	55	s	n
1	220	11	34	43	s	n
1	220	11	35	34	s	n
1	220	11	36	32	s	n
1	220	11	37	29	s	n
1	220	11	38	29	s	n
1	220	11	39	50	s	n
1	220	11	40	34	s	n
1	220	11	41	33	s	n
1	220	11	42	17	s	n
1	220	11	43	26	s	n
1	220	11	44	37	s	n
1	220	11	45	32	s	n
1	220	11	46	32	s	n
1	220	11	47	31	s	n
1	220	11	48	31	s	n
1	220	11	49	28	s	n
1	220	11	50	28	s	n
1	220	12	1	37	s	n
1	220	12	2	32	s	n
1	220	12	3	35	s	n
1	220	12	4	35	s	n
1	220	12	5	29	s	n
1	220	12	6	31	s	n
1	220	12	7	36	s	n
1	220	12	8	30	s	n
1	220	12	9	32	s	n
1	220	12	10	27	s	n
1	220	12	11	31	s	n
1	220	12	12	24	s	n
1	220	12	13	29	s	n
1	220	12	14	31	s	n
1	220	12	15	36	s	n
1	220	12	16	27	s	n
1	220	12	17	32	s	n
1	220	12	18	34	s	n
1	220	12	19	25	s	n
1	220	12	20	25	s	n
1	220	12	21	21	s	n
1	220	12	22	41	s	n
1	220	12	23	40	s	n
1	220	12	24	39	s	n
1	220	12	25	37	s	n
1	220	12	26	35	s	n
1	220	12	27	30	s	n
1	220	12	28	34	s	n
1	220	12	29	43	s	n
1	220	12	30	36	s	n
1	220	12	31	38	s	n
1	220	12	32	44	s	n
1	220	12	33	41	s	n
1	220	12	34	36	s	n
1	220	12	35	37	s	n
1	220	12	36	34	s	n
1	220	12	37	24	s	n
1	220	12	38	41	s	n
1	220	12	39	38	s	n
1	220	12	40	42	s	n
1	220	12	41	23	s	n
1	220	12	42	45	s	n
1	220	12	43	35	s	n
1	220	12	44	39	s	n
1	220	12	45	26	s	n
1	220	12	46	21	s	n
1	220	12	47	26	s	n
1	220	12	48	27	s	n
1	220	12	49	31	s	n
1	220	12	50	19	s	n
1	220	13	1	34	s	n
1	220	13	2	26	s	n
1	220	13	3	24	s	n
1	220	13	4	36	s	n
1	220	13	5	26	s	n
1	220	13	6	36	s	n
1	220	13	7	30	s	n
1	220	13	8	28	s	n
1	220	13	9	31	s	n
1	220	13	10	34	s	n
1	220	13	11	22	s	n
1	220	13	12	26	s	n
1	220	13	13	36	s	n
1	220	13	14	29	s	n
1	220	13	15	33	s	n
1	220	13	16	42	s	n
1	220	13	17	21	s	n
1	220	13	18	32	s	n
1	220	13	19	27	s	n
1	220	13	20	35	s	n
1	220	13	21	32	s	n
1	220	13	22	38	s	n
1	220	13	23	28	s	n
1	220	13	24	31	s	n
1	220	13	25	40	s	n
1	220	13	26	30	s	n
1	220	13	27	34	s	n
1	220	13	28	48	s	n
1	220	13	29	38	s	n
1	220	13	30	44	s	n
1	220	13	31	35	s	n
1	220	13	32	47	s	n
1	220	13	33	42	s	n
1	220	13	34	42	s	n
1	220	13	35	32	s	n
1	220	13	36	29	s	n
1	220	13	37	40	s	n
1	220	13	38	32	s	n
1	220	13	39	21	s	n
1	220	13	40	28	s	n
1	220	13	41	34	s	n
1	220	13	42	36	s	n
1	220	13	43	28	s	n
1	220	13	44	41	s	n
1	220	13	45	36	s	n
1	220	13	46	38	s	n
1	220	13	47	45	s	n
1	220	13	48	25	s	n
1	220	13	49	29	s	n
1	220	13	50	34	s	n
1	220	14	1	32	s	n
1	220	14	2	34	s	n
1	220	14	3	26	s	n
1	220	14	4	32	s	n
1	220	14	5	24	s	n
1	220	14	6	27	s	n
1	220	14	7	32	s	n
1	220	14	8	32	s	n
1	220	14	9	31	s	n
1	220	14	10	27	s	n
1	220	14	11	26	s	n
1	220	14	12	31	s	n
1	220	14	13	23	s	n
1	220	14	14	35	s	n
1	220	14	15	34	s	n
1	220	14	16	35	s	n
1	220	14	17	29	s	n
1	220	14	18	32	s	n
1	220	14	19	36	s	n
1	220	14	20	29	s	n
1	220	14	21	27	s	n
1	220	14	22	21	s	n
1	220	14	23	33	s	n
1	220	14	24	31	s	n
1	220	14	25	32	s	n
1	220	14	26	50	s	n
1	220	14	27	35	s	n
1	220	14	28	28	s	n
1	220	14	29	42	s	n
1	220	14	30	41	s	n
1	220	14	31	45	s	n
1	220	14	32	42	s	n
1	220	14	33	53	s	n
1	220	14	34	38	s	n
1	220	14	35	36	s	n
1	220	14	36	45	s	n
1	220	14	37	47	s	n
1	220	14	38	36	s	n
1	220	14	39	24	s	n
1	220	14	40	27	s	n
1	220	14	41	35	s	n
1	220	14	42	28	s	n
1	220	14	43	27	s	n
1	220	14	44	32	s	n
1	220	14	45	39	s	n
1	220	14	46	28	s	n
1	220	14	47	32	s	n
1	220	14	48	26	s	n
1	220	14	49	35	s	n
1	220	14	50	32	s	n
1	220	15	1	23	s	n
1	220	15	2	38	s	n
1	220	15	3	33	s	n
1	220	15	4	37	s	n
1	220	15	5	39	s	n
1	220	15	6	38	s	n
1	220	15	7	32	s	n
1	220	15	8	27	s	n
1	220	15	9	24	s	n
1	220	15	10	26	s	n
1	220	15	11	25	s	n
1	220	15	12	25	s	n
1	220	15	13	20	s	n
1	220	15	14	29	s	n
1	220	15	15	26	s	n
1	220	15	16	34	s	n
1	220	15	17	37	s	n
1	220	15	18	31	s	n
1	220	15	19	31	s	n
1	220	15	20	26	s	n
1	220	15	21	29	s	n
1	220	15	22	30	s	n
1	220	15	23	21	s	n
1	220	15	24	34	s	n
1	220	15	25	41	s	n
1	220	15	26	30	s	n
1	220	15	27	32	s	n
1	220	15	28	38	s	n
1	220	15	29	33	s	n
1	220	15	30	38	s	n
1	220	15	31	37	s	n
1	220	15	32	29	s	n
1	220	15	33	29	s	n
1	220	15	34	46	s	n
1	220	15	35	36	s	n
1	220	15	36	43	s	n
1	220	15	37	43	s	n
1	220	15	38	39	s	n
1	220	15	39	30	s	n
1	220	15	40	37	s	n
1	220	15	41	37	s	n
1	220	15	42	33	s	n
1	220	15	43	26	s	n
1	220	15	44	27	s	n
1	220	15	45	32	s	n
1	220	15	46	36	s	n
1	220	15	47	28	s	n
1	220	15	48	30	s	n
1	220	15	49	28	s	n
1	220	15	50	30	s	n
1	220	16	1	21	s	n
1	220	16	2	19	s	n
1	220	16	3	29	s	n
1	220	16	4	27	s	n
1	220	16	5	36	s	n
1	220	16	6	25	s	n
1	220	16	7	32	s	n
1	220	16	8	33	s	n
1	220	16	9	29	s	n
1	220	16	10	24	s	n
1	220	16	11	26	s	n
1	220	16	12	21	s	n
1	220	16	13	30	s	n
1	220	16	14	33	s	n
1	220	16	15	30	s	n
1	220	16	16	39	s	n
1	220	16	17	36	s	n
1	220	16	18	31	s	n
1	220	16	19	33	s	n
1	220	16	20	27	s	n
1	220	16	21	28	s	n
1	220	16	22	36	s	n
1	220	16	23	30	s	n
1	220	16	24	33	s	n
1	220	16	25	35	s	n
1	220	16	26	45	s	n
1	220	16	27	40	s	n
1	220	16	28	45	s	n
1	220	16	29	47	s	n
1	220	16	30	32	s	n
1	220	16	31	34	s	n
1	220	16	32	47	s	n
1	220	16	33	37	s	n
1	220	16	34	43	s	n
1	220	16	35	40	s	n
1	220	16	36	43	s	n
1	220	16	37	48	s	n
1	220	16	38	35	s	n
1	220	16	39	27	s	n
1	220	16	40	31	s	n
1	220	16	41	30	s	n
1	220	16	42	29	s	n
1	220	16	43	35	s	n
1	220	16	44	30	s	n
1	220	16	45	30	s	n
1	220	16	46	36	s	n
1	220	16	47	32	s	n
1	220	16	48	42	s	n
1	220	16	49	31	s	n
1	220	16	50	35	s	n
1	220	17	1	26	s	n
1	220	17	2	31	s	n
1	220	17	3	24	s	n
1	220	17	4	21	s	n
1	220	17	5	34	s	n
1	220	17	6	43	s	n
1	220	17	7	33	s	n
1	220	17	8	29	s	n
1	220	17	9	22	s	n
1	220	17	10	28	s	n
1	220	17	11	21	s	n
1	220	17	12	20	s	n
1	220	17	13	20	s	n
1	220	17	14	23	s	n
1	220	17	15	35	s	n
1	220	17	16	36	s	n
1	220	17	17	37	s	n
1	220	17	18	29	s	n
1	220	17	19	22	s	n
1	220	17	20	23	s	n
1	220	17	21	25	s	n
1	220	17	22	33	s	n
1	220	17	23	36	s	n
1	220	17	24	27	s	n
1	220	17	25	31	s	n
1	220	17	26	30	s	n
1	220	17	27	31	s	n
1	220	17	28	47	s	n
1	220	17	29	48	s	n
1	220	17	30	45	s	n
1	220	17	31	32	s	n
1	220	17	32	42	s	n
1	220	17	33	40	s	n
1	220	17	34	40	s	n
1	220	17	35	45	s	n
1	220	17	36	30	s	n
1	220	17	37	37	s	n
1	220	17	38	40	s	n
1	220	17	39	39	s	n
1	220	17	40	28	s	n
1	220	17	41	28	s	n
1	220	17	42	27	s	n
1	220	17	43	31	s	n
1	220	17	44	32	s	n
1	220	17	45	23	s	n
1	220	17	46	36	s	n
1	220	17	47	33	s	n
1	220	17	48	39	s	n
1	220	17	49	37	s	n
1	220	17	50	35	s	n
1	220	18	1	29	s	n
1	220	18	2	26	s	n
1	220	18	3	30	s	n
1	220	18	4	36	s	n
1	220	18	5	32	s	n
1	220	18	6	38	s	n
1	220	18	7	35	s	n
1	220	18	8	25	s	n
1	220	18	9	27	s	n
1	220	18	10	24	s	n
1	220	18	11	21	s	n
1	220	18	12	30	s	n
1	220	18	13	29	s	n
1	220	18	14	28	s	n
1	220	18	15	27	s	n
1	220	18	16	39	s	n
1	220	18	17	19	s	n
1	220	18	18	25	s	n
1	220	18	19	23	s	n
1	220	18	20	27	s	n
1	220	18	21	22	s	n
1	220	18	22	20	s	n
1	220	18	23	18	s	n
1	220	18	24	28	s	n
1	220	18	25	26	s	n
1	220	18	26	32	s	n
1	220	18	27	32	s	n
1	220	18	28	30	s	n
1	220	18	29	41	s	n
1	220	18	30	40	s	n
1	220	18	31	37	s	n
1	220	18	32	46	s	n
1	220	18	33	31	s	n
1	220	18	34	35	s	n
1	220	18	35	44	s	n
1	220	18	36	31	s	n
1	220	18	37	41	s	n
1	220	18	38	35	s	n
1	220	18	39	44	s	n
1	220	18	40	37	s	n
1	220	18	41	32	s	n
1	220	18	42	33	s	n
1	220	18	43	31	s	n
1	220	18	44	32	s	n
1	220	18	45	28	s	n
1	220	18	46	41	s	n
1	220	18	47	25	s	n
1	220	18	48	32	s	n
1	220	18	49	34	s	n
1	220	18	50	23	s	n
1	220	19	1	32	s	n
1	220	19	2	30	s	n
1	220	19	3	32	s	n
1	220	19	4	29	s	n
1	220	19	5	33	s	n
1	220	19	6	34	s	n
1	220	19	7	29	s	n
1	220	19	8	24	s	n
1	220	19	9	25	s	n
1	220	19	10	18	s	n
1	220	19	11	29	s	n
1	220	19	12	30	s	n
1	220	19	13	31	s	n
1	220	19	14	23	s	n
1	220	19	15	31	s	n
1	220	19	16	30	s	n
1	220	19	17	32	s	n
1	220	19	18	27	s	n
1	220	19	19	32	s	n
1	220	19	20	20	s	n
1	220	19	21	28	s	n
1	220	19	22	32	s	n
1	220	19	23	24	s	n
1	220	19	24	26	s	n
1	220	19	25	24	s	n
1	220	19	26	35	s	n
1	220	19	27	30	s	n
1	220	19	28	30	s	n
1	220	19	29	32	s	n
1	220	19	30	40	s	n
1	220	19	31	42	s	n
1	220	19	32	40	s	n
1	220	19	33	34	s	n
1	220	19	34	44	s	n
1	220	19	35	33	s	n
1	220	19	36	38	s	n
1	220	19	37	29	s	n
1	220	19	38	29	s	n
1	220	19	39	30	s	n
1	220	19	40	30	s	n
1	220	19	41	21	s	n
1	220	19	42	30	s	n
1	220	19	43	24	s	n
1	220	19	44	30	s	n
1	220	19	45	30	s	n
1	220	19	46	33	s	n
1	220	19	47	28	s	n
1	220	19	48	27	s	n
1	220	19	49	41	s	n
1	220	19	50	35	s	n
1	220	20	1	27	s	n
1	220	20	2	26	s	n
1	220	20	3	36	s	n
1	220	20	4	30	s	n
1	220	20	5	33	s	n
1	220	20	6	33	s	n
1	220	20	7	31	s	n
1	220	20	8	23	s	n
1	220	20	9	23	s	n
1	220	20	10	25	s	n
1	220	20	11	16	s	n
1	220	20	12	27	s	n
1	220	20	13	19	s	n
1	220	20	14	27	s	n
1	220	20	15	22	s	n
1	220	20	16	35	s	n
1	220	20	17	32	s	n
1	220	20	18	24	s	n
1	220	20	19	27	s	n
1	220	20	20	19	s	n
1	220	20	21	31	s	n
1	220	20	22	19	s	n
1	220	20	23	29	s	n
1	220	20	24	18	s	n
1	220	20	25	32	s	n
1	220	20	26	28	s	n
1	220	20	27	34	s	n
1	220	20	28	38	s	n
1	220	20	29	40	s	n
1	220	20	30	40	s	n
1	220	20	31	45	s	n
1	220	20	32	33	s	n
1	220	20	33	35	s	n
1	220	20	34	29	s	n
1	220	20	35	30	s	n
1	220	20	36	40	s	n
1	220	20	37	31	s	n
1	220	20	38	41	s	n
1	220	20	39	32	s	n
1	220	20	40	33	s	n
1	220	20	41	28	s	n
1	220	20	42	32	s	n
1	220	20	43	33	s	n
1	220	20	44	37	s	n
1	220	20	45	27	s	n
1	220	20	46	35	s	n
1	220	20	47	23	s	n
1	220	20	48	35	s	n
1	220	20	49	30	s	n
1	220	20	50	37	s	n
1	230	1	1	31	s	n
1	230	1	2	36	s	n
1	230	1	3	33	s	n
1	230	1	4	32	s	n
1	230	1	5	34	s	n
1	230	1	6	33	s	n
1	230	1	7	37	s	n
1	230	1	8	38	s	n
1	230	1	9	29	s	n
1	230	1	10	45	s	n
1	230	1	11	37	s	n
1	230	1	12	37	s	n
1	230	1	13	36	s	n
1	230	1	14	35	s	n
1	230	1	15	44	s	n
1	230	1	16	35	s	n
1	230	1	17	44	s	n
1	230	1	18	46	s	n
1	230	1	19	37	s	n
1	230	1	20	30	s	n
1	230	1	21	39	s	n
1	230	1	22	34	s	n
1	230	1	23	40	s	n
1	230	1	24	38	s	n
1	230	1	25	31	s	n
1	230	1	26	32	s	n
1	230	1	27	49	s	n
1	230	1	28	35	s	n
1	230	1	29	36	s	n
1	230	1	30	33	s	n
1	230	1	31	29	s	n
1	230	1	32	33	s	n
1	230	1	33	39	s	n
1	230	1	34	43	s	n
1	230	1	35	31	s	n
1	230	1	36	41	s	n
1	230	1	37	31	s	n
1	230	1	38	37	s	n
1	230	1	39	34	s	n
1	230	1	40	43	s	n
1	230	1	41	46	s	n
1	230	1	42	28	s	n
1	230	1	43	35	s	n
1	230	1	44	31	s	n
1	230	1	45	33	s	n
1	230	1	46	30	s	n
1	230	1	47	33	s	n
1	230	1	48	32	s	n
1	230	1	49	37	s	n
1	230	1	50	33	s	n
1	230	2	1	36	s	n
1	230	2	2	34	s	n
1	230	2	3	28	s	n
1	230	2	4	32	s	n
1	230	2	5	38	s	n
1	230	2	6	32	s	n
1	230	2	7	29	s	n
1	230	2	8	39	s	n
1	230	2	9	41	s	n
1	230	2	10	42	s	n
1	230	2	11	47	s	n
1	230	2	12	42	s	n
1	230	2	13	44	s	n
1	230	2	14	38	s	n
1	230	2	15	37	s	n
1	230	2	16	34	s	n
1	230	2	17	48	s	n
1	230	2	18	37	s	n
1	230	2	19	41	s	n
1	230	2	20	44	s	n
1	230	2	21	44	s	n
1	230	2	22	36	s	n
1	230	2	23	36	s	n
1	230	2	24	41	s	n
1	230	2	25	27	s	n
1	230	2	26	36	s	n
1	230	2	27	42	s	n
1	230	2	28	44	s	n
1	230	2	29	41	s	n
1	230	2	30	35	s	n
1	230	2	31	33	s	n
1	230	2	32	32	s	n
1	230	2	33	34	s	n
1	230	2	34	34	s	n
1	230	2	35	35	s	n
1	230	2	36	34	s	n
1	230	2	37	38	s	n
1	230	2	38	36	s	n
1	230	2	39	45	s	n
1	230	2	40	37	s	n
1	230	2	41	32	s	n
1	230	2	42	33	s	n
1	230	2	43	31	s	n
1	230	2	44	30	s	n
1	230	2	45	31	s	n
1	230	2	46	23	s	n
1	230	2	47	28	s	n
1	230	2	48	33	s	n
1	230	2	49	33	s	n
1	230	2	50	30	s	n
1	230	3	1	31	s	n
1	230	3	2	28	s	n
1	230	3	3	25	s	n
1	230	3	4	27	s	n
1	230	3	5	23	s	n
1	230	3	6	37	s	n
1	230	3	7	23	s	n
1	230	3	8	24	s	n
1	230	3	9	37	s	n
1	230	3	10	42	s	n
1	230	3	11	34	s	n
1	230	3	12	32	s	n
1	230	3	13	42	s	n
1	230	3	14	23	s	n
1	230	3	15	30	s	n
1	230	3	16	47	s	n
1	230	3	17	39	s	n
1	230	3	18	37	s	n
1	230	3	19	46	s	n
1	230	3	20	36	s	n
1	230	3	21	34	s	n
1	230	3	22	47	s	n
1	230	3	23	49	s	n
1	230	3	24	39	s	n
1	230	3	25	42	s	n
1	230	3	26	39	s	n
1	230	3	27	34	s	n
1	230	3	28	32	s	n
1	230	3	29	36	s	n
1	230	3	30	39	s	n
1	230	3	31	50	s	n
1	230	3	32	35	s	n
1	230	3	33	27	s	n
1	230	3	34	37	s	n
1	230	3	35	39	s	n
1	230	3	36	39	s	n
1	230	3	37	39	s	n
1	230	3	38	43	s	n
1	230	3	39	35	s	n
1	230	3	40	30	s	n
1	230	3	41	28	s	n
1	230	3	42	39	s	n
1	230	3	43	38	s	n
1	230	3	44	33	s	n
1	230	3	45	28	s	n
1	230	3	46	32	s	n
1	230	3	47	26	s	n
1	230	3	48	33	s	n
1	230	3	49	25	s	n
1	230	3	50	35	s	n
1	230	4	1	35	s	n
1	230	4	2	31	s	n
1	230	4	3	34	s	n
1	230	4	4	30	s	n
1	230	4	5	38	s	n
1	230	4	6	33	s	n
1	230	4	7	29	s	n
1	230	4	8	27	s	n
1	230	4	9	31	s	n
1	230	4	10	34	s	n
1	230	4	11	38	s	n
1	230	4	12	28	s	n
1	230	4	13	39	s	n
1	230	4	14	42	s	n
1	230	4	15	31	s	n
1	230	4	16	38	s	n
1	230	4	17	42	s	n
1	230	4	18	29	s	n
1	230	4	19	30	s	n
1	230	4	20	41	s	n
1	230	4	21	39	s	n
1	230	4	22	44	s	n
1	230	4	23	38	s	n
1	230	4	24	33	s	n
1	230	4	25	37	s	n
1	230	4	26	44	s	n
1	230	4	27	31	s	n
1	230	4	28	40	s	n
1	230	4	29	46	s	n
1	230	4	30	35	s	n
1	230	4	31	35	s	n
1	230	4	32	33	s	n
1	230	4	33	45	s	n
1	230	4	34	42	s	n
1	230	4	35	45	s	n
1	230	4	36	41	s	n
1	230	4	37	43	s	n
1	230	4	38	42	s	n
1	230	4	39	34	s	n
1	230	4	40	35	s	n
1	230	4	41	32	s	n
1	230	4	42	38	s	n
1	230	4	43	36	s	n
1	230	4	44	40	s	n
1	230	4	45	34	s	n
1	230	4	46	34	s	n
1	230	4	47	32	s	n
1	230	4	48	30	s	n
1	230	4	49	31	s	n
1	230	4	50	29	s	n
1	230	5	1	36	s	n
1	230	5	2	40	s	n
1	230	5	3	31	s	n
1	230	5	4	22	s	n
1	230	5	5	33	s	n
1	230	5	6	30	s	n
1	230	5	7	34	s	n
1	230	5	8	42	s	n
1	230	5	9	35	s	n
1	230	5	10	28	s	n
1	230	5	11	25	s	n
1	230	5	12	29	s	n
1	230	5	13	49	s	n
1	230	5	14	34	s	n
1	230	5	15	45	s	n
1	230	5	16	37	s	n
1	230	5	17	42	s	n
1	230	5	18	44	s	n
1	230	5	19	32	s	n
1	230	5	20	41	s	n
1	230	5	21	34	s	n
1	230	5	22	32	s	n
1	230	5	23	32	s	n
1	230	5	24	34	s	n
1	230	5	25	46	s	n
1	230	5	26	32	s	n
1	230	5	27	37	s	n
1	230	5	28	45	s	n
1	230	5	29	40	s	n
1	230	5	30	44	s	n
1	230	5	31	49	s	n
1	230	5	32	39	s	n
1	230	5	33	52	s	n
1	230	5	34	43	s	n
1	230	5	35	42	s	n
1	230	5	36	57	s	n
1	230	5	37	43	s	n
1	230	5	38	39	s	n
1	230	5	39	43	s	n
1	230	5	40	37	s	n
1	230	5	41	25	s	n
1	230	5	42	32	s	n
1	230	5	43	34	s	n
1	230	5	44	38	s	n
1	230	5	45	31	s	n
1	230	5	46	27	s	n
1	230	5	47	28	s	n
1	230	5	48	28	s	n
1	230	5	49	31	s	n
1	230	5	50	29	s	n
1	230	6	1	37	s	n
1	230	6	2	31	s	n
1	230	6	3	38	s	n
1	230	6	4	25	s	n
1	230	6	5	37	s	n
1	230	6	6	29	s	n
1	230	6	7	31	s	n
1	230	6	8	37	s	n
1	230	6	9	24	s	n
1	230	6	10	24	s	n
1	230	6	11	32	s	n
1	230	6	12	31	s	n
1	230	6	13	35	s	n
1	230	6	14	29	s	n
1	230	6	15	30	s	n
1	230	6	16	38	s	n
1	230	6	17	36	s	n
1	230	6	18	33	s	n
1	230	6	19	42	s	n
1	230	6	20	28	s	n
1	230	6	21	42	s	n
1	230	6	22	27	s	n
1	230	6	23	35	s	n
1	230	6	24	49	s	n
1	230	6	25	49	s	n
1	230	6	26	38	s	n
1	230	6	27	32	s	n
1	230	6	28	39	s	n
1	230	6	29	44	s	n
1	230	6	30	47	s	n
1	230	6	31	47	s	n
1	230	6	32	33	s	n
1	230	6	33	49	s	n
1	230	6	34	55	s	n
1	230	6	35	41	s	n
1	230	6	36	44	s	n
1	230	6	37	32	s	n
1	230	6	38	41	s	n
1	230	6	39	42	s	n
1	230	6	40	39	s	n
1	230	6	41	38	s	n
1	230	6	42	39	s	n
1	230	6	43	30	s	n
1	230	6	44	36	s	n
1	230	6	45	35	s	n
1	230	6	46	26	s	n
1	230	6	47	29	s	n
1	230	6	48	27	s	n
1	230	6	49	31	s	n
1	230	6	50	32	s	n
1	230	7	1	38	s	n
1	230	7	2	31	s	n
1	230	7	3	36	s	n
1	230	7	4	38	s	n
1	230	7	5	34	s	n
1	230	7	6	31	s	n
1	230	7	7	36	s	n
1	230	7	8	46	s	n
1	230	7	9	25	s	n
1	230	7	10	28	s	n
1	230	7	11	30	s	n
1	230	7	12	32	s	n
1	230	7	13	36	s	n
1	230	7	14	32	s	n
1	230	7	15	33	s	n
1	230	7	16	34	s	n
1	230	7	17	36	s	n
1	230	7	18	47	s	n
1	230	7	19	30	s	n
1	230	7	20	37	s	n
1	230	7	21	32	s	n
1	230	7	22	30	s	n
1	230	7	23	32	s	n
1	230	7	24	35	s	n
1	230	7	25	51	s	n
1	230	7	26	42	s	n
1	230	7	27	41	s	n
1	230	7	28	37	s	n
1	230	7	29	45	s	n
1	230	7	30	41	s	n
1	230	7	31	45	s	n
1	230	7	32	44	s	n
1	230	7	33	44	s	n
1	230	7	34	38	s	n
1	230	7	35	41	s	n
1	230	7	36	44	s	n
1	230	7	37	30	s	n
1	230	7	38	42	s	n
1	230	7	39	44	s	n
1	230	7	40	28	s	n
1	230	7	41	26	s	n
1	230	7	42	29	s	n
1	230	7	43	35	s	n
1	230	7	44	34	s	n
1	230	7	45	35	s	n
1	230	7	46	40	s	n
1	230	7	47	25	s	n
1	230	7	48	29	s	n
1	230	7	49	30	s	n
1	230	7	50	29	s	n
1	230	8	1	21	s	n
1	230	8	2	39	s	n
1	230	8	3	35	s	n
1	230	8	4	28	s	n
1	230	8	5	33	s	n
1	230	8	6	43	s	n
1	230	8	7	26	s	n
1	230	8	8	23	s	n
1	230	8	9	27	s	n
1	230	8	10	33	s	n
1	230	8	11	23	s	n
1	230	8	12	24	s	n
1	230	8	13	32	s	n
1	230	8	14	35	s	n
1	230	8	15	37	s	n
1	230	8	16	39	s	n
1	230	8	17	37	s	n
1	230	8	18	38	s	n
1	230	8	19	27	s	n
1	230	8	20	43	s	n
1	230	8	21	35	s	n
1	230	8	22	36	s	n
1	230	8	23	30	s	n
1	230	8	24	29	s	n
1	230	8	25	48	s	n
1	230	8	26	41	s	n
1	230	8	27	45	s	n
1	230	8	28	36	s	n
1	230	8	29	40	s	n
1	230	8	30	31	s	n
1	230	8	31	39	s	n
1	230	8	32	34	s	n
1	230	8	33	40	s	n
1	230	8	34	33	s	n
1	230	8	35	31	s	n
1	230	8	36	30	s	n
1	230	8	37	34	s	n
1	230	8	38	30	s	n
1	230	8	39	29	s	n
1	230	8	40	31	s	n
1	230	8	41	27	s	n
1	230	8	42	35	s	n
1	230	8	43	27	s	n
1	230	8	44	30	s	n
1	230	8	45	35	s	n
1	230	8	46	33	s	n
1	230	8	47	31	s	n
1	230	8	48	40	s	n
1	230	8	49	26	s	n
1	230	8	50	28	s	n
1	230	9	1	28	s	n
1	230	9	2	41	s	n
1	230	9	3	24	s	n
1	230	9	4	37	s	n
1	230	9	5	33	s	n
1	230	9	6	33	s	n
1	230	9	7	31	s	n
1	230	9	8	37	s	n
1	230	9	9	36	s	n
1	230	9	10	31	s	n
1	230	9	11	32	s	n
1	230	9	12	35	s	n
1	230	9	13	35	s	n
1	230	9	14	39	s	n
1	230	9	15	35	s	n
1	230	9	16	41	s	n
1	230	9	17	27	s	n
1	230	9	18	31	s	n
1	230	9	19	26	s	n
1	230	9	20	34	s	n
1	230	9	21	38	s	n
1	230	9	22	40	s	n
1	230	9	23	31	s	n
1	230	9	24	37	s	n
1	230	9	25	46	s	n
1	230	9	26	39	s	n
1	230	9	27	43	s	n
1	230	9	28	40	s	n
1	230	9	29	37	s	n
1	230	9	30	41	s	n
1	230	9	31	41	s	n
1	230	9	32	34	s	n
1	230	9	33	33	s	n
1	230	9	34	28	s	n
1	230	9	35	27	s	n
1	230	9	36	35	s	n
1	230	9	37	37	s	n
1	230	9	38	40	s	n
1	230	9	39	32	s	n
1	230	9	40	29	s	n
1	230	9	41	28	s	n
1	230	9	42	23	s	n
1	230	9	43	26	s	n
1	230	9	44	32	s	n
1	230	9	45	30	s	n
1	230	9	46	32	s	n
1	230	9	47	28	s	n
1	230	9	48	25	s	n
1	230	9	49	29	s	n
1	230	9	50	24	s	n
1	230	10	1	28	s	n
1	230	10	2	35	s	n
1	230	10	3	36	s	n
1	230	10	4	34	s	n
1	230	10	5	33	s	n
1	230	10	6	35	s	n
1	230	10	7	25	s	n
1	230	10	8	28	s	n
1	230	10	9	24	s	n
1	230	10	10	22	s	n
1	230	10	11	25	s	n
1	230	10	12	32	s	n
1	230	10	13	31	s	n
1	230	10	14	33	s	n
1	230	10	15	39	s	n
1	230	10	16	30	s	n
1	230	10	17	38	s	n
1	230	10	18	40	s	n
1	230	10	19	41	s	n
1	230	10	20	31	s	n
1	230	10	21	41	s	n
1	230	10	22	38	s	n
1	230	10	23	40	s	n
1	230	10	24	45	s	n
1	230	10	25	43	s	n
1	230	10	26	39	s	n
1	230	10	27	42	s	n
1	230	10	28	42	s	n
1	230	10	29	45	s	n
1	230	10	30	32	s	n
1	230	10	31	43	s	n
1	230	10	32	40	s	n
1	230	10	33	28	s	n
1	230	10	34	28	s	n
1	230	10	35	27	s	n
1	230	10	36	38	s	n
1	230	10	37	34	s	n
1	230	10	38	24	s	n
1	230	10	39	44	s	n
1	230	10	40	38	s	n
1	230	10	41	32	s	n
1	230	10	42	39	s	n
1	230	10	43	27	s	n
1	230	10	44	32	s	n
1	230	10	45	31	s	n
1	230	10	46	32	s	n
1	230	10	47	29	s	n
1	230	10	48	25	s	n
1	230	10	49	22	s	n
1	230	10	50	23	s	n
1	230	11	1	26	s	n
1	230	11	2	33	s	n
1	230	11	3	35	s	n
1	230	11	4	33	s	n
1	230	11	5	37	s	n
1	230	11	6	28	s	n
1	230	11	7	28	s	n
1	230	11	8	22	s	n
1	230	11	9	28	s	n
1	230	11	10	21	s	n
1	230	11	11	25	s	n
1	230	11	12	32	s	n
1	230	11	13	35	s	n
1	230	11	14	37	s	n
1	230	11	15	32	s	n
1	230	11	16	29	s	n
1	230	11	17	40	s	n
1	230	11	18	38	s	n
1	230	11	19	45	s	n
1	230	11	20	42	s	n
1	230	11	21	33	s	n
1	230	11	22	36	s	n
1	230	11	23	30	s	n
1	230	11	24	41	s	n
1	230	11	25	42	s	n
1	230	11	26	31	s	n
1	230	11	27	37	s	n
1	230	11	28	28	s	n
1	230	11	29	40	s	n
1	230	11	30	41	s	n
1	230	11	31	36	s	n
1	230	11	32	30	s	n
1	230	11	33	37	s	n
1	230	11	34	37	s	n
1	230	11	35	41	s	n
1	230	11	36	28	s	n
1	230	11	37	25	s	n
1	230	11	38	29	s	n
1	230	11	39	34	s	n
1	230	11	40	39	s	n
1	230	11	41	28	s	n
1	230	11	42	37	s	n
1	230	11	43	32	s	n
1	230	11	44	39	s	n
1	230	11	45	34	s	n
1	230	11	46	29	s	n
1	230	11	47	34	s	n
1	230	11	48	26	s	n
1	230	11	49	27	s	n
1	230	11	50	32	s	n
1	230	12	1	32	s	n
1	230	12	2	35	s	n
1	230	12	3	34	s	n
1	230	12	4	34	s	n
1	230	12	5	36	s	n
1	230	12	6	38	s	n
1	230	12	7	34	s	n
1	230	12	8	23	s	n
1	230	12	9	26	s	n
1	230	12	10	26	s	n
1	230	12	11	28	s	n
1	230	12	12	31	s	n
1	230	12	13	34	s	n
1	230	12	14	23	s	n
1	230	12	15	39	s	n
1	230	12	16	31	s	n
1	230	12	17	35	s	n
1	230	12	18	33	s	n
1	230	12	19	37	s	n
1	230	12	20	34	s	n
1	230	12	21	31	s	n
1	230	12	22	35	s	n
1	230	12	23	34	s	n
1	230	12	24	32	s	n
1	230	12	25	38	s	n
1	230	12	26	31	s	n
1	230	12	27	35	s	n
1	230	12	28	40	s	n
1	230	12	29	42	s	n
1	230	12	30	37	s	n
1	230	12	31	32	s	n
1	230	12	32	30	s	n
1	230	12	33	25	s	n
1	230	12	34	41	s	n
1	230	12	35	32	s	n
1	230	12	36	35	s	n
1	230	12	37	33	s	n
1	230	12	38	31	s	n
1	230	12	39	36	s	n
1	230	12	40	32	s	n
1	230	12	41	30	s	n
1	230	12	42	38	s	n
1	230	12	43	38	s	n
1	230	12	44	28	s	n
1	230	12	45	32	s	n
1	230	12	46	37	s	n
1	230	12	47	31	s	n
1	230	12	48	26	s	n
1	230	12	49	27	s	n
1	230	12	50	29	s	n
1	230	13	1	35	s	n
1	230	13	2	29	s	n
1	230	13	3	32	s	n
1	230	13	4	29	s	n
1	230	13	5	33	s	n
1	230	13	6	34	s	n
1	230	13	7	31	s	n
1	230	13	8	35	s	n
1	230	13	9	32	s	n
1	230	13	10	26	s	n
1	230	13	11	24	s	n
1	230	13	12	30	s	n
1	230	13	13	29	s	n
1	230	13	14	24	s	n
1	230	13	15	31	s	n
1	230	13	16	39	s	n
1	230	13	17	31	s	n
1	230	13	18	29	s	n
1	230	13	19	40	s	n
1	230	13	20	28	s	n
1	230	13	21	36	s	n
1	230	13	22	39	s	n
1	230	13	23	29	s	n
1	230	13	24	36	s	n
1	230	13	25	44	s	n
1	230	13	26	33	s	n
1	230	13	27	32	s	n
1	230	13	28	20	s	n
1	230	13	29	33	s	n
1	230	13	30	30	s	n
1	230	13	31	58	s	n
1	230	13	32	50	s	n
1	230	13	33	44	s	n
1	230	13	34	44	s	n
1	230	13	35	38	s	n
1	230	13	36	35	s	n
1	230	13	37	37	s	n
1	230	13	38	42	s	n
1	230	13	39	38	s	n
1	230	13	40	44	s	n
1	230	13	41	36	s	n
1	230	13	42	31	s	n
1	230	13	43	31	s	n
1	230	13	44	34	s	n
1	230	13	45	33	s	n
1	230	13	46	30	s	n
1	230	13	47	39	s	n
1	230	13	48	27	s	n
1	230	13	49	22	s	n
1	230	13	50	18	s	n
1	230	14	1	32	s	n
1	230	14	2	30	s	n
1	230	14	3	31	s	n
1	230	14	4	34	s	n
1	230	14	5	32	s	n
1	230	14	6	30	s	n
1	230	14	7	32	s	n
1	230	14	8	29	s	n
1	230	14	9	32	s	n
1	230	14	10	30	s	n
1	230	14	11	33	s	n
1	230	14	12	36	s	n
1	230	14	13	32	s	n
1	230	14	14	26	s	n
1	230	14	15	27	s	n
1	230	14	16	33	s	n
1	230	14	17	34	s	n
1	230	14	18	31	s	n
1	230	14	19	23	s	n
1	230	14	20	39	s	n
1	230	14	21	35	s	n
1	230	14	22	39	s	n
1	230	14	23	31	s	n
1	230	14	24	34	s	n
1	230	14	25	39	s	n
1	230	14	26	31	s	n
1	230	14	27	32	s	n
1	230	14	28	32	s	n
1	230	14	29	34	s	n
1	230	14	30	36	s	n
1	230	14	31	39	s	n
1	230	14	32	49	s	n
1	230	14	33	48	s	n
1	230	14	34	44	s	n
1	230	14	35	38	s	n
1	230	14	36	31	s	n
1	230	14	37	29	s	n
1	230	14	38	35	s	n
1	230	14	39	37	s	n
1	230	14	40	34	s	n
1	230	14	41	37	s	n
1	230	14	42	37	s	n
1	230	14	43	27	s	n
1	230	14	44	27	s	n
1	230	14	45	23	s	n
1	230	14	46	32	s	n
1	230	14	47	29	s	n
1	230	14	48	31	s	n
1	230	14	49	29	s	n
1	230	14	50	33	s	n
1	230	15	1	27	s	n
1	230	15	2	33	s	n
1	230	15	3	32	s	n
1	230	15	4	29	s	n
1	230	15	5	27	s	n
1	230	15	6	35	s	n
1	230	15	7	33	s	n
1	230	15	8	30	s	n
1	230	15	9	35	s	n
1	230	15	10	27	s	n
1	230	15	11	25	s	n
1	230	15	12	24	s	n
1	230	15	13	41	s	n
1	230	15	14	23	s	n
1	230	15	15	29	s	n
1	230	15	16	31	s	n
1	230	15	17	28	s	n
1	230	15	18	32	s	n
1	230	15	19	33	s	n
1	230	15	20	35	s	n
1	230	15	21	43	s	n
1	230	15	22	33	s	n
1	230	15	23	35	s	n
1	230	15	24	39	s	n
1	230	15	25	37	s	n
1	230	15	26	33	s	n
1	230	15	27	27	s	n
1	230	15	28	43	s	n
1	230	15	29	39	s	n
1	230	15	30	32	s	n
1	230	15	31	54	s	n
1	230	15	32	40	s	n
1	230	15	33	41	s	n
1	230	15	34	59	s	n
1	230	15	35	58	s	n
1	230	15	36	37	s	n
1	230	15	37	33	s	n
1	230	15	38	36	s	n
1	230	15	39	38	s	n
1	230	15	40	38	s	n
1	230	15	41	24	s	n
1	230	15	42	27	s	n
1	230	15	43	28	s	n
1	230	15	44	26	s	n
1	230	15	45	25	s	n
1	230	15	46	35	s	n
1	230	15	47	36	s	n
1	230	15	48	37	s	n
1	230	15	49	30	s	n
1	230	15	50	28	s	n
1	230	16	1	35	s	n
1	230	16	2	27	s	n
1	230	16	3	22	s	n
1	230	16	4	38	s	n
1	230	16	5	35	s	n
1	230	16	6	33	s	n
1	230	16	7	34	s	n
1	230	16	8	32	s	n
1	230	16	9	27	s	n
1	230	16	10	22	s	n
1	230	16	11	34	s	n
1	230	16	12	30	s	n
1	230	16	13	21	s	n
1	230	16	14	27	s	n
1	230	16	15	33	s	n
1	230	16	16	39	s	n
1	230	16	17	36	s	n
1	230	16	18	41	s	n
1	230	16	19	46	s	n
1	230	16	20	37	s	n
1	230	16	21	36	s	n
1	230	16	22	27	s	n
1	230	16	23	37	s	n
1	230	16	24	34	s	n
1	230	16	25	52	s	n
1	230	16	26	36	s	n
1	230	16	27	29	s	n
1	230	16	28	35	s	n
1	230	16	29	48	s	n
1	230	16	30	42	s	n
1	230	16	31	46	s	n
1	230	16	32	60	s	n
1	230	16	33	60	s	n
1	230	16	34	41	s	n
1	230	16	35	55	s	n
1	230	16	36	31	s	n
1	230	16	37	42	s	n
1	230	16	38	33	s	n
1	230	16	39	32	s	n
1	230	16	40	35	s	n
1	230	16	41	24	s	n
1	230	16	42	36	s	n
1	230	16	43	22	s	n
1	230	16	44	35	s	n
1	230	16	45	21	s	n
1	230	16	46	33	s	n
1	230	16	47	33	s	n
1	230	16	48	34	s	n
1	230	16	49	28	s	n
1	230	16	50	34	s	n
1	230	17	1	26	s	n
1	230	17	2	23	s	n
1	230	17	3	28	s	n
1	230	17	4	39	s	n
1	230	17	5	39	s	n
1	230	17	6	38	s	n
1	230	17	7	34	s	n
1	230	17	8	24	s	n
1	230	17	9	33	s	n
1	230	17	10	27	s	n
1	230	17	11	25	s	n
1	230	17	12	35	s	n
1	230	17	13	17	s	n
1	230	17	14	21	s	n
1	230	17	15	36	s	n
1	230	17	16	37	s	n
1	230	17	17	23	s	n
1	230	17	18	35	s	n
1	230	17	19	38	s	n
1	230	17	20	38	s	n
1	230	17	21	36	s	n
1	230	17	22	31	s	n
1	230	17	23	38	s	n
1	230	17	24	37	s	n
1	230	17	25	32	s	n
1	230	17	26	32	s	n
1	230	17	27	31	s	n
1	230	17	28	31	s	n
1	230	17	29	34	s	n
1	230	17	30	39	s	n
1	230	17	31	38	s	n
1	230	17	32	48	s	n
1	230	17	33	51	s	n
1	230	17	34	42	s	n
1	230	17	35	63	s	n
1	230	17	36	35	s	n
1	230	17	37	45	s	n
1	230	17	38	41	s	n
1	230	17	39	37	s	n
1	230	17	40	34	s	n
1	230	17	41	37	s	n
1	230	17	42	32	s	n
1	230	17	43	34	s	n
1	230	17	44	23	s	n
1	230	17	45	16	s	n
1	230	17	46	27	s	n
1	230	17	47	35	s	n
1	230	17	48	33	s	n
1	230	17	49	30	s	n
1	230	17	50	33	s	n
1	230	18	1	28	s	n
1	230	18	2	32	s	n
1	230	18	3	27	s	n
1	230	18	4	38	s	n
1	230	18	5	35	s	n
1	230	18	6	31	s	n
1	230	18	7	23	s	n
1	230	18	8	32	s	n
1	230	18	9	27	s	n
1	230	18	10	29	s	n
1	230	18	11	28	s	n
1	230	18	12	26	s	n
1	230	18	13	36	s	n
1	230	18	14	23	s	n
1	230	18	15	36	s	n
1	230	18	16	31	s	n
1	230	18	17	25	s	n
1	230	18	18	33	s	n
1	230	18	19	33	s	n
1	230	18	20	37	s	n
1	230	18	21	36	s	n
1	230	18	22	28	s	n
1	230	18	23	39	s	n
1	230	18	24	32	s	n
1	230	18	25	33	s	n
1	230	18	26	37	s	n
1	230	18	27	32	s	n
1	230	18	28	41	s	n
1	230	18	29	43	s	n
1	230	18	30	56	s	n
1	230	18	31	39	s	n
1	230	18	32	30	s	n
1	230	18	33	44	s	n
1	230	18	34	39	s	n
1	230	18	35	34	s	n
1	230	18	36	35	s	n
1	230	18	37	28	s	n
1	230	18	38	37	s	n
1	230	18	39	44	s	n
1	230	18	40	30	s	n
1	230	18	41	32	s	n
1	230	18	42	32	s	n
1	230	18	43	27	s	n
1	230	18	44	28	s	n
1	230	18	45	24	s	n
1	230	18	46	32	s	n
1	230	18	47	31	s	n
1	230	18	48	33	s	n
1	230	18	49	30	s	n
1	230	18	50	35	s	n
1	230	19	1	40	s	n
1	230	19	2	31	s	n
1	230	19	3	37	s	n
1	230	19	4	40	s	n
1	230	19	5	33	s	n
1	230	19	6	36	s	n
1	230	19	7	28	s	n
1	230	19	8	29	s	n
1	230	19	9	24	s	n
1	230	19	10	27	s	n
1	230	19	11	35	s	n
1	230	19	12	27	s	n
1	230	19	13	23	s	n
1	230	19	14	27	s	n
1	230	19	15	24	s	n
1	230	19	16	30	s	n
1	230	19	17	33	s	n
1	230	19	18	37	s	n
1	230	19	19	39	s	n
1	230	19	20	27	s	n
1	230	19	21	32	s	n
1	230	19	22	29	s	n
1	230	19	23	35	s	n
1	230	19	24	28	s	n
1	230	19	25	40	s	n
1	230	19	26	48	s	n
1	230	19	27	37	s	n
1	230	19	28	44	s	n
1	230	19	29	41	s	n
1	230	19	30	37	s	n
1	230	19	31	33	s	n
1	230	19	32	42	s	n
1	230	19	33	29	s	n
1	230	19	34	35	s	n
1	230	19	35	37	s	n
1	230	19	36	36	s	n
1	230	19	37	28	s	n
1	230	19	38	28	s	n
1	230	19	39	36	s	n
1	230	19	40	43	s	n
1	230	19	41	31	s	n
1	230	19	42	37	s	n
1	230	19	43	26	s	n
1	230	19	44	26	s	n
1	230	19	45	33	s	n
1	230	19	46	30	s	n
1	230	19	47	34	s	n
1	230	19	48	35	s	n
1	230	19	49	29	s	n
1	230	19	50	32	s	n
1	230	20	1	37	s	n
1	230	20	2	31	s	n
1	230	20	3	34	s	n
1	230	20	4	31	s	n
1	230	20	5	37	s	n
1	230	20	6	34	s	n
1	230	20	7	32	s	n
1	230	20	8	32	s	n
1	230	20	9	28	s	n
1	230	20	10	30	s	n
1	230	20	11	27	s	n
1	230	20	12	29	s	n
1	230	20	13	35	s	n
1	230	20	14	31	s	n
1	230	20	15	32	s	n
1	230	20	16	24	s	n
1	230	20	17	31	s	n
1	230	20	18	21	s	n
1	230	20	19	34	s	n
1	230	20	20	44	s	n
1	230	20	21	24	s	n
1	230	20	22	34	s	n
1	230	20	23	30	s	n
1	230	20	24	27	s	n
1	230	20	25	23	s	n
1	230	20	26	41	s	n
1	230	20	27	40	s	n
1	230	20	28	36	s	n
1	230	20	29	35	s	n
1	230	20	30	40	s	n
1	230	20	31	49	s	n
1	230	20	32	33	s	n
1	230	20	33	38	s	n
1	230	20	34	37	s	n
1	230	20	35	47	s	n
1	230	20	36	33	s	n
1	230	20	37	37	s	n
1	230	20	38	31	s	n
1	230	20	39	35	s	n
1	230	20	40	30	s	n
1	230	20	41	29	s	n
1	230	20	42	34	s	n
1	230	20	43	28	s	n
1	230	20	44	22	s	n
1	230	20	45	29	s	n
1	230	20	46	30	s	n
1	230	20	47	32	s	n
1	230	20	48	26	s	n
1	230	20	49	33	s	n
1	230	20	50	28	s	n
1	240	1	1	29	s	n
1	240	1	2	29	s	n
1	240	1	3	29	s	n
1	240	1	4	40	s	n
1	240	1	5	24	s	n
1	240	1	6	36	s	n
1	240	1	7	42	s	n
1	240	1	8	33	s	n
1	240	1	9	29	s	n
1	240	1	10	40	s	n
1	240	1	11	39	s	n
1	240	1	12	36	s	n
1	240	1	13	47	s	n
1	240	1	14	37	s	n
1	240	1	15	37	s	n
1	240	1	16	33	s	n
1	240	1	17	35	s	n
1	240	1	18	44	s	n
1	240	1	19	45	s	n
1	240	1	20	35	s	n
1	240	1	21	42	s	n
1	240	1	22	32	s	n
1	240	1	23	46	s	n
1	240	1	24	32	s	n
1	240	1	25	43	s	n
1	240	1	26	40	s	n
1	240	1	27	40	s	n
1	240	1	28	41	s	n
1	240	1	29	45	s	n
1	240	1	30	37	s	n
1	240	1	31	38	s	n
1	240	1	32	42	s	n
1	240	1	33	42	s	n
1	240	1	34	46	s	n
1	240	1	35	38	s	n
1	240	1	36	33	s	n
1	240	1	37	28	s	n
1	240	1	38	31	s	n
1	240	1	39	30	s	n
1	240	1	40	38	s	n
1	240	1	41	30	s	n
1	240	1	42	31	s	n
1	240	1	43	24	s	n
1	240	1	44	36	s	n
1	240	1	45	35	s	n
1	240	1	46	26	s	n
1	240	1	47	26	s	n
1	240	1	48	23	s	n
1	240	1	49	28	s	n
1	240	1	50	44	s	n
1	240	2	1	35	s	n
1	240	2	2	29	s	n
1	240	2	3	30	s	n
1	240	2	4	32	s	n
1	240	2	5	24	s	n
1	240	2	6	32	s	n
1	240	2	7	32	s	n
1	240	2	8	27	s	n
1	240	2	9	42	s	n
1	240	2	10	43	s	n
1	240	2	11	38	s	n
1	240	2	12	38	s	n
1	240	2	13	39	s	n
1	240	2	14	36	s	n
1	240	2	15	29	s	n
1	240	2	16	38	s	n
1	240	2	17	35	s	n
1	240	2	18	45	s	n
1	240	2	19	40	s	n
1	240	2	20	49	s	n
1	240	2	21	46	s	n
1	240	2	22	40	s	n
1	240	2	23	40	s	n
1	240	2	24	47	s	n
1	240	2	25	48	s	n
1	240	2	26	38	s	n
1	240	2	27	38	s	n
1	240	2	28	44	s	n
1	240	2	29	37	s	n
1	240	2	30	35	s	n
1	240	2	31	44	s	n
1	240	2	32	41	s	n
1	240	2	33	37	s	n
1	240	2	34	36	s	n
1	240	2	35	39	s	n
1	240	2	36	34	s	n
1	240	2	37	43	s	n
1	240	2	38	37	s	n
1	240	2	39	24	s	n
1	240	2	40	27	s	n
1	240	2	41	42	s	n
1	240	2	42	38	s	n
1	240	2	43	28	s	n
1	240	2	44	33	s	n
1	240	2	45	41	s	n
1	240	2	46	26	s	n
1	240	2	47	34	s	n
1	240	2	48	39	s	n
1	240	2	49	31	s	n
1	240	2	50	45	s	n
1	240	3	1	33	s	n
1	240	3	2	24	s	n
1	240	3	3	30	s	n
1	240	3	4	24	s	n
1	240	3	5	28	s	n
1	240	3	6	30	s	n
1	240	3	7	33	s	n
1	240	3	8	33	s	n
1	240	3	9	29	s	n
1	240	3	10	38	s	n
1	240	3	11	42	s	n
1	240	3	12	28	s	n
1	240	3	13	32	s	n
1	240	3	14	29	s	n
1	240	3	15	36	s	n
1	240	3	16	50	s	n
1	240	3	17	39	s	n
1	240	3	18	42	s	n
1	240	3	19	42	s	n
1	240	3	20	40	s	n
1	240	3	21	44	s	n
1	240	3	22	37	s	n
1	240	3	23	50	s	n
1	240	3	24	39	s	n
1	240	3	25	46	s	n
1	240	3	26	38	s	n
1	240	3	27	34	s	n
1	240	3	28	37	s	n
1	240	3	29	40	s	n
1	240	3	30	38	s	n
1	240	3	31	27	s	n
1	240	3	32	41	s	n
1	240	3	33	41	s	n
1	240	3	34	27	s	n
1	240	3	35	33	s	n
1	240	3	36	32	s	n
1	240	3	37	33	s	n
1	240	3	38	34	s	n
1	240	3	39	31	s	n
1	240	3	40	32	s	n
1	240	3	41	24	s	n
1	240	3	42	30	s	n
1	240	3	43	25	s	n
1	240	3	44	36	s	n
1	240	3	45	38	s	n
1	240	3	46	37	s	n
1	240	3	47	35	s	n
1	240	3	48	25	s	n
1	240	3	49	36	s	n
1	240	3	50	36	s	n
1	240	4	1	23	s	n
1	240	4	2	30	s	n
1	240	4	3	35	s	n
1	240	4	4	27	s	n
1	240	4	5	34	s	n
1	240	4	6	32	s	n
1	240	4	7	31	s	n
1	240	4	8	29	s	n
1	240	4	9	30	s	n
1	240	4	10	25	s	n
1	240	4	11	43	s	n
1	240	4	12	33	s	n
1	240	4	13	33	s	n
1	240	4	14	46	s	n
1	240	4	15	39	s	n
1	240	4	16	46	s	n
1	240	4	17	38	s	n
1	240	4	18	42	s	n
1	240	4	19	30	s	n
1	240	4	20	38	s	n
1	240	4	21	30	s	n
1	240	4	22	32	s	n
1	240	4	23	32	s	n
1	240	4	24	36	s	n
1	240	4	25	40	s	n
1	240	4	26	41	s	n
1	240	4	27	39	s	n
1	240	4	28	33	s	n
1	240	4	29	49	s	n
1	240	4	30	43	s	n
1	240	4	31	41	s	n
1	240	4	32	45	s	n
1	240	4	33	35	s	n
1	240	4	34	31	s	n
1	240	4	35	31	s	n
1	240	4	36	33	s	n
1	240	4	37	37	s	n
1	240	4	38	23	s	n
1	240	4	39	35	s	n
1	240	4	40	31	s	n
1	240	4	41	29	s	n
1	240	4	42	41	s	n
1	240	4	43	29	s	n
1	240	4	44	34	s	n
1	240	4	45	39	s	n
1	240	4	46	28	s	n
1	240	4	47	29	s	n
1	240	4	48	33	s	n
1	240	4	49	26	s	n
1	240	4	50	26	s	n
1	240	5	1	25	s	n
1	240	5	2	22	s	n
1	240	5	3	38	s	n
1	240	5	4	23	s	n
1	240	5	5	32	s	n
1	240	5	6	38	s	n
1	240	5	7	32	s	n
1	240	5	8	35	s	n
1	240	5	9	31	s	n
1	240	5	10	18	s	n
1	240	5	11	27	s	n
1	240	5	12	36	s	n
1	240	5	13	33	s	n
1	240	5	14	37	s	n
1	240	5	15	37	s	n
1	240	5	16	45	s	n
1	240	5	17	30	s	n
1	240	5	18	36	s	n
1	240	5	19	34	s	n
1	240	5	20	39	s	n
1	240	5	21	36	s	n
1	240	5	22	41	s	n
1	240	5	23	32	s	n
1	240	5	24	34	s	n
1	240	5	25	39	s	n
1	240	5	26	39	s	n
1	240	5	27	42	s	n
1	240	5	28	36	s	n
1	240	5	29	45	s	n
1	240	5	30	39	s	n
1	240	5	31	34	s	n
1	240	5	32	39	s	n
1	240	5	33	38	s	n
1	240	5	34	35	s	n
1	240	5	35	34	s	n
1	240	5	36	40	s	n
1	240	5	37	30	s	n
1	240	5	38	49	s	n
1	240	5	39	35	s	n
1	240	5	40	35	s	n
1	240	5	41	43	s	n
1	240	5	42	40	s	n
1	240	5	43	37	s	n
1	240	5	44	37	s	n
1	240	5	45	24	s	n
1	240	5	46	29	s	n
1	240	5	47	35	s	n
1	240	5	48	31	s	n
1	240	5	49	33	s	n
1	240	5	50	43	s	n
1	240	6	1	27	s	n
1	240	6	2	31	s	n
1	240	6	3	33	s	n
1	240	6	4	36	s	n
1	240	6	5	30	s	n
1	240	6	6	31	s	n
1	240	6	7	33	s	n
1	240	6	8	33	s	n
1	240	6	9	20	s	n
1	240	6	10	35	s	n
1	240	6	11	28	s	n
1	240	6	12	24	s	n
1	240	6	13	32	s	n
1	240	6	14	38	s	n
1	240	6	15	40	s	n
1	240	6	16	41	s	n
1	240	6	17	34	s	n
1	240	6	18	35	s	n
1	240	6	19	31	s	n
1	240	6	20	46	s	n
1	240	6	21	45	s	n
1	240	6	22	31	s	n
1	240	6	23	38	s	n
1	240	6	24	43	s	n
1	240	6	25	38	s	n
1	240	6	26	42	s	n
1	240	6	27	36	s	n
1	240	6	28	45	s	n
1	240	6	29	45	s	n
1	240	6	30	40	s	n
1	240	6	31	51	s	n
1	240	6	32	42	s	n
1	240	6	33	47	s	n
1	240	6	34	43	s	n
1	240	6	35	44	s	n
1	240	6	36	35	s	n
1	240	6	37	30	s	n
1	240	6	38	39	s	n
1	240	6	39	31	s	n
1	240	6	40	40	s	n
1	240	6	41	38	s	n
1	240	6	42	38	s	n
1	240	6	43	29	s	n
1	240	6	44	38	s	n
1	240	6	45	25	s	n
1	240	6	46	32	s	n
1	240	6	47	32	s	n
1	240	6	48	27	s	n
1	240	6	49	30	s	n
1	240	6	50	28	s	n
1	240	7	1	25	s	n
1	240	7	2	29	s	n
1	240	7	3	26	s	n
1	240	7	4	23	s	n
1	240	7	5	29	s	n
1	240	7	6	33	s	n
1	240	7	7	36	s	n
1	240	7	8	36	s	n
1	240	7	9	28	s	n
1	240	7	10	24	s	n
1	240	7	11	32	s	n
1	240	7	12	30	s	n
1	240	7	13	36	s	n
1	240	7	14	44	s	n
1	240	7	15	36	s	n
1	240	7	16	37	s	n
1	240	7	17	41	s	n
1	240	7	18	44	s	n
1	240	7	19	47	s	n
1	240	7	20	49	s	n
1	240	7	21	45	s	n
1	240	7	22	38	s	n
1	240	7	23	35	s	n
1	240	7	24	34	s	n
1	240	7	25	37	s	n
1	240	7	26	41	s	n
1	240	7	27	41	s	n
1	240	7	28	27	s	n
1	240	7	29	47	s	n
1	240	7	30	51	s	n
1	240	7	31	57	s	n
1	240	7	32	51	s	n
1	240	7	33	42	s	n
1	240	7	34	40	s	n
1	240	7	35	44	s	n
1	240	7	36	40	s	n
1	240	7	37	32	s	n
1	240	7	38	34	s	n
1	240	7	39	28	s	n
1	240	7	40	31	s	n
1	240	7	41	38	s	n
1	240	7	42	37	s	n
1	240	7	43	29	s	n
1	240	7	44	39	s	n
1	240	7	45	30	s	n
1	240	7	46	24	s	n
1	240	7	47	35	s	n
1	240	7	48	36	s	n
1	240	7	49	28	s	n
1	240	7	50	30	s	n
1	240	8	1	26	s	n
1	240	8	2	23	s	n
1	240	8	3	28	s	n
1	240	8	4	36	s	n
1	240	8	5	25	s	n
1	240	8	6	31	s	n
1	240	8	7	29	s	n
1	240	8	8	35	s	n
1	240	8	9	32	s	n
1	240	8	10	36	s	n
1	240	8	11	32	s	n
1	240	8	12	34	s	n
1	240	8	13	30	s	n
1	240	8	14	24	s	n
1	240	8	15	35	s	n
1	240	8	16	37	s	n
1	240	8	17	27	s	n
1	240	8	18	41	s	n
1	240	8	19	42	s	n
1	240	8	20	43	s	n
1	240	8	21	42	s	n
1	240	8	22	41	s	n
1	240	8	23	34	s	n
1	240	8	24	43	s	n
1	240	8	25	36	s	n
1	240	8	26	32	s	n
1	240	8	27	45	s	n
1	240	8	28	38	s	n
1	240	8	29	43	s	n
1	240	8	30	49	s	n
1	240	8	31	50	s	n
1	240	8	32	40	s	n
1	240	8	33	31	s	n
1	240	8	34	38	s	n
1	240	8	35	47	s	n
1	240	8	36	39	s	n
1	240	8	37	36	s	n
1	240	8	38	38	s	n
1	240	8	39	38	s	n
1	240	8	40	37	s	n
1	240	8	41	33	s	n
1	240	8	42	29	s	n
1	240	8	43	35	s	n
1	240	8	44	32	s	n
1	240	8	45	33	s	n
1	240	8	46	28	s	n
1	240	8	47	31	s	n
1	240	8	48	26	s	n
1	240	8	49	35	s	n
1	240	8	50	24	s	n
1	240	9	1	23	s	n
1	240	9	2	30	s	n
1	240	9	3	24	s	n
1	240	9	4	35	s	n
1	240	9	5	32	s	n
1	240	9	6	38	s	n
1	240	9	7	21	s	n
1	240	9	8	27	s	n
1	240	9	9	26	s	n
1	240	9	10	28	s	n
1	240	9	11	38	s	n
1	240	9	12	33	s	n
1	240	9	13	27	s	n
1	240	9	14	29	s	n
1	240	9	15	31	s	n
1	240	9	16	28	s	n
1	240	9	17	41	s	n
1	240	9	18	36	s	n
1	240	9	19	45	s	n
1	240	9	20	34	s	n
1	240	9	21	35	s	n
1	240	9	22	45	s	n
1	240	9	23	36	s	n
1	240	9	24	37	s	n
1	240	9	25	48	s	n
1	240	9	26	46	s	n
1	240	9	27	32	s	n
1	240	9	28	36	s	n
1	240	9	29	28	s	n
1	240	9	30	41	s	n
1	240	9	31	57	s	n
1	240	9	32	38	s	n
1	240	9	33	38	s	n
1	240	9	34	44	s	n
1	240	9	35	38	s	n
1	240	9	36	35	s	n
1	240	9	37	41	s	n
1	240	9	38	38	s	n
1	240	9	39	31	s	n
1	240	9	40	34	s	n
1	240	9	41	35	s	n
1	240	9	42	32	s	n
1	240	9	43	38	s	n
1	240	9	44	36	s	n
1	240	9	45	31	s	n
1	240	9	46	25	s	n
1	240	9	47	36	s	n
1	240	9	48	33	s	n
1	240	9	49	32	s	n
1	240	9	50	25	s	n
1	240	10	1	25	s	n
1	240	10	2	19	s	n
1	240	10	3	34	s	n
1	240	10	4	30	s	n
1	240	10	5	27	s	n
1	240	10	6	30	s	n
1	240	10	7	40	s	n
1	240	10	8	24	s	n
1	240	10	9	24	s	n
1	240	10	10	30	s	n
1	240	10	11	30	s	n
1	240	10	12	41	s	n
1	240	10	13	31	s	n
1	240	10	14	19	s	n
1	240	10	15	37	s	n
1	240	10	16	27	s	n
1	240	10	17	39	s	n
1	240	10	18	37	s	n
1	240	10	19	31	s	n
1	240	10	20	35	s	n
1	240	10	21	29	s	n
1	240	10	22	34	s	n
1	240	10	23	42	s	n
1	240	10	24	41	s	n
1	240	10	25	38	s	n
1	240	10	26	39	s	n
1	240	10	27	35	s	n
1	240	10	28	32	s	n
1	240	10	29	39	s	n
1	240	10	30	42	s	n
1	240	10	31	51	s	n
1	240	10	32	28	s	n
1	240	10	33	48	s	n
1	240	10	34	37	s	n
1	240	10	35	32	s	n
1	240	10	36	32	s	n
1	240	10	37	38	s	n
1	240	10	38	47	s	n
1	240	10	39	38	s	n
1	240	10	40	38	s	n
1	240	10	41	30	s	n
1	240	10	42	38	s	n
1	240	10	43	31	s	n
1	240	10	44	35	s	n
1	240	10	45	32	s	n
1	240	10	46	28	s	n
1	240	10	47	29	s	n
1	240	10	48	26	s	n
1	240	10	49	28	s	n
1	240	10	50	31	s	n
1	240	11	1	22	s	n
1	240	11	2	35	s	n
1	240	11	3	35	s	n
1	240	11	4	36	s	n
1	240	11	5	37	s	n
1	240	11	6	31	s	n
1	240	11	7	26	s	n
1	240	11	8	26	s	n
1	240	11	9	36	s	n
1	240	11	10	32	s	n
1	240	11	11	44	s	n
1	240	11	12	28	s	n
1	240	11	13	30	s	n
1	240	11	14	17	s	n
1	240	11	15	31	s	n
1	240	11	16	30	s	n
1	240	11	17	33	s	n
1	240	11	18	37	s	n
1	240	11	19	34	s	n
1	240	11	20	36	s	n
1	240	11	21	36	s	n
1	240	11	22	36	s	n
1	240	11	23	42	s	n
1	240	11	24	37	s	n
1	240	11	25	37	s	n
1	240	11	26	39	s	n
1	240	11	27	36	s	n
1	240	11	28	38	s	n
1	240	11	29	52	s	n
1	240	11	30	35	s	n
1	240	11	31	41	s	n
1	240	11	32	41	s	n
1	240	11	33	45	s	n
1	240	11	34	43	s	n
1	240	11	35	30	s	n
1	240	11	36	29	s	n
1	240	11	37	32	s	n
1	240	11	38	37	s	n
1	240	11	39	34	s	n
1	240	11	40	33	s	n
1	240	11	41	45	s	n
1	240	11	42	36	s	n
1	240	11	43	48	s	n
1	240	11	44	34	s	n
1	240	11	45	38	s	n
1	240	11	46	26	s	n
1	240	11	47	38	s	n
1	240	11	48	34	s	n
1	240	11	49	22	s	n
1	240	11	50	25	s	n
1	240	12	1	30	s	n
1	240	12	2	32	s	n
1	240	12	3	38	s	n
1	240	12	4	44	s	n
1	240	12	5	27	s	n
1	240	12	6	29	s	n
1	240	12	7	32	s	n
1	240	12	8	23	s	n
1	240	12	9	29	s	n
1	240	12	10	28	s	n
1	240	12	11	36	s	n
1	240	12	12	31	s	n
1	240	12	13	28	s	n
1	240	12	14	36	s	n
1	240	12	15	32	s	n
1	240	12	16	26	s	n
1	240	12	17	33	s	n
1	240	12	18	29	s	n
1	240	12	19	36	s	n
1	240	12	20	38	s	n
1	240	12	21	39	s	n
1	240	12	22	42	s	n
1	240	12	23	34	s	n
1	240	12	24	31	s	n
1	240	12	25	36	s	n
1	240	12	26	39	s	n
1	240	12	27	35	s	n
1	240	12	28	36	s	n
1	240	12	29	39	s	n
1	240	12	30	32	s	n
1	240	12	31	42	s	n
1	240	12	32	39	s	n
1	240	12	33	30	s	n
1	240	12	34	23	s	n
1	240	12	35	37	s	n
1	240	12	36	34	s	n
1	240	12	37	45	s	n
1	240	12	38	29	s	n
1	240	12	39	36	s	n
1	240	12	40	26	s	n
1	240	12	41	26	s	n
1	240	12	42	40	s	n
1	240	12	43	44	s	n
1	240	12	44	44	s	n
1	240	12	45	31	s	n
1	240	12	46	38	s	n
1	240	12	47	29	s	n
1	240	12	48	35	s	n
1	240	12	49	27	s	n
1	240	12	50	36	s	n
1	240	13	1	38	s	n
1	240	13	2	28	s	n
1	240	13	3	35	s	n
1	240	13	4	39	s	n
1	240	13	5	42	s	n
1	240	13	6	45	s	n
1	240	13	7	27	s	n
1	240	13	8	33	s	n
1	240	13	9	28	s	n
1	240	13	10	30	s	n
1	240	13	11	37	s	n
1	240	13	12	37	s	n
1	240	13	13	29	s	n
1	240	13	14	27	s	n
1	240	13	15	38	s	n
1	240	13	16	24	s	n
1	240	13	17	33	s	n
1	240	13	18	24	s	n
1	240	13	19	38	s	n
1	240	13	20	37	s	n
1	240	13	21	31	s	n
1	240	13	22	34	s	n
1	240	13	23	36	s	n
1	240	13	24	35	s	n
1	240	13	25	35	s	n
1	240	13	26	33	s	n
1	240	13	27	50	s	n
1	240	13	28	46	s	n
1	240	13	29	34	s	n
1	240	13	30	30	s	n
1	240	13	31	46	s	n
1	240	13	32	48	s	n
1	240	13	33	37	s	n
1	240	13	34	29	s	n
1	240	13	35	37	s	n
1	240	13	36	35	s	n
1	240	13	37	29	s	n
1	240	13	38	34	s	n
1	240	13	39	31	s	n
1	240	13	40	39	s	n
1	240	13	41	35	s	n
1	240	13	42	40	s	n
1	240	13	43	38	s	n
1	240	13	44	41	s	n
1	240	13	45	25	s	n
1	240	13	46	29	s	n
1	240	13	47	26	s	n
1	240	13	48	19	s	n
1	240	13	49	29	s	n
1	240	13	50	36	s	n
1	240	14	1	28	s	n
1	240	14	2	32	s	n
1	240	14	3	39	s	n
1	240	14	4	33	s	n
1	240	14	5	39	s	n
1	240	14	6	35	s	n
1	240	14	7	37	s	n
1	240	14	8	31	s	n
1	240	14	9	38	s	n
1	240	14	10	31	s	n
1	240	14	11	23	s	n
1	240	14	12	37	s	n
1	240	14	13	39	s	n
1	240	14	14	29	s	n
1	240	14	15	27	s	n
1	240	14	16	26	s	n
1	240	14	17	36	s	n
1	240	14	18	34	s	n
1	240	14	19	34	s	n
1	240	14	20	34	s	n
1	240	14	21	37	s	n
1	240	14	22	36	s	n
1	240	14	23	42	s	n
1	240	14	24	39	s	n
1	240	14	25	41	s	n
1	240	14	26	53	s	n
1	240	14	27	38	s	n
1	240	14	28	41	s	n
1	240	14	29	31	s	n
1	240	14	30	47	s	n
1	240	14	31	51	s	n
1	240	14	32	49	s	n
1	240	14	33	40	s	n
1	240	14	34	33	s	n
1	240	14	35	29	s	n
1	240	14	36	40	s	n
1	240	14	37	43	s	n
1	240	14	38	42	s	n
1	240	14	39	27	s	n
1	240	14	40	38	s	n
1	240	14	41	43	s	n
1	240	14	42	33	s	n
1	240	14	43	22	s	n
1	240	14	44	29	s	n
1	240	14	45	32	s	n
1	240	14	46	31	s	n
1	240	14	47	28	s	n
1	240	14	48	27	s	n
1	240	14	49	29	s	n
1	240	14	50	33	s	n
1	240	15	1	32	s	n
1	240	15	2	32	s	n
1	240	15	3	29	s	n
1	240	15	4	35	s	n
1	240	15	5	30	s	n
1	240	15	6	34	s	n
1	240	15	7	22	s	n
1	240	15	8	30	s	n
1	240	15	9	37	s	n
1	240	15	10	38	s	n
1	240	15	11	30	s	n
1	240	15	12	31	s	n
1	240	15	13	32	s	n
1	240	15	14	34	s	n
1	240	15	15	39	s	n
1	240	15	16	26	s	n
1	240	15	17	31	s	n
1	240	15	18	37	s	n
1	240	15	19	41	s	n
1	240	15	20	44	s	n
1	240	15	21	37	s	n
1	240	15	22	39	s	n
1	240	15	23	32	s	n
1	240	15	24	27	s	n
1	240	15	25	36	s	n
1	240	15	26	53	s	n
1	240	15	27	35	s	n
1	240	15	28	36	s	n
1	240	15	29	35	s	n
1	240	15	30	32	s	n
1	240	15	31	62	s	n
1	240	15	32	43	s	n
1	240	15	33	40	s	n
1	240	15	34	42	s	n
1	240	15	35	42	s	n
1	240	15	36	47	s	n
1	240	15	37	44	s	n
1	240	15	38	30	s	n
1	240	15	39	28	s	n
1	240	15	40	38	s	n
1	240	15	41	40	s	n
1	240	15	42	20	s	n
1	240	15	43	30	s	n
1	240	15	44	33	s	n
1	240	15	45	32	s	n
1	240	15	46	35	s	n
1	240	15	47	26	s	n
1	240	15	48	24	s	n
1	240	15	49	29	s	n
1	240	15	50	34	s	n
1	240	16	1	32	s	n
1	240	16	2	35	s	n
1	240	16	3	34	s	n
1	240	16	4	22	s	n
1	240	16	5	29	s	n
1	240	16	6	32	s	n
1	240	16	7	22	s	n
1	240	16	8	30	s	n
1	240	16	9	23	s	n
1	240	16	10	32	s	n
1	240	16	11	28	s	n
1	240	16	12	23	s	n
1	240	16	13	30	s	n
1	240	16	14	29	s	n
1	240	16	15	38	s	n
1	240	16	16	30	s	n
1	240	16	17	34	s	n
1	240	16	18	32	s	n
1	240	16	19	39	s	n
1	240	16	20	35	s	n
1	240	16	21	41	s	n
1	240	16	22	41	s	n
1	240	16	23	41	s	n
1	240	16	24	27	s	n
1	240	16	25	49	s	n
1	240	16	26	28	s	n
1	240	16	27	50	s	n
1	240	16	28	45	s	n
1	240	16	29	40	s	n
1	240	16	30	29	s	n
1	240	16	31	45	s	n
1	240	16	32	39	s	n
1	240	16	33	48	s	n
1	240	16	34	40	s	n
1	240	16	35	34	s	n
1	240	16	36	32	s	n
1	240	16	37	47	s	n
1	240	16	38	37	s	n
1	240	16	39	28	s	n
1	240	16	40	44	s	n
1	240	16	41	36	s	n
1	240	16	42	24	s	n
1	240	16	43	42	s	n
1	240	16	44	27	s	n
1	240	16	45	32	s	n
1	240	16	46	27	s	n
1	240	16	47	26	s	n
1	240	16	48	39	s	n
1	240	16	49	30	s	n
1	240	16	50	31	s	n
1	240	17	1	35	s	n
1	240	17	2	38	s	n
1	240	17	3	31	s	n
1	240	17	4	33	s	n
1	240	17	5	31	s	n
1	240	17	6	23	s	n
1	240	17	7	30	s	n
1	240	17	8	26	s	n
1	240	17	9	28	s	n
1	240	17	10	24	s	n
1	240	17	11	30	s	n
1	240	17	12	37	s	n
1	240	17	13	33	s	n
1	240	17	14	31	s	n
1	240	17	15	26	s	n
1	240	17	16	22	s	n
1	240	17	17	47	s	n
1	240	17	18	30	s	n
1	240	17	19	30	s	n
1	240	17	20	31	s	n
1	240	17	21	34	s	n
1	240	17	22	34	s	n
1	240	17	23	48	s	n
1	240	17	24	33	s	n
1	240	17	25	37	s	n
1	240	17	26	33	s	n
1	240	17	27	38	s	n
1	240	17	28	36	s	n
1	240	17	29	33	s	n
1	240	17	30	45	s	n
1	240	17	31	31	s	n
1	240	17	32	49	s	n
1	240	17	33	44	s	n
1	240	17	34	36	s	n
1	240	17	35	38	s	n
1	240	17	36	36	s	n
1	240	17	37	35	s	n
1	240	17	38	34	s	n
1	240	17	39	23	s	n
1	240	17	40	36	s	n
1	240	17	41	35	s	n
1	240	17	42	40	s	n
1	240	17	43	25	s	n
1	240	17	44	35	s	n
1	240	17	45	26	s	n
1	240	17	46	21	s	n
1	240	17	47	30	s	n
1	240	17	48	25	s	n
1	240	17	49	27	s	n
1	240	17	50	30	s	n
1	240	18	1	37	s	n
1	240	18	2	35	s	n
1	240	18	3	31	s	n
1	240	18	4	36	s	n
1	240	18	5	33	s	n
1	240	18	6	30	s	n
1	240	18	7	35	s	n
1	240	18	8	33	s	n
1	240	18	9	34	s	n
1	240	18	10	26	s	n
1	240	18	11	33	s	n
1	240	18	12	23	s	n
1	240	18	13	31	s	n
1	240	18	14	36	s	n
1	240	18	15	25	s	n
1	240	18	16	45	s	n
1	240	18	17	39	s	n
1	240	18	18	34	s	n
1	240	18	19	36	s	n
1	240	18	20	37	s	n
1	240	18	21	32	s	n
1	240	18	22	35	s	n
1	240	18	23	27	s	n
1	240	18	24	41	s	n
1	240	18	25	34	s	n
1	240	18	26	47	s	n
1	240	18	27	43	s	n
1	240	18	28	43	s	n
1	240	18	29	42	s	n
1	240	18	30	33	s	n
1	240	18	31	56	s	n
1	240	18	32	46	s	n
1	240	18	33	29	s	n
1	240	18	34	40	s	n
1	240	18	35	50	s	n
1	240	18	36	41	s	n
1	240	18	37	24	s	n
1	240	18	38	33	s	n
1	240	18	39	39	s	n
1	240	18	40	37	s	n
1	240	18	41	27	s	n
1	240	18	42	31	s	n
1	240	18	43	29	s	n
1	240	18	44	23	s	n
1	240	18	45	29	s	n
1	240	18	46	42	s	n
1	240	18	47	28	s	n
1	240	18	48	31	s	n
1	240	18	49	37	s	n
1	240	18	50	27	s	n
1	240	19	1	38	s	n
1	240	19	2	33	s	n
1	240	19	3	35	s	n
1	240	19	4	37	s	n
1	240	19	5	35	s	n
1	240	19	6	31	s	n
1	240	19	7	34	s	n
1	240	19	8	34	s	n
1	240	19	9	31	s	n
1	240	19	10	32	s	n
1	240	19	11	27	s	n
1	240	19	12	31	s	n
1	240	19	13	29	s	n
1	240	19	14	39	s	n
1	240	19	15	28	s	n
1	240	19	16	32	s	n
1	240	19	17	27	s	n
1	240	19	18	24	s	n
1	240	19	19	34	s	n
1	240	19	20	31	s	n
1	240	19	21	33	s	n
1	240	19	22	32	s	n
1	240	19	23	47	s	n
1	240	19	24	29	s	n
1	240	19	25	39	s	n
1	240	19	26	36	s	n
1	240	19	27	36	s	n
1	240	19	28	51	s	n
1	240	19	29	40	s	n
1	240	19	30	43	s	n
1	240	19	31	32	s	n
1	240	19	32	55	s	n
1	240	19	33	43	s	n
1	240	19	34	39	s	n
1	240	19	35	44	s	n
1	240	19	36	32	s	n
1	240	19	37	37	s	n
1	240	19	38	34	s	n
1	240	19	39	25	s	n
1	240	19	40	28	s	n
1	240	19	41	31	s	n
1	240	19	42	28	s	n
1	240	19	43	26	s	n
1	240	19	44	32	s	n
1	240	19	45	27	s	n
1	240	19	46	37	s	n
1	240	19	47	26	s	n
1	240	19	48	39	s	n
1	240	19	49	40	s	n
1	240	19	50	43	s	n
1	240	20	1	30	s	n
1	240	20	2	32	s	n
1	240	20	3	37	s	n
1	240	20	4	31	s	n
1	240	20	5	32	s	n
1	240	20	6	36	s	n
1	240	20	7	26	s	n
1	240	20	8	27	s	n
1	240	20	9	28	s	n
1	240	20	10	25	s	n
1	240	20	11	23	s	n
1	240	20	12	30	s	n
1	240	20	13	29	s	n
1	240	20	14	35	s	n
1	240	20	15	29	s	n
1	240	20	16	24	s	n
1	240	20	17	39	s	n
1	240	20	18	26	s	n
1	240	20	19	34	s	n
1	240	20	20	31	s	n
1	240	20	21	26	s	n
1	240	20	22	35	s	n
1	240	20	23	33	s	n
1	240	20	24	42	s	n
1	240	20	25	31	s	n
1	240	20	26	44	s	n
1	240	20	27	41	s	n
1	240	20	28	49	s	n
1	240	20	29	35	s	n
1	240	20	30	47	s	n
1	240	20	31	37	s	n
1	240	20	32	41	s	n
1	240	20	33	47	s	n
1	240	20	34	34	s	n
1	240	20	35	49	s	n
1	240	20	36	38	s	n
1	240	20	37	25	s	n
1	240	20	38	29	s	n
1	240	20	39	24	s	n
1	240	20	40	27	s	n
1	240	20	41	37	s	n
1	240	20	42	36	s	n
1	240	20	43	30	s	n
1	240	20	44	26	s	n
1	240	20	45	31	s	n
1	240	20	46	36	s	n
1	240	20	47	44	s	n
1	240	20	48	37	s	n
1	240	20	49	41	s	n
1	240	20	50	38	s	n
1	250	1	1	25	s	n
1	250	1	2	21	s	n
1	250	1	3	31	s	n
1	250	1	4	30	s	n
1	250	1	5	30	s	n
1	250	1	6	35	s	n
1	250	1	7	37	s	n
1	250	1	8	34	s	n
1	250	1	9	29	s	n
1	250	1	10	25	s	n
1	250	1	11	27	s	n
1	250	1	12	34	s	n
1	250	1	13	29	s	n
1	250	1	14	33	s	n
1	250	1	15	44	s	n
1	250	1	16	43	s	n
1	250	1	17	39	s	n
1	250	1	18	41	s	n
1	250	1	19	40	s	n
1	250	1	20	38	s	n
1	250	1	21	40	s	n
1	250	1	22	32	s	n
1	250	1	23	32	s	n
1	250	1	24	44	s	n
1	250	1	25	34	s	n
1	250	1	26	38	s	n
1	250	1	27	43	s	n
1	250	1	28	41	s	n
1	250	1	29	30	s	n
1	250	1	30	36	s	n
1	250	1	31	38	s	n
1	250	1	32	37	s	n
1	250	1	33	39	s	n
1	250	1	34	35	s	n
1	250	1	35	39	s	n
1	250	1	36	44	s	n
1	250	1	37	40	s	n
1	250	1	38	26	s	n
1	250	1	39	36	s	n
1	250	1	40	23	s	n
1	250	1	41	32	s	n
1	250	1	42	38	s	n
1	250	1	43	26	s	n
1	250	1	44	27	s	n
1	250	1	45	27	s	n
1	250	1	46	37	s	n
1	250	1	47	36	s	n
1	250	1	48	39	s	n
1	250	1	49	28	s	n
1	250	1	50	37	s	n
1	250	2	1	30	s	n
1	250	2	2	33	s	n
1	250	2	3	28	s	n
1	250	2	4	25	s	n
1	250	2	5	34	s	n
1	250	2	6	37	s	n
1	250	2	7	30	s	n
1	250	2	8	36	s	n
1	250	2	9	30	s	n
1	250	2	10	34	s	n
1	250	2	11	24	s	n
1	250	2	12	26	s	n
1	250	2	13	38	s	n
1	250	2	14	40	s	n
1	250	2	15	38	s	n
1	250	2	16	41	s	n
1	250	2	17	30	s	n
1	250	2	18	37	s	n
1	250	2	19	37	s	n
1	250	2	20	29	s	n
1	250	2	21	38	s	n
1	250	2	22	33	s	n
1	250	2	23	42	s	n
1	250	2	24	28	s	n
1	250	2	25	37	s	n
1	250	2	26	39	s	n
1	250	2	27	39	s	n
1	250	2	28	42	s	n
1	250	2	29	37	s	n
1	250	2	30	52	s	n
1	250	2	31	52	s	n
1	250	2	32	44	s	n
1	250	2	33	39	s	n
1	250	2	34	42	s	n
1	250	2	35	42	s	n
1	250	2	36	38	s	n
1	250	2	37	34	s	n
1	250	2	38	32	s	n
1	250	2	39	19	s	n
1	250	2	40	33	s	n
1	250	2	41	29	s	n
1	250	2	42	31	s	n
1	250	2	43	35	s	n
1	250	2	44	34	s	n
1	250	2	45	34	s	n
1	250	2	46	40	s	n
1	250	2	47	33	s	n
1	250	2	48	37	s	n
1	250	2	49	34	s	n
1	250	2	50	28	s	n
1	250	3	1	35	s	n
1	250	3	2	30	s	n
1	250	3	3	41	s	n
1	250	3	4	34	s	n
1	250	3	5	30	s	n
1	250	3	6	32	s	n
1	250	3	7	32	s	n
1	250	3	8	27	s	n
1	250	3	9	27	s	n
1	250	3	10	37	s	n
1	250	3	11	26	s	n
1	250	3	12	33	s	n
1	250	3	13	36	s	n
1	250	3	14	36	s	n
1	250	3	15	37	s	n
1	250	3	16	28	s	n
1	250	3	17	35	s	n
1	250	3	18	41	s	n
1	250	3	19	49	s	n
1	250	3	20	34	s	n
1	250	3	21	36	s	n
1	250	3	22	46	s	n
1	250	3	23	38	s	n
1	250	3	24	30	s	n
1	250	3	25	37	s	n
1	250	3	26	44	s	n
1	250	3	27	43	s	n
1	250	3	28	41	s	n
1	250	3	29	45	s	n
1	250	3	30	39	s	n
1	250	3	31	41	s	n
1	250	3	32	48	s	n
1	250	3	33	38	s	n
1	250	3	34	36	s	n
1	250	3	35	47	s	n
1	250	3	36	40	s	n
1	250	3	37	40	s	n
1	250	3	38	34	s	n
1	250	3	39	38	s	n
1	250	3	40	32	s	n
1	250	3	41	26	s	n
1	250	3	42	40	s	n
1	250	3	43	26	s	n
1	250	3	44	36	s	n
1	250	3	45	38	s	n
1	250	3	46	36	s	n
1	250	3	47	38	s	n
1	250	3	48	31	s	n
1	250	3	49	35	s	n
1	250	3	50	22	s	n
1	250	4	1	23	s	n
1	250	4	2	28	s	n
1	250	4	3	31	s	n
1	250	4	4	27	s	n
1	250	4	5	31	s	n
1	250	4	6	26	s	n
1	250	4	7	30	s	n
1	250	4	8	26	s	n
1	250	4	9	34	s	n
1	250	4	10	28	s	n
1	250	4	11	36	s	n
1	250	4	12	28	s	n
1	250	4	13	42	s	n
1	250	4	14	31	s	n
1	250	4	15	43	s	n
1	250	4	16	33	s	n
1	250	4	17	40	s	n
1	250	4	18	26	s	n
1	250	4	19	33	s	n
1	250	4	20	32	s	n
1	250	4	21	25	s	n
1	250	4	22	41	s	n
1	250	4	23	50	s	n
1	250	4	24	31	s	n
1	250	4	25	40	s	n
1	250	4	26	32	s	n
1	250	4	27	40	s	n
1	250	4	28	46	s	n
1	250	4	29	37	s	n
1	250	4	30	35	s	n
1	250	4	31	45	s	n
1	250	4	32	41	s	n
1	250	4	33	42	s	n
1	250	4	34	41	s	n
1	250	4	35	44	s	n
1	250	4	36	26	s	n
1	250	4	37	40	s	n
1	250	4	38	36	s	n
1	250	4	39	27	s	n
1	250	4	40	33	s	n
1	250	4	41	36	s	n
1	250	4	42	35	s	n
1	250	4	43	44	s	n
1	250	4	44	39	s	n
1	250	4	45	33	s	n
1	250	4	46	39	s	n
1	250	4	47	38	s	n
1	250	4	48	39	s	n
1	250	4	49	27	s	n
1	250	4	50	28	s	n
1	250	5	1	28	s	n
1	250	5	2	36	s	n
1	250	5	3	29	s	n
1	250	5	4	31	s	n
1	250	5	5	36	s	n
1	250	5	6	27	s	n
1	250	5	7	31	s	n
1	250	5	8	23	s	n
1	250	5	9	24	s	n
1	250	5	10	25	s	n
1	250	5	11	28	s	n
1	250	5	12	25	s	n
1	250	5	13	39	s	n
1	250	5	14	31	s	n
1	250	5	15	43	s	n
1	250	5	16	36	s	n
1	250	5	17	37	s	n
1	250	5	18	35	s	n
1	250	5	19	31	s	n
1	250	5	20	25	s	n
1	250	5	21	35	s	n
1	250	5	22	44	s	n
1	250	5	23	48	s	n
1	250	5	24	41	s	n
1	250	5	25	41	s	n
1	250	5	26	40	s	n
1	250	5	27	44	s	n
1	250	5	28	45	s	n
1	250	5	29	41	s	n
1	250	5	30	35	s	n
1	250	5	31	30	s	n
1	250	5	32	42	s	n
1	250	5	33	36	s	n
1	250	5	34	39	s	n
1	250	5	35	47	s	n
1	250	5	36	35	s	n
1	250	5	37	49	s	n
1	250	5	38	33	s	n
1	250	5	39	38	s	n
1	250	5	40	43	s	n
1	250	5	41	38	s	n
1	250	5	42	27	s	n
1	250	5	43	31	s	n
1	250	5	44	38	s	n
1	250	5	45	38	s	n
1	250	5	46	37	s	n
1	250	5	47	32	s	n
1	250	5	48	33	s	n
1	250	5	49	26	s	n
1	250	5	50	33	s	n
1	250	6	1	38	s	n
1	250	6	2	33	s	n
1	250	6	3	40	s	n
1	250	6	4	30	s	n
1	250	6	5	34	s	n
1	250	6	6	29	s	n
1	250	6	7	24	s	n
1	250	6	8	30	s	n
1	250	6	9	27	s	n
1	250	6	10	27	s	n
1	250	6	11	35	s	n
1	250	6	12	28	s	n
1	250	6	13	39	s	n
1	250	6	14	34	s	n
1	250	6	15	42	s	n
1	250	6	16	40	s	n
1	250	6	17	37	s	n
1	250	6	18	49	s	n
1	250	6	19	33	s	n
1	250	6	20	29	s	n
1	250	6	21	28	s	n
1	250	6	22	39	s	n
1	250	6	23	49	s	n
1	250	6	24	46	s	n
1	250	6	25	40	s	n
1	250	6	26	43	s	n
1	250	6	27	35	s	n
1	250	6	28	46	s	n
1	250	6	29	42	s	n
1	250	6	30	37	s	n
1	250	6	31	46	s	n
1	250	6	32	32	s	n
1	250	6	33	39	s	n
1	250	6	34	35	s	n
1	250	6	35	39	s	n
1	250	6	36	47	s	n
1	250	6	37	35	s	n
1	250	6	38	41	s	n
1	250	6	39	45	s	n
1	250	6	40	43	s	n
1	250	6	41	34	s	n
1	250	6	42	39	s	n
1	250	6	43	37	s	n
1	250	6	44	38	s	n
1	250	6	45	32	s	n
1	250	6	46	28	s	n
1	250	6	47	36	s	n
1	250	6	48	31	s	n
1	250	6	49	27	s	n
1	250	6	50	34	s	n
1	250	7	1	28	s	n
1	250	7	2	32	s	n
1	250	7	3	42	s	n
1	250	7	4	35	s	n
1	250	7	5	39	s	n
1	250	7	6	32	s	n
1	250	7	7	36	s	n
1	250	7	8	37	s	n
1	250	7	9	36	s	n
1	250	7	10	24	s	n
1	250	7	11	27	s	n
1	250	7	12	33	s	n
1	250	7	13	39	s	n
1	250	7	14	40	s	n
1	250	7	15	38	s	n
1	250	7	16	35	s	n
1	250	7	17	32	s	n
1	250	7	18	44	s	n
1	250	7	19	40	s	n
1	250	7	20	31	s	n
1	250	7	21	36	s	n
1	250	7	22	44	s	n
1	250	7	23	44	s	n
1	250	7	24	41	s	n
1	250	7	25	39	s	n
1	250	7	26	31	s	n
1	250	7	27	40	s	n
1	250	7	28	40	s	n
1	250	7	29	44	s	n
1	250	7	30	42	s	n
1	250	7	31	33	s	n
1	250	7	32	48	s	n
1	250	7	33	35	s	n
1	250	7	34	37	s	n
1	250	7	35	39	s	n
1	250	7	36	46	s	n
1	250	7	37	41	s	n
1	250	7	38	51	s	n
1	250	7	39	44	s	n
1	250	7	40	44	s	n
1	250	7	41	35	s	n
1	250	7	42	41	s	n
1	250	7	43	37	s	n
1	250	7	44	35	s	n
1	250	7	45	29	s	n
1	250	7	46	27	s	n
1	250	7	47	29	s	n
1	250	7	48	27	s	n
1	250	7	49	29	s	n
1	250	7	50	33	s	n
1	250	8	1	39	s	n
1	250	8	2	29	s	n
1	250	8	3	41	s	n
1	250	8	4	30	s	n
1	250	8	5	34	s	n
1	250	8	6	38	s	n
1	250	8	7	40	s	n
1	250	8	8	28	s	n
1	250	8	9	30	s	n
1	250	8	10	31	s	n
1	250	8	11	26	s	n
1	250	8	12	35	s	n
1	250	8	13	29	s	n
1	250	8	14	30	s	n
1	250	8	15	36	s	n
1	250	8	16	36	s	n
1	250	8	17	42	s	n
1	250	8	18	35	s	n
1	250	8	19	24	s	n
1	250	8	20	35	s	n
1	250	8	21	26	s	n
1	250	8	22	37	s	n
1	250	8	23	39	s	n
1	250	8	24	38	s	n
1	250	8	25	42	s	n
1	250	8	26	38	s	n
1	250	8	27	27	s	n
1	250	8	28	42	s	n
1	250	8	29	42	s	n
1	250	8	30	45	s	n
1	250	8	31	42	s	n
1	250	8	32	39	s	n
1	250	8	33	39	s	n
1	250	8	34	32	s	n
1	250	8	35	40	s	n
1	250	8	36	43	s	n
1	250	8	37	41	s	n
1	250	8	38	31	s	n
1	250	8	39	26	s	n
1	250	8	40	50	s	n
1	250	8	41	35	s	n
1	250	8	42	35	s	n
1	250	8	43	44	s	n
1	250	8	44	37	s	n
1	250	8	45	28	s	n
1	250	8	46	29	s	n
1	250	8	47	36	s	n
1	250	8	48	28	s	n
1	250	8	49	30	s	n
1	250	8	50	30	s	n
1	250	9	1	34	s	n
1	250	9	2	25	s	n
1	250	9	3	37	s	n
1	250	9	4	33	s	n
1	250	9	5	31	s	n
1	250	9	6	37	s	n
1	250	9	7	29	s	n
1	250	9	8	28	s	n
1	250	9	9	20	s	n
1	250	9	10	29	s	n
1	250	9	11	31	s	n
1	250	9	12	32	s	n
1	250	9	13	26	s	n
1	250	9	14	31	s	n
1	250	9	15	40	s	n
1	250	9	16	42	s	n
1	250	9	17	31	s	n
1	250	9	18	43	s	n
1	250	9	19	37	s	n
1	250	9	20	36	s	n
1	250	9	21	42	s	n
1	250	9	22	35	s	n
1	250	9	23	40	s	n
1	250	9	24	44	s	n
1	250	9	25	34	s	n
1	250	9	26	52	s	n
1	250	9	27	30	s	n
1	250	9	28	31	s	n
1	250	9	29	41	s	n
1	250	9	30	36	s	n
1	250	9	31	46	s	n
1	250	9	32	47	s	n
1	250	9	33	35	s	n
1	250	9	34	34	s	n
1	250	9	35	32	s	n
1	250	9	36	31	s	n
1	250	9	37	30	s	n
1	250	9	38	26	s	n
1	250	9	39	31	s	n
1	250	9	40	37	s	n
1	250	9	41	31	s	n
1	250	9	42	46	s	n
1	250	9	43	36	s	n
1	250	9	44	34	s	n
1	250	9	45	31	s	n
1	250	9	46	28	s	n
1	250	9	47	23	s	n
1	250	9	48	25	s	n
1	250	9	49	28	s	n
1	250	9	50	29	s	n
1	250	10	1	32	s	n
1	250	10	2	33	s	n
1	250	10	3	32	s	n
1	250	10	4	36	s	n
1	250	10	5	36	s	n
1	250	10	6	38	s	n
1	250	10	7	46	s	n
1	250	10	8	29	s	n
1	250	10	9	18	s	n
1	250	10	10	24	s	n
1	250	10	11	36	s	n
1	250	10	12	34	s	n
1	250	10	13	24	s	n
1	250	10	14	26	s	n
1	250	10	15	40	s	n
1	250	10	16	37	s	n
1	250	10	17	30	s	n
1	250	10	18	45	s	n
1	250	10	19	26	s	n
1	250	10	20	35	s	n
1	250	10	21	40	s	n
1	250	10	22	47	s	n
1	250	10	23	44	s	n
1	250	10	24	42	s	n
1	250	10	25	42	s	n
1	250	10	26	37	s	n
1	250	10	27	44	s	n
1	250	10	28	35	s	n
1	250	10	29	38	s	n
1	250	10	30	40	s	n
1	250	10	31	34	s	n
1	250	10	32	34	s	n
1	250	10	33	35	s	n
1	250	10	34	34	s	n
1	250	10	35	47	s	n
1	250	10	36	45	s	n
1	250	10	37	25	s	n
1	250	10	38	35	s	n
1	250	10	39	36	s	n
1	250	10	40	34	s	n
1	250	10	41	33	s	n
1	250	10	42	31	s	n
1	250	10	43	41	s	n
1	250	10	44	34	s	n
1	250	10	45	31	s	n
1	250	10	46	24	s	n
1	250	10	47	30	s	n
1	250	10	48	30	s	n
1	250	10	49	25	s	n
1	250	10	50	30	s	n
1	250	11	1	34	s	n
1	250	11	2	31	s	n
1	250	11	3	36	s	n
1	250	11	4	34	s	n
1	250	11	5	41	s	n
1	250	11	6	42	s	n
1	250	11	7	29	s	n
1	250	11	8	41	s	n
1	250	11	9	40	s	n
1	250	11	10	31	s	n
1	250	11	11	31	s	n
1	250	11	12	33	s	n
1	250	11	13	36	s	n
1	250	11	14	33	s	n
1	250	11	15	39	s	n
1	250	11	16	35	s	n
1	250	11	17	39	s	n
1	250	11	18	43	s	n
1	250	11	19	35	s	n
1	250	11	20	33	s	n
1	250	11	21	39	s	n
1	250	11	22	35	s	n
1	250	11	23	47	s	n
1	250	11	24	35	s	n
1	250	11	25	38	s	n
1	250	11	26	41	s	n
1	250	11	27	41	s	n
1	250	11	28	32	s	n
1	250	11	29	42	s	n
1	250	11	30	31	s	n
1	250	11	31	33	s	n
1	250	11	32	31	s	n
1	250	11	33	34	s	n
1	250	11	34	43	s	n
1	250	11	35	32	s	n
1	250	11	36	45	s	n
1	250	11	37	26	s	n
1	250	11	38	38	s	n
1	250	11	39	34	s	n
1	250	11	40	29	s	n
1	250	11	41	39	s	n
1	250	11	42	31	s	n
1	250	11	43	35	s	n
1	250	11	44	31	s	n
1	250	11	45	41	s	n
1	250	11	46	26	s	n
1	250	11	47	31	s	n
1	250	11	48	27	s	n
1	250	11	49	23	s	n
1	250	11	50	32	s	n
1	250	12	1	23	s	n
1	250	12	2	27	s	n
1	250	12	3	23	s	n
1	250	12	4	41	s	n
1	250	12	5	31	s	n
1	250	12	6	34	s	n
1	250	12	7	43	s	n
1	250	12	8	29	s	n
1	250	12	9	26	s	n
1	250	12	10	34	s	n
1	250	12	11	29	s	n
1	250	12	12	28	s	n
1	250	12	13	33	s	n
1	250	12	14	27	s	n
1	250	12	15	34	s	n
1	250	12	16	39	s	n
1	250	12	17	42	s	n
1	250	12	18	32	s	n
1	250	12	19	39	s	n
1	250	12	20	36	s	n
1	250	12	21	45	s	n
1	250	12	22	35	s	n
1	250	12	23	32	s	n
1	250	12	24	32	s	n
1	250	12	25	49	s	n
1	250	12	26	30	s	n
1	250	12	27	45	s	n
1	250	12	28	44	s	n
1	250	12	29	41	s	n
1	250	12	30	30	s	n
1	250	12	31	38	s	n
1	250	12	32	30	s	n
1	250	12	33	30	s	n
1	250	12	34	39	s	n
1	250	12	35	38	s	n
1	250	12	36	33	s	n
1	250	12	37	20	s	n
1	250	12	38	28	s	n
1	250	12	39	30	s	n
1	250	12	40	38	s	n
1	250	12	41	42	s	n
1	250	12	42	35	s	n
1	250	12	43	32	s	n
1	250	12	44	36	s	n
1	250	12	45	31	s	n
1	250	12	46	22	s	n
1	250	12	47	36	s	n
1	250	12	48	27	s	n
1	250	12	49	45	s	n
1	250	12	50	22	s	n
1	250	13	1	37	s	n
1	250	13	2	32	s	n
1	250	13	3	46	s	n
1	250	13	4	38	s	n
1	250	13	5	32	s	n
1	250	13	6	41	s	n
1	250	13	7	31	s	n
1	250	13	8	36	s	n
1	250	13	9	28	s	n
1	250	13	10	30	s	n
1	250	13	11	29	s	n
1	250	13	12	31	s	n
1	250	13	13	34	s	n
1	250	13	14	34	s	n
1	250	13	15	45	s	n
1	250	13	16	43	s	n
1	250	13	17	38	s	n
1	250	13	18	33	s	n
1	250	13	19	42	s	n
1	250	13	20	37	s	n
1	250	13	21	31	s	n
1	250	13	22	39	s	n
1	250	13	23	36	s	n
1	250	13	24	37	s	n
1	250	13	25	42	s	n
1	250	13	26	55	s	n
1	250	13	27	42	s	n
1	250	13	28	57	s	n
1	250	13	29	39	s	n
1	250	13	30	40	s	n
1	250	13	31	36	s	n
1	250	13	32	30	s	n
1	250	13	33	42	s	n
1	250	13	34	43	s	n
1	250	13	35	34	s	n
1	250	13	36	36	s	n
1	250	13	37	35	s	n
1	250	13	38	28	s	n
1	250	13	39	35	s	n
1	250	13	40	31	s	n
1	250	13	41	29	s	n
1	250	13	42	37	s	n
1	250	13	43	35	s	n
1	250	13	44	42	s	n
1	250	13	45	39	s	n
1	250	13	46	39	s	n
1	250	13	47	38	s	n
1	250	13	48	27	s	n
1	250	13	49	28	s	n
1	250	13	50	35	s	n
1	250	14	1	33	s	n
1	250	14	2	38	s	n
1	250	14	3	29	s	n
1	250	14	4	36	s	n
1	250	14	5	34	s	n
1	250	14	6	34	s	n
1	250	14	7	32	s	n
1	250	14	8	26	s	n
1	250	14	9	31	s	n
1	250	14	10	29	s	n
1	250	14	11	24	s	n
1	250	14	12	35	s	n
1	250	14	13	29	s	n
1	250	14	14	35	s	n
1	250	14	15	35	s	n
1	250	14	16	41	s	n
1	250	14	17	41	s	n
1	250	14	18	43	s	n
1	250	14	19	35	s	n
1	250	14	20	45	s	n
1	250	14	21	39	s	n
1	250	14	22	41	s	n
1	250	14	23	35	s	n
1	250	14	24	27	s	n
1	250	14	25	37	s	n
1	250	14	26	38	s	n
1	250	14	27	51	s	n
1	250	14	28	45	s	n
1	250	14	29	44	s	n
1	250	14	30	34	s	n
1	250	14	31	51	s	n
1	250	14	32	38	s	n
1	250	14	33	49	s	n
1	250	14	34	33	s	n
1	250	14	35	30	s	n
1	250	14	36	37	s	n
1	250	14	37	34	s	n
1	250	14	38	34	s	n
1	250	14	39	27	s	n
1	250	14	40	32	s	n
1	250	14	41	27	s	n
1	250	14	42	37	s	n
1	250	14	43	37	s	n
1	250	14	44	29	s	n
1	250	14	45	32	s	n
1	250	14	46	36	s	n
1	250	14	47	30	s	n
1	250	14	48	42	s	n
1	250	14	49	41	s	n
1	250	14	50	24	s	n
1	250	15	1	32	s	n
1	250	15	2	31	s	n
1	250	15	3	33	s	n
1	250	15	4	43	s	n
1	250	15	5	37	s	n
1	250	15	6	31	s	n
1	250	15	7	41	s	n
1	250	15	8	26	s	n
1	250	15	9	37	s	n
1	250	15	10	25	s	n
1	250	15	11	29	s	n
1	250	15	12	31	s	n
1	250	15	13	41	s	n
1	250	15	14	33	s	n
1	250	15	15	28	s	n
1	250	15	16	39	s	n
1	250	15	17	45	s	n
1	250	15	18	39	s	n
1	250	15	19	34	s	n
1	250	15	20	44	s	n
1	250	15	21	50	s	n
1	250	15	22	27	s	n
1	250	15	23	36	s	n
1	250	15	24	28	s	n
1	250	15	25	63	s	n
1	250	15	26	36	s	n
1	250	15	27	42	s	n
1	250	15	28	47	s	n
1	250	15	29	36	s	n
1	250	15	30	33	s	n
1	250	15	31	31	s	n
1	250	15	32	35	s	n
1	250	15	33	44	s	n
1	250	15	34	35	s	n
1	250	15	35	31	s	n
1	250	15	36	43	s	n
1	250	15	37	28	s	n
1	250	15	38	39	s	n
1	250	15	39	27	s	n
1	250	15	40	51	s	n
1	250	15	41	31	s	n
1	250	15	42	42	s	n
1	250	15	43	39	s	n
1	250	15	44	37	s	n
1	250	15	45	38	s	n
1	250	15	46	43	s	n
1	250	15	47	40	s	n
1	250	15	48	27	s	n
1	250	15	49	30	s	n
1	250	15	50	25	s	n
1	250	16	1	35	s	n
1	250	16	2	32	s	n
1	250	16	3	29	s	n
1	250	16	4	37	s	n
1	250	16	5	35	s	n
1	250	16	6	26	s	n
1	250	16	7	37	s	n
1	250	16	8	36	s	n
1	250	16	9	30	s	n
1	250	16	10	20	s	n
1	250	16	11	25	s	n
1	250	16	12	21	s	n
1	250	16	13	33	s	n
1	250	16	14	32	s	n
1	250	16	15	38	s	n
1	250	16	16	32	s	n
1	250	16	17	36	s	n
1	250	16	18	37	s	n
1	250	16	19	26	s	n
1	250	16	20	35	s	n
1	250	16	21	30	s	n
1	250	16	22	29	s	n
1	250	16	23	30	s	n
1	250	16	24	53	s	n
1	250	16	25	53	s	n
1	250	16	26	38	s	n
1	250	16	27	38	s	n
1	250	16	28	46	s	n
1	250	16	29	33	s	n
1	250	16	30	40	s	n
1	250	16	31	41	s	n
1	250	16	32	45	s	n
1	250	16	33	39	s	n
1	250	16	34	34	s	n
1	250	16	35	33	s	n
1	250	16	36	33	s	n
1	250	16	37	36	s	n
1	250	16	38	34	s	n
1	250	16	39	34	s	n
1	250	16	40	24	s	n
1	250	16	41	38	s	n
1	250	16	42	27	s	n
1	250	16	43	36	s	n
1	250	16	44	25	s	n
1	250	16	45	34	s	n
1	250	16	46	40	s	n
1	250	16	47	38	s	n
1	250	16	48	30	s	n
1	250	16	49	26	s	n
1	250	16	50	27	s	n
1	250	17	1	40	s	n
1	250	17	2	35	s	n
1	250	17	3	35	s	n
1	250	17	4	33	s	n
1	250	17	5	38	s	n
1	250	17	6	33	s	n
1	250	17	7	39	s	n
1	250	17	8	38	s	n
1	250	17	9	25	s	n
1	250	17	10	19	s	n
1	250	17	11	22	s	n
1	250	17	12	26	s	n
1	250	17	13	28	s	n
1	250	17	14	27	s	n
1	250	17	15	25	s	n
1	250	17	16	40	s	n
1	250	17	17	35	s	n
1	250	17	18	39	s	n
1	250	17	19	33	s	n
1	250	17	20	32	s	n
1	250	17	21	38	s	n
1	250	17	22	34	s	n
1	250	17	23	39	s	n
1	250	17	24	34	s	n
1	250	17	25	38	s	n
1	250	17	26	53	s	n
1	250	17	27	51	s	n
1	250	17	28	57	s	n
1	250	17	29	35	s	n
1	250	17	30	38	s	n
1	250	17	31	45	s	n
1	250	17	32	48	s	n
1	250	17	33	38	s	n
1	250	17	34	36	s	n
1	250	17	35	31	s	n
1	250	17	36	47	s	n
1	250	17	37	46	s	n
1	250	17	38	35	s	n
1	250	17	39	43	s	n
1	250	17	40	41	s	n
1	250	17	41	40	s	n
1	250	17	42	30	s	n
1	250	17	43	21	s	n
1	250	17	44	44	s	n
1	250	17	45	36	s	n
1	250	17	46	23	s	n
1	250	17	47	36	s	n
1	250	17	48	31	s	n
1	250	17	49	32	s	n
1	250	17	50	30	s	n
1	250	18	1	35	s	n
1	250	18	2	36	s	n
1	250	18	3	36	s	n
1	250	18	4	41	s	n
1	250	18	5	38	s	n
1	250	18	6	40	s	n
1	250	18	7	34	s	n
1	250	18	8	44	s	n
1	250	18	9	25	s	n
1	250	18	10	30	s	n
1	250	18	11	24	s	n
1	250	18	12	36	s	n
1	250	18	13	25	s	n
1	250	18	14	34	s	n
1	250	18	15	36	s	n
1	250	18	16	29	s	n
1	250	18	17	30	s	n
1	250	18	18	31	s	n
1	250	18	19	33	s	n
1	250	18	20	24	s	n
1	250	18	21	38	s	n
1	250	18	22	37	s	n
1	250	18	23	47	s	n
1	250	18	24	47	s	n
1	250	18	25	43	s	n
1	250	18	26	35	s	n
1	250	18	27	46	s	n
1	250	18	28	26	s	n
1	250	18	29	43	s	n
1	250	18	30	51	s	n
1	250	18	31	54	s	n
1	250	18	32	40	s	n
1	250	18	33	38	s	n
1	250	18	34	38	s	n
1	250	18	35	36	s	n
1	250	18	36	43	s	n
1	250	18	37	39	s	n
1	250	18	38	44	s	n
1	250	18	39	38	s	n
1	250	18	40	33	s	n
1	250	18	41	31	s	n
1	250	18	42	25	s	n
1	250	18	43	41	s	n
1	250	18	44	27	s	n
1	250	18	45	19	s	n
1	250	18	46	28	s	n
1	250	18	47	43	s	n
1	250	18	48	30	s	n
1	250	18	49	26	s	n
1	250	18	50	33	s	n
1	250	19	1	41	s	n
1	250	19	2	40	s	n
1	250	19	3	43	s	n
1	250	19	4	47	s	n
1	250	19	5	39	s	n
1	250	19	6	42	s	n
1	250	19	7	35	s	n
1	250	19	8	29	s	n
1	250	19	9	23	s	n
1	250	19	10	33	s	n
1	250	19	11	28	s	n
1	250	19	12	29	s	n
1	250	19	13	28	s	n
1	250	19	14	31	s	n
1	250	19	15	44	s	n
1	250	19	16	29	s	n
1	250	19	17	27	s	n
1	250	19	18	37	s	n
1	250	19	19	28	s	n
1	250	19	20	39	s	n
1	250	19	21	23	s	n
1	250	19	22	37	s	n
1	250	19	23	32	s	n
1	250	19	24	44	s	n
1	250	19	25	40	s	n
1	250	19	26	30	s	n
1	250	19	27	30	s	n
1	250	19	28	34	s	n
1	250	19	29	50	s	n
1	250	19	30	33	s	n
1	250	19	31	33	s	n
1	250	19	32	30	s	n
1	250	19	33	38	s	n
1	250	19	34	39	s	n
1	250	19	35	36	s	n
1	250	19	36	39	s	n
1	250	19	37	33	s	n
1	250	19	38	43	s	n
1	250	19	39	39	s	n
1	250	19	40	36	s	n
1	250	19	41	32	s	n
1	250	19	42	38	s	n
1	250	19	43	32	s	n
1	250	19	44	25	s	n
1	250	19	45	32	s	n
1	250	19	46	32	s	n
1	250	19	47	26	s	n
1	250	19	48	33	s	n
1	250	19	49	45	s	n
1	250	19	50	31	s	n
1	250	20	1	37	s	n
1	250	20	2	41	s	n
1	250	20	3	40	s	n
1	250	20	4	45	s	n
1	250	20	5	30	s	n
1	250	20	6	44	s	n
1	250	20	7	30	s	n
1	250	20	8	34	s	n
1	250	20	9	35	s	n
1	250	20	10	32	s	n
1	250	20	11	30	s	n
1	250	20	12	38	s	n
1	250	20	13	20	s	n
1	250	20	14	30	s	n
1	250	20	15	25	s	n
1	250	20	16	34	s	n
1	250	20	17	26	s	n
1	250	20	18	27	s	n
1	250	20	19	36	s	n
1	250	20	20	23	s	n
1	250	20	21	25	s	n
1	250	20	22	42	s	n
1	250	20	23	34	s	n
1	250	20	24	44	s	n
1	250	20	25	34	s	n
1	250	20	26	40	s	n
1	250	20	27	42	s	n
1	250	20	28	41	s	n
1	250	20	29	33	s	n
1	250	20	30	34	s	n
1	250	20	31	48	s	n
1	250	20	32	45	s	n
1	250	20	33	33	s	n
1	250	20	34	46	s	n
1	250	20	35	36	s	n
1	250	20	36	31	s	n
1	250	20	37	34	s	n
1	250	20	38	37	s	n
1	250	20	39	37	s	n
1	250	20	40	28	s	n
1	250	20	41	40	s	n
1	250	20	42	28	s	n
1	250	20	43	29	s	n
1	250	20	44	31	s	n
1	250	20	45	35	s	n
1	250	20	46	25	s	n
1	250	20	47	33	s	n
1	250	20	48	39	s	n
1	250	20	49	43	s	n
1	250	20	50	39	s	n
1	260	1	1	38	s	n
1	260	1	2	33	s	n
1	260	1	3	35	s	n
1	260	1	4	35	s	n
1	260	1	5	32	s	n
1	260	1	6	32	s	n
1	260	1	7	35	s	n
1	260	1	8	28	s	n
1	260	1	9	22	s	n
1	260	1	10	32	s	n
1	260	1	11	29	s	n
1	260	1	12	27	s	n
1	260	1	13	39	s	n
1	260	1	14	39	s	n
1	260	1	15	39	s	n
1	260	1	16	38	s	n
1	260	1	17	36	s	n
1	260	1	18	34	s	n
1	260	1	19	31	s	n
1	260	1	20	39	s	n
1	260	1	21	39	s	n
1	260	1	22	47	s	n
1	260	1	23	51	s	n
1	260	1	24	43	s	n
1	260	1	25	38	s	n
1	260	1	26	41	s	n
1	260	1	27	38	s	n
1	260	1	28	39	s	n
1	260	1	29	36	s	n
1	260	1	30	41	s	n
1	260	1	31	34	s	n
1	260	1	32	38	s	n
1	260	1	33	38	s	n
1	260	1	34	39	s	n
1	260	1	35	32	s	n
1	260	1	36	34	s	n
1	260	1	37	39	s	n
1	260	1	38	41	s	n
1	260	1	39	35	s	n
1	260	1	40	29	s	n
1	260	1	41	34	s	n
1	260	1	42	38	s	n
1	260	1	43	35	s	n
1	260	1	44	33	s	n
1	260	1	45	28	s	n
1	260	1	46	23	s	n
1	260	1	47	29	s	n
1	260	1	48	23	s	n
1	260	1	49	38	s	n
1	260	1	50	39	s	n
1	260	2	1	37	s	n
1	260	2	2	34	s	n
1	260	2	3	31	s	n
1	260	2	4	35	s	n
1	260	2	5	34	s	n
1	260	2	6	29	s	n
1	260	2	7	33	s	n
1	260	2	8	31	s	n
1	260	2	9	27	s	n
1	260	2	10	27	s	n
1	260	2	11	28	s	n
1	260	2	12	38	s	n
1	260	2	13	43	s	n
1	260	2	14	43	s	n
1	260	2	15	30	s	n
1	260	2	16	37	s	n
1	260	2	17	39	s	n
1	260	2	18	36	s	n
1	260	2	19	45	s	n
1	260	2	20	37	s	n
1	260	2	21	44	s	n
1	260	2	22	40	s	n
1	260	2	23	50	s	n
1	260	2	24	40	s	n
1	260	2	25	35	s	n
1	260	2	26	30	s	n
1	260	2	27	39	s	n
1	260	2	28	39	s	n
1	260	2	29	33	s	n
1	260	2	30	33	s	n
1	260	2	31	40	s	n
1	260	2	32	37	s	n
1	260	2	33	43	s	n
1	260	2	34	41	s	n
1	260	2	35	45	s	n
1	260	2	36	40	s	n
1	260	2	37	34	s	n
1	260	2	38	49	s	n
1	260	2	39	33	s	n
1	260	2	40	32	s	n
1	260	2	41	34	s	n
1	260	2	42	35	s	n
1	260	2	43	42	s	n
1	260	2	44	33	s	n
1	260	2	45	28	s	n
1	260	2	46	31	s	n
1	260	2	47	22	s	n
1	260	2	48	33	s	n
1	260	2	49	30	s	n
1	260	2	50	30	s	n
1	260	3	1	29	s	n
1	260	3	2	33	s	n
1	260	3	3	29	s	n
1	260	3	4	29	s	n
1	260	3	5	34	s	n
1	260	3	6	34	s	n
1	260	3	7	31	s	n
1	260	3	8	29	s	n
1	260	3	9	35	s	n
1	260	3	10	35	s	n
1	260	3	11	23	s	n
1	260	3	12	38	s	n
1	260	3	13	38	s	n
1	260	3	14	32	s	n
1	260	3	15	39	s	n
1	260	3	16	36	s	n
1	260	3	17	35	s	n
1	260	3	18	28	s	n
1	260	3	19	31	s	n
1	260	3	20	34	s	n
1	260	3	21	49	s	n
1	260	3	22	25	s	n
1	260	3	23	47	s	n
1	260	3	24	48	s	n
1	260	3	25	44	s	n
1	260	3	26	38	s	n
1	260	3	27	37	s	n
1	260	3	28	34	s	n
1	260	3	29	42	s	n
1	260	3	30	35	s	n
1	260	3	31	44	s	n
1	260	3	32	42	s	n
1	260	3	33	39	s	n
1	260	3	34	46	s	n
1	260	3	35	49	s	n
1	260	3	36	34	s	n
1	260	3	37	51	s	n
1	260	3	38	39	s	n
1	260	3	39	30	s	n
1	260	3	40	29	s	n
1	260	3	41	32	s	n
1	260	3	42	34	s	n
1	260	3	43	28	s	n
1	260	3	44	36	s	n
1	260	3	45	34	s	n
1	260	3	46	32	s	n
1	260	3	47	37	s	n
1	260	3	48	32	s	n
1	260	3	49	36	s	n
1	260	3	50	30	s	n
1	260	4	1	33	s	n
1	260	4	2	29	s	n
1	260	4	3	37	s	n
1	260	4	4	35	s	n
1	260	4	5	26	s	n
1	260	4	6	34	s	n
1	260	4	7	29	s	n
1	260	4	8	26	s	n
1	260	4	9	22	s	n
1	260	4	10	35	s	n
1	260	4	11	35	s	n
1	260	4	12	30	s	n
1	260	4	13	29	s	n
1	260	4	14	29	s	n
1	260	4	15	25	s	n
1	260	4	16	31	s	n
1	260	4	17	41	s	n
1	260	4	18	39	s	n
1	260	4	19	37	s	n
1	260	4	20	35	s	n
1	260	4	21	41	s	n
1	260	4	22	34	s	n
1	260	4	23	33	s	n
1	260	4	24	37	s	n
1	260	4	25	27	s	n
1	260	4	26	32	s	n
1	260	4	27	30	s	n
1	260	4	28	35	s	n
1	260	4	29	40	s	n
1	260	4	30	32	s	n
1	260	4	31	34	s	n
1	260	4	32	43	s	n
1	260	4	33	45	s	n
1	260	4	34	39	s	n
1	260	4	35	37	s	n
1	260	4	36	51	s	n
1	260	4	37	36	s	n
1	260	4	38	35	s	n
1	260	4	39	24	s	n
1	260	4	40	30	s	n
1	260	4	41	33	s	n
1	260	4	42	37	s	n
1	260	4	43	29	s	n
1	260	4	44	33	s	n
1	260	4	45	40	s	n
1	260	4	46	37	s	n
1	260	4	47	38	s	n
1	260	4	48	36	s	n
1	260	4	49	30	s	n
1	260	4	50	35	s	n
1	260	5	1	29	s	n
1	260	5	2	33	s	n
1	260	5	3	34	s	n
1	260	5	4	24	s	n
1	260	5	5	26	s	n
1	260	5	6	27	s	n
1	260	5	7	35	s	n
1	260	5	8	34	s	n
1	260	5	9	29	s	n
1	260	5	10	37	s	n
1	260	5	11	23	s	n
1	260	5	12	26	s	n
1	260	5	13	37	s	n
1	260	5	14	39	s	n
1	260	5	15	34	s	n
1	260	5	16	28	s	n
1	260	5	17	35	s	n
1	260	5	18	37	s	n
1	260	5	19	39	s	n
1	260	5	20	38	s	n
1	260	5	21	47	s	n
1	260	5	22	46	s	n
1	260	5	23	41	s	n
1	260	5	24	37	s	n
1	260	5	25	33	s	n
1	260	5	26	41	s	n
1	260	5	27	41	s	n
1	260	5	28	38	s	n
1	260	5	29	37	s	n
1	260	5	30	48	s	n
1	260	5	31	43	s	n
1	260	5	32	45	s	n
1	260	5	33	48	s	n
1	260	5	34	43	s	n
1	260	5	35	50	s	n
1	260	5	36	43	s	n
1	260	5	37	47	s	n
1	260	5	38	32	s	n
1	260	5	39	35	s	n
1	260	5	40	32	s	n
1	260	5	41	36	s	n
1	260	5	42	34	s	n
1	260	5	43	30	s	n
1	260	5	44	31	s	n
1	260	5	45	33	s	n
1	260	5	46	37	s	n
1	260	5	47	37	s	n
1	260	5	48	31	s	n
1	260	5	49	32	s	n
1	260	5	50	36	s	n
1	260	6	1	34	s	n
1	260	6	2	33	s	n
1	260	6	3	32	s	n
1	260	6	4	28	s	n
1	260	6	5	24	s	n
1	260	6	6	29	s	n
1	260	6	7	27	s	n
1	260	6	8	33	s	n
1	260	6	9	22	s	n
1	260	6	10	27	s	n
1	260	6	11	28	s	n
1	260	6	12	24	s	n
1	260	6	13	40	s	n
1	260	6	14	37	s	n
1	260	6	15	39	s	n
1	260	6	16	45	s	n
1	260	6	17	42	s	n
1	260	6	18	42	s	n
1	260	6	19	39	s	n
1	260	6	20	43	s	n
1	260	6	21	39	s	n
1	260	6	22	30	s	n
1	260	6	23	29	s	n
1	260	6	24	37	s	n
1	260	6	25	47	s	n
1	260	6	26	38	s	n
1	260	6	27	31	s	n
1	260	6	28	40	s	n
1	260	6	29	46	s	n
1	260	6	30	53	s	n
1	260	6	31	45	s	n
1	260	6	32	38	s	n
1	260	6	33	54	s	n
1	260	6	34	42	s	n
1	260	6	35	50	s	n
1	260	6	36	30	s	n
1	260	6	37	52	s	n
1	260	6	38	35	s	n
1	260	6	39	34	s	n
1	260	6	40	31	s	n
1	260	6	41	32	s	n
1	260	6	42	41	s	n
1	260	6	43	23	s	n
1	260	6	44	34	s	n
1	260	6	45	31	s	n
1	260	6	46	34	s	n
1	260	6	47	38	s	n
1	260	6	48	34	s	n
1	260	6	49	32	s	n
1	260	6	50	37	s	n
1	260	7	1	36	s	n
1	260	7	2	27	s	n
1	260	7	3	35	s	n
1	260	7	4	23	s	n
1	260	7	5	28	s	n
1	260	7	6	28	s	n
1	260	7	7	30	s	n
1	260	7	8	34	s	n
1	260	7	9	29	s	n
1	260	7	10	25	s	n
1	260	7	11	27	s	n
1	260	7	12	38	s	n
1	260	7	13	31	s	n
1	260	7	14	34	s	n
1	260	7	15	43	s	n
1	260	7	16	37	s	n
1	260	7	17	46	s	n
1	260	7	18	36	s	n
1	260	7	19	37	s	n
1	260	7	20	33	s	n
1	260	7	21	34	s	n
1	260	7	22	32	s	n
1	260	7	23	43	s	n
1	260	7	24	45	s	n
1	260	7	25	31	s	n
1	260	7	26	35	s	n
1	260	7	27	40	s	n
1	260	7	28	44	s	n
1	260	7	29	39	s	n
1	260	7	30	36	s	n
1	260	7	31	44	s	n
1	260	7	32	35	s	n
1	260	7	33	51	s	n
1	260	7	34	26	s	n
1	260	7	35	45	s	n
1	260	7	36	34	s	n
1	260	7	37	32	s	n
1	260	7	38	45	s	n
1	260	7	39	35	s	n
1	260	7	40	38	s	n
1	260	7	41	34	s	n
1	260	7	42	37	s	n
1	260	7	43	40	s	n
1	260	7	44	38	s	n
1	260	7	45	39	s	n
1	260	7	46	35	s	n
1	260	7	47	29	s	n
1	260	7	48	37	s	n
1	260	7	49	34	s	n
1	260	7	50	36	s	n
1	260	8	1	27	s	n
1	260	8	2	33	s	n
1	260	8	3	34	s	n
1	260	8	4	24	s	n
1	260	8	5	30	s	n
1	260	8	6	31	s	n
1	260	8	7	28	s	n
1	260	8	8	37	s	n
1	260	8	9	25	s	n
1	260	8	10	29	s	n
1	260	8	11	36	s	n
1	260	8	12	28	s	n
1	260	8	13	37	s	n
1	260	8	14	39	s	n
1	260	8	15	43	s	n
1	260	8	16	36	s	n
1	260	8	17	39	s	n
1	260	8	18	42	s	n
1	260	8	19	40	s	n
1	260	8	20	45	s	n
1	260	8	21	31	s	n
1	260	8	22	32	s	n
1	260	8	23	32	s	n
1	260	8	24	40	s	n
1	260	8	25	28	s	n
1	260	8	26	41	s	n
1	260	8	27	49	s	n
1	260	8	28	40	s	n
1	260	8	29	45	s	n
1	260	8	30	42	s	n
1	260	8	31	37	s	n
1	260	8	32	40	s	n
1	260	8	33	38	s	n
1	260	8	34	39	s	n
1	260	8	35	35	s	n
1	260	8	36	42	s	n
1	260	8	37	32	s	n
1	260	8	38	46	s	n
1	260	8	39	34	s	n
1	260	8	40	37	s	n
1	260	8	41	35	s	n
1	260	8	42	21	s	n
1	260	8	43	35	s	n
1	260	8	44	34	s	n
1	260	8	45	37	s	n
1	260	8	46	35	s	n
1	260	8	47	32	s	n
1	260	8	48	21	s	n
1	260	8	49	34	s	n
1	260	8	50	31	s	n
1	260	9	1	28	s	n
1	260	9	2	32	s	n
1	260	9	3	33	s	n
1	260	9	4	31	s	n
1	260	9	5	37	s	n
1	260	9	6	36	s	n
1	260	9	7	30	s	n
1	260	9	8	41	s	n
1	260	9	9	36	s	n
1	260	9	10	38	s	n
1	260	9	11	26	s	n
1	260	9	12	36	s	n
1	260	9	13	32	s	n
1	260	9	14	38	s	n
1	260	9	15	45	s	n
1	260	9	16	42	s	n
1	260	9	17	49	s	n
1	260	9	18	35	s	n
1	260	9	19	37	s	n
1	260	9	20	33	s	n
1	260	9	21	35	s	n
1	260	9	22	40	s	n
1	260	9	23	35	s	n
1	260	9	24	40	s	n
1	260	9	25	54	s	n
1	260	9	26	34	s	n
1	260	9	27	43	s	n
1	260	9	28	40	s	n
1	260	9	29	40	s	n
1	260	9	30	47	s	n
1	260	9	31	37	s	n
1	260	9	32	43	s	n
1	260	9	33	37	s	n
1	260	9	34	31	s	n
1	260	9	35	32	s	n
1	260	9	36	36	s	n
1	260	9	37	35	s	n
1	260	9	38	34	s	n
1	260	9	39	49	s	n
1	260	9	40	43	s	n
1	260	9	41	38	s	n
1	260	9	42	41	s	n
1	260	9	43	30	s	n
1	260	9	44	37	s	n
1	260	9	45	28	s	n
1	260	9	46	34	s	n
1	260	9	47	22	s	n
1	260	9	48	33	s	n
1	260	9	49	26	s	n
1	260	9	50	33	s	n
1	260	10	1	22	s	n
1	260	10	2	30	s	n
1	260	10	3	41	s	n
1	260	10	4	36	s	n
1	260	10	5	33	s	n
1	260	10	6	35	s	n
1	260	10	7	43	s	n
1	260	10	8	36	s	n
1	260	10	9	35	s	n
1	260	10	10	35	s	n
1	260	10	11	32	s	n
1	260	10	12	35	s	n
1	260	10	13	30	s	n
1	260	10	14	33	s	n
1	260	10	15	40	s	n
1	260	10	16	44	s	n
1	260	10	17	41	s	n
1	260	10	18	37	s	n
1	260	10	19	36	s	n
1	260	10	20	35	s	n
1	260	10	21	46	s	n
1	260	10	22	34	s	n
1	260	10	23	36	s	n
1	260	10	24	40	s	n
1	260	10	25	36	s	n
1	260	10	26	39	s	n
1	260	10	27	46	s	n
1	260	10	28	37	s	n
1	260	10	29	41	s	n
1	260	10	30	42	s	n
1	260	10	31	39	s	n
1	260	10	32	44	s	n
1	260	10	33	38	s	n
1	260	10	34	36	s	n
1	260	10	35	36	s	n
1	260	10	36	35	s	n
1	260	10	37	37	s	n
1	260	10	38	40	s	n
1	260	10	39	25	s	n
1	260	10	40	39	s	n
1	260	10	41	39	s	n
1	260	10	42	31	s	n
1	260	10	43	26	s	n
1	260	10	44	32	s	n
1	260	10	45	31	s	n
1	260	10	46	36	s	n
1	260	10	47	35	s	n
1	260	10	48	24	s	n
1	260	10	49	32	s	n
1	260	10	50	25	s	n
1	260	11	1	28	s	n
1	260	11	2	24	s	n
1	260	11	3	34	s	n
1	260	11	4	39	s	n
1	260	11	5	39	s	n
1	260	11	6	32	s	n
1	260	11	7	33	s	n
1	260	11	8	32	s	n
1	260	11	9	45	s	n
1	260	11	10	34	s	n
1	260	11	11	40	s	n
1	260	11	12	37	s	n
1	260	11	13	26	s	n
1	260	11	14	41	s	n
1	260	11	15	27	s	n
1	260	11	16	52	s	n
1	260	11	17	47	s	n
1	260	11	18	35	s	n
1	260	11	19	40	s	n
1	260	11	20	33	s	n
1	260	11	21	42	s	n
1	260	11	22	38	s	n
1	260	11	23	38	s	n
1	260	11	24	40	s	n
1	260	11	25	38	s	n
1	260	11	26	45	s	n
1	260	11	27	42	s	n
1	260	11	28	42	s	n
1	260	11	29	43	s	n
1	260	11	30	50	s	n
1	260	11	31	39	s	n
1	260	11	32	39	s	n
1	260	11	33	34	s	n
1	260	11	34	32	s	n
1	260	11	35	36	s	n
1	260	11	36	35	s	n
1	260	11	37	35	s	n
1	260	11	38	37	s	n
1	260	11	39	37	s	n
1	260	11	40	31	s	n
1	260	11	41	36	s	n
1	260	11	42	42	s	n
1	260	11	43	39	s	n
1	260	11	44	28	s	n
1	260	11	45	27	s	n
1	260	11	46	35	s	n
1	260	11	47	35	s	n
1	260	11	48	29	s	n
1	260	11	49	22	s	n
1	260	11	50	21	s	n
1	260	12	1	34	s	n
1	260	12	2	33	s	n
1	260	12	3	39	s	n
1	260	12	4	36	s	n
1	260	12	5	34	s	n
1	260	12	6	41	s	n
1	260	12	7	32	s	n
1	260	12	8	30	s	n
1	260	12	9	26	s	n
1	260	12	10	30	s	n
1	260	12	11	30	s	n
1	260	12	12	35	s	n
1	260	12	13	29	s	n
1	260	12	14	33	s	n
1	260	12	15	35	s	n
1	260	12	16	35	s	n
1	260	12	17	42	s	n
1	260	12	18	32	s	n
1	260	12	19	36	s	n
1	260	12	20	38	s	n
1	260	12	21	42	s	n
1	260	12	22	41	s	n
1	260	12	23	35	s	n
1	260	12	24	44	s	n
1	260	12	25	49	s	n
1	260	12	26	38	s	n
1	260	12	27	35	s	n
1	260	12	28	34	s	n
1	260	12	29	37	s	n
1	260	12	30	30	s	n
1	260	12	31	39	s	n
1	260	12	32	39	s	n
1	260	12	33	51	s	n
1	260	12	34	36	s	n
1	260	12	35	36	s	n
1	260	12	36	43	s	n
1	260	12	37	40	s	n
1	260	12	38	39	s	n
1	260	12	39	29	s	n
1	260	12	40	33	s	n
1	260	12	41	43	s	n
1	260	12	42	35	s	n
1	260	12	43	33	s	n
1	260	12	44	31	s	n
1	260	12	45	31	s	n
1	260	12	46	31	s	n
1	260	12	47	40	s	n
1	260	12	48	27	s	n
1	260	12	49	23	s	n
1	260	12	50	24	s	n
1	260	13	1	44	s	n
1	260	13	2	31	s	n
1	260	13	3	29	s	n
1	260	13	4	38	s	n
1	260	13	5	40	s	n
1	260	13	6	40	s	n
1	260	13	7	43	s	n
1	260	13	8	28	s	n
1	260	13	9	36	s	n
1	260	13	10	27	s	n
1	260	13	11	35	s	n
1	260	13	12	29	s	n
1	260	13	13	22	s	n
1	260	13	14	31	s	n
1	260	13	15	28	s	n
1	260	13	16	37	s	n
1	260	13	17	29	s	n
1	260	13	18	38	s	n
1	260	13	19	36	s	n
1	260	13	20	33	s	n
1	260	13	21	39	s	n
1	260	13	22	46	s	n
1	260	13	23	37	s	n
1	260	13	24	42	s	n
1	260	13	25	44	s	n
1	260	13	26	38	s	n
1	260	13	27	40	s	n
1	260	13	28	36	s	n
1	260	13	29	39	s	n
1	260	13	30	41	s	n
1	260	13	31	42	s	n
1	260	13	32	41	s	n
1	260	13	33	38	s	n
1	260	13	34	32	s	n
1	260	13	35	33	s	n
1	260	13	36	39	s	n
1	260	13	37	37	s	n
1	260	13	38	30	s	n
1	260	13	39	42	s	n
1	260	13	40	38	s	n
1	260	13	41	31	s	n
1	260	13	42	27	s	n
1	260	13	43	26	s	n
1	260	13	44	38	s	n
1	260	13	45	38	s	n
1	260	13	46	33	s	n
1	260	13	47	31	s	n
1	260	13	48	35	s	n
1	260	13	49	25	s	n
1	260	13	50	29	s	n
1	260	14	1	34	s	n
1	260	14	2	37	s	n
1	260	14	3	39	s	n
1	260	14	4	36	s	n
1	260	14	5	39	s	n
1	260	14	6	43	s	n
1	260	14	7	36	s	n
1	260	14	8	30	s	n
1	260	14	9	27	s	n
1	260	14	10	33	s	n
1	260	14	11	27	s	n
1	260	14	12	32	s	n
1	260	14	13	23	s	n
1	260	14	14	30	s	n
1	260	14	15	33	s	n
1	260	14	16	28	s	n
1	260	14	17	32	s	n
1	260	14	18	33	s	n
1	260	14	19	33	s	n
1	260	14	20	35	s	n
1	260	14	21	36	s	n
1	260	14	22	37	s	n
1	260	14	23	38	s	n
1	260	14	24	39	s	n
1	260	14	25	45	s	n
1	260	14	26	37	s	n
1	260	14	27	36	s	n
1	260	14	28	46	s	n
1	260	14	29	40	s	n
1	260	14	30	37	s	n
1	260	14	31	39	s	n
1	260	14	32	31	s	n
1	260	14	33	23	s	n
1	260	14	34	40	s	n
1	260	14	35	44	s	n
1	260	14	36	37	s	n
1	260	14	37	33	s	n
1	260	14	38	33	s	n
1	260	14	39	30	s	n
1	260	14	40	31	s	n
1	260	14	41	33	s	n
1	260	14	42	32	s	n
1	260	14	43	32	s	n
1	260	14	44	36	s	n
1	260	14	45	37	s	n
1	260	14	46	31	s	n
1	260	14	47	27	s	n
1	260	14	48	45	s	n
1	260	14	49	20	s	n
1	260	14	50	15	s	n
1	260	15	1	36	s	n
1	260	15	2	38	s	n
1	260	15	3	41	s	n
1	260	15	4	35	s	n
1	260	15	5	36	s	n
1	260	15	6	38	s	n
1	260	15	7	40	s	n
1	260	15	8	39	s	n
1	260	15	9	36	s	n
1	260	15	10	30	s	n
1	260	15	11	35	s	n
1	260	15	12	30	s	n
1	260	15	13	29	s	n
1	260	15	14	27	s	n
1	260	15	15	22	s	n
1	260	15	16	36	s	n
1	260	15	17	36	s	n
1	260	15	18	40	s	n
1	260	15	19	41	s	n
1	260	15	20	41	s	n
1	260	15	21	41	s	n
1	260	15	22	36	s	n
1	260	15	23	37	s	n
1	260	15	24	42	s	n
1	260	15	25	53	s	n
1	260	15	26	46	s	n
1	260	15	27	57	s	n
1	260	15	28	49	s	n
1	260	15	29	42	s	n
1	260	15	30	56	s	n
1	260	15	31	53	s	n
1	260	15	32	36	s	n
1	260	15	33	39	s	n
1	260	15	34	42	s	n
1	260	15	35	39	s	n
1	260	15	36	42	s	n
1	260	15	37	41	s	n
1	260	15	38	28	s	n
1	260	15	39	34	s	n
1	260	15	40	36	s	n
1	260	15	41	36	s	n
1	260	15	42	31	s	n
1	260	15	43	37	s	n
1	260	15	44	33	s	n
1	260	15	45	37	s	n
1	260	15	46	41	s	n
1	260	15	47	35	s	n
1	260	15	48	40	s	n
1	260	15	49	37	s	n
1	260	15	50	47	s	n
1	260	16	1	37	s	n
1	260	16	2	35	s	n
1	260	16	3	39	s	n
1	260	16	4	42	s	n
1	260	16	5	40	s	n
1	260	16	6	33	s	n
1	260	16	7	38	s	n
1	260	16	8	33	s	n
1	260	16	9	37	s	n
1	260	16	10	26	s	n
1	260	16	11	37	s	n
1	260	16	12	31	s	n
1	260	16	13	34	s	n
1	260	16	14	34	s	n
1	260	16	15	33	s	n
1	260	16	16	25	s	n
1	260	16	17	36	s	n
1	260	16	18	33	s	n
1	260	16	19	37	s	n
1	260	16	20	38	s	n
1	260	16	21	38	s	n
1	260	16	22	35	s	n
1	260	16	23	46	s	n
1	260	16	24	48	s	n
1	260	16	25	41	s	n
1	260	16	26	52	s	n
1	260	16	27	73	s	n
1	260	16	28	43	s	n
1	260	16	29	40	s	n
1	260	16	30	41	s	n
1	260	16	31	31	s	n
1	260	16	32	46	s	n
1	260	16	33	43	s	n
1	260	16	34	35	s	n
1	260	16	35	40	s	n
1	260	16	36	35	s	n
1	260	16	37	34	s	n
1	260	16	38	32	s	n
1	260	16	39	39	s	n
1	260	16	40	25	s	n
1	260	16	41	31	s	n
1	260	16	42	33	s	n
1	260	16	43	33	s	n
1	260	16	44	34	s	n
1	260	16	45	30	s	n
1	260	16	46	35	s	n
1	260	16	47	28	s	n
1	260	16	48	30	s	n
1	260	16	49	29	s	n
1	260	16	50	40	s	n
1	260	17	1	38	s	n
1	260	17	2	42	s	n
1	260	17	3	41	s	n
1	260	17	4	38	s	n
1	260	17	5	33	s	n
1	260	17	6	35	s	n
1	260	17	7	30	s	n
1	260	17	8	43	s	n
1	260	17	9	36	s	n
1	260	17	10	29	s	n
1	260	17	11	38	s	n
1	260	17	12	29	s	n
1	260	17	13	25	s	n
1	260	17	14	34	s	n
1	260	17	15	36	s	n
1	260	17	16	34	s	n
1	260	17	17	44	s	n
1	260	17	18	38	s	n
1	260	17	19	38	s	n
1	260	17	20	39	s	n
1	260	17	21	40	s	n
1	260	17	22	32	s	n
1	260	17	23	41	s	n
1	260	17	24	35	s	n
1	260	17	25	63	s	n
1	260	17	26	42	s	n
1	260	17	27	44	s	n
1	260	17	28	59	s	n
1	260	17	29	68	s	n
1	260	17	30	31	s	n
1	260	17	31	43	s	n
1	260	17	32	33	s	n
1	260	17	33	40	s	n
1	260	17	34	35	s	n
1	260	17	35	34	s	n
1	260	17	36	35	s	n
1	260	17	37	40	s	n
1	260	17	38	36	s	n
1	260	17	39	32	s	n
1	260	17	40	36	s	n
1	260	17	41	26	s	n
1	260	17	42	29	s	n
1	260	17	43	30	s	n
1	260	17	44	39	s	n
1	260	17	45	38	s	n
1	260	17	46	31	s	n
1	260	17	47	31	s	n
1	260	17	48	32	s	n
1	260	17	49	40	s	n
1	260	17	50	34	s	n
1	260	18	1	38	s	n
1	260	18	2	43	s	n
1	260	18	3	36	s	n
1	260	18	4	41	s	n
1	260	18	5	36	s	n
1	260	18	6	34	s	n
1	260	18	7	34	s	n
1	260	18	8	30	s	n
1	260	18	9	35	s	n
1	260	18	10	35	s	n
1	260	18	11	33	s	n
1	260	18	12	27	s	n
1	260	18	13	31	s	n
1	260	18	14	32	s	n
1	260	18	15	31	s	n
1	260	18	16	29	s	n
1	260	18	17	35	s	n
1	260	18	18	34	s	n
1	260	18	19	34	s	n
1	260	18	20	37	s	n
1	260	18	21	35	s	n
1	260	18	22	37	s	n
1	260	18	23	56	s	n
1	260	18	24	53	s	n
1	260	18	25	45	s	n
1	260	18	26	45	s	n
1	260	18	27	52	s	n
1	260	18	28	49	s	n
1	260	18	29	57	s	n
1	260	18	30	41	s	n
1	260	18	31	49	s	n
1	260	18	32	45	s	n
1	260	18	33	23	s	n
1	260	18	34	42	s	n
1	260	18	35	36	s	n
1	260	18	36	35	s	n
1	260	18	37	40	s	n
1	260	18	38	37	s	n
1	260	18	39	32	s	n
1	260	18	40	29	s	n
1	260	18	41	33	s	n
1	260	18	42	34	s	n
1	260	18	43	35	s	n
1	260	18	44	35	s	n
1	260	18	45	35	s	n
1	260	18	46	24	s	n
1	260	18	47	39	s	n
1	260	18	48	34	s	n
1	260	18	49	35	s	n
1	260	18	50	35	s	n
1	260	19	1	39	s	n
1	260	19	2	38	s	n
1	260	19	3	39	s	n
1	260	19	4	39	s	n
1	260	19	5	35	s	n
1	260	19	6	38	s	n
1	260	19	7	39	s	n
1	260	19	8	32	s	n
1	260	19	9	27	s	n
1	260	19	10	42	s	n
1	260	19	11	26	s	n
1	260	19	12	38	s	n
1	260	19	13	27	s	n
1	260	19	14	25	s	n
1	260	19	15	41	s	n
1	260	19	16	23	s	n
1	260	19	17	34	s	n
1	260	19	18	23	s	n
1	260	19	19	34	s	n
1	260	19	20	45	s	n
1	260	19	21	36	s	n
1	260	19	22	33	s	n
1	260	19	23	41	s	n
1	260	19	24	44	s	n
1	260	19	25	47	s	n
1	260	19	26	42	s	n
1	260	19	27	48	s	n
1	260	19	28	45	s	n
1	260	19	29	50	s	n
1	260	19	30	39	s	n
1	260	19	31	46	s	n
1	260	19	32	36	s	n
1	260	19	33	37	s	n
1	260	19	34	42	s	n
1	260	19	35	41	s	n
1	260	19	36	40	s	n
1	260	19	37	44	s	n
1	260	19	38	29	s	n
1	260	19	39	35	s	n
1	260	19	40	24	s	n
1	260	19	41	33	s	n
1	260	19	42	30	s	n
1	260	19	43	22	s	n
1	260	19	44	32	s	n
1	260	19	45	35	s	n
1	260	19	46	31	s	n
1	260	19	47	36	s	n
1	260	19	48	32	s	n
1	260	19	49	37	s	n
1	260	19	50	28	s	n
1	260	20	1	36	s	n
1	260	20	2	33	s	n
1	260	20	3	34	s	n
1	260	20	4	34	s	n
1	260	20	5	35	s	n
1	260	20	6	37	s	n
1	260	20	7	35	s	n
1	260	20	8	37	s	n
1	260	20	9	30	s	n
1	260	20	10	36	s	n
1	260	20	11	39	s	n
1	260	20	12	29	s	n
1	260	20	13	32	s	n
1	260	20	14	36	s	n
1	260	20	15	33	s	n
1	260	20	16	34	s	n
1	260	20	17	29	s	n
1	260	20	18	34	s	n
1	260	20	19	38	s	n
1	260	20	20	39	s	n
1	260	20	21	36	s	n
1	260	20	22	40	s	n
1	260	20	23	45	s	n
1	260	20	24	51	s	n
1	260	20	25	32	s	n
1	260	20	26	34	s	n
1	260	20	27	41	s	n
1	260	20	28	35	s	n
1	260	20	29	46	s	n
1	260	20	30	37	s	n
1	260	20	31	53	s	n
1	260	20	32	36	s	n
1	260	20	33	38	s	n
1	260	20	34	46	s	n
1	260	20	35	43	s	n
1	260	20	36	36	s	n
1	260	20	37	31	s	n
1	260	20	38	34	s	n
1	260	20	39	35	s	n
1	260	20	40	31	s	n
1	260	20	41	34	s	n
1	260	20	42	37	s	n
1	260	20	43	28	s	n
1	260	20	44	33	s	n
1	260	20	45	34	s	n
1	260	20	46	36	s	n
1	260	20	47	29	s	n
1	260	20	48	37	s	n
1	260	20	49	38	s	n
1	260	20	50	27	s	n
1	270	1	1	29	s	n
1	270	1	2	37	s	n
1	270	1	3	32	s	n
1	270	1	4	37	s	n
1	270	1	5	22	s	n
1	270	1	6	34	s	n
1	270	1	7	37	s	n
1	270	1	8	41	s	n
1	270	1	9	31	s	n
1	270	1	10	31	s	n
1	270	1	11	36	s	n
1	270	1	12	40	s	n
1	270	1	13	36	s	n
1	270	1	14	34	s	n
1	270	1	15	29	s	n
1	270	1	16	46	s	n
1	270	1	17	36	s	n
1	270	1	18	32	s	n
1	270	1	19	32	s	n
1	270	1	20	43	s	n
1	270	1	21	45	s	n
1	270	1	22	54	s	n
1	270	1	23	43	s	n
1	270	1	24	42	s	n
1	270	1	25	36	s	n
1	270	1	26	43	s	n
1	270	1	27	41	s	n
1	270	1	28	38	s	n
1	270	1	29	44	s	n
1	270	1	30	37	s	n
1	270	1	31	38	s	n
1	270	1	32	40	s	n
1	270	1	33	43	s	n
1	270	1	34	42	s	n
1	270	1	35	45	s	n
1	270	1	36	46	s	n
1	270	1	37	43	s	n
1	270	1	38	37	s	n
1	270	1	39	45	s	n
1	270	1	40	40	s	n
1	270	1	41	39	s	n
1	270	1	42	31	s	n
1	270	1	43	43	s	n
1	270	1	44	35	s	n
1	270	1	45	31	s	n
1	270	1	46	34	s	n
1	270	1	47	27	s	n
1	270	1	48	33	s	n
1	270	1	49	29	s	n
1	270	1	50	24	s	n
1	270	2	1	34	s	n
1	270	2	2	28	s	n
1	270	2	3	33	s	n
1	270	2	4	41	s	n
1	270	2	5	30	s	n
1	270	2	6	29	s	n
1	270	2	7	33	s	n
1	270	2	8	26	s	n
1	270	2	9	34	s	n
1	270	2	10	36	s	n
1	270	2	11	34	s	n
1	270	2	12	33	s	n
1	270	2	13	40	s	n
1	270	2	14	39	s	n
1	270	2	15	36	s	n
1	270	2	16	37	s	n
1	270	2	17	41	s	n
1	270	2	18	42	s	n
1	270	2	19	34	s	n
1	270	2	20	34	s	n
1	270	2	21	38	s	n
1	270	2	22	44	s	n
1	270	2	23	40	s	n
1	270	2	24	45	s	n
1	270	2	25	31	s	n
1	270	2	26	45	s	n
1	270	2	27	43	s	n
1	270	2	28	42	s	n
1	270	2	29	40	s	n
1	270	2	30	36	s	n
1	270	2	31	46	s	n
1	270	2	32	40	s	n
1	270	2	33	42	s	n
1	270	2	34	45	s	n
1	270	2	35	39	s	n
1	270	2	36	45	s	n
1	270	2	37	40	s	n
1	270	2	38	42	s	n
1	270	2	39	37	s	n
1	270	2	40	37	s	n
1	270	2	41	40	s	n
1	270	2	42	31	s	n
1	270	2	43	35	s	n
1	270	2	44	37	s	n
1	270	2	45	33	s	n
1	270	2	46	39	s	n
1	270	2	47	35	s	n
1	270	2	48	38	s	n
1	270	2	49	33	s	n
1	270	2	50	20	s	n
1	270	3	1	34	s	n
1	270	3	2	35	s	n
1	270	3	3	32	s	n
1	270	3	4	34	s	n
1	270	3	5	26	s	n
1	270	3	6	25	s	n
1	270	3	7	30	s	n
1	270	3	8	32	s	n
1	270	3	9	43	s	n
1	270	3	10	34	s	n
1	270	3	11	30	s	n
1	270	3	12	31	s	n
1	270	3	13	31	s	n
1	270	3	14	40	s	n
1	270	3	15	40	s	n
1	270	3	16	33	s	n
1	270	3	17	47	s	n
1	270	3	18	37	s	n
1	270	3	19	39	s	n
1	270	3	20	51	s	n
1	270	3	21	37	s	n
1	270	3	22	43	s	n
1	270	3	23	43	s	n
1	270	3	24	49	s	n
1	270	3	25	38	s	n
1	270	3	26	33	s	n
1	270	3	27	32	s	n
1	270	3	28	35	s	n
1	270	3	29	31	s	n
1	270	3	30	47	s	n
1	270	3	31	48	s	n
1	270	3	32	40	s	n
1	270	3	33	47	s	n
1	270	3	34	36	s	n
1	270	3	35	36	s	n
1	270	3	36	41	s	n
1	270	3	37	34	s	n
1	270	3	38	39	s	n
1	270	3	39	38	s	n
1	270	3	40	40	s	n
1	270	3	41	45	s	n
1	270	3	42	32	s	n
1	270	3	43	33	s	n
1	270	3	44	42	s	n
1	270	3	45	29	s	n
1	270	3	46	32	s	n
1	270	3	47	32	s	n
1	270	3	48	34	s	n
1	270	3	49	23	s	n
1	270	3	50	28	s	n
1	270	4	1	35	s	n
1	270	4	2	28	s	n
1	270	4	3	33	s	n
1	270	4	4	31	s	n
1	270	4	5	28	s	n
1	270	4	6	27	s	n
1	270	4	7	29	s	n
1	270	4	8	28	s	n
1	270	4	9	31	s	n
1	270	4	10	36	s	n
1	270	4	11	38	s	n
1	270	4	12	37	s	n
1	270	4	13	36	s	n
1	270	4	14	34	s	n
1	270	4	15	43	s	n
1	270	4	16	43	s	n
1	270	4	17	34	s	n
1	270	4	18	36	s	n
1	270	4	19	39	s	n
1	270	4	20	33	s	n
1	270	4	21	42	s	n
1	270	4	22	35	s	n
1	270	4	23	46	s	n
1	270	4	24	40	s	n
1	270	4	25	37	s	n
1	270	4	26	34	s	n
1	270	4	27	40	s	n
1	270	4	28	32	s	n
1	270	4	29	35	s	n
1	270	4	30	33	s	n
1	270	4	31	41	s	n
1	270	4	32	53	s	n
1	270	4	33	38	s	n
1	270	4	34	38	s	n
1	270	4	35	49	s	n
1	270	4	36	41	s	n
1	270	4	37	43	s	n
1	270	4	38	33	s	n
1	270	4	39	38	s	n
1	270	4	40	39	s	n
1	270	4	41	32	s	n
1	270	4	42	40	s	n
1	270	4	43	29	s	n
1	270	4	44	38	s	n
1	270	4	45	48	s	n
1	270	4	46	39	s	n
1	270	4	47	32	s	n
1	270	4	48	37	s	n
1	270	4	49	33	s	n
1	270	4	50	29	s	n
1	270	5	1	28	s	n
1	270	5	2	37	s	n
1	270	5	3	27	s	n
1	270	5	4	26	s	n
1	270	5	5	26	s	n
1	270	5	6	27	s	n
1	270	5	7	29	s	n
1	270	5	8	31	s	n
1	270	5	9	34	s	n
1	270	5	10	24	s	n
1	270	5	11	34	s	n
1	270	5	12	41	s	n
1	270	5	13	34	s	n
1	270	5	14	45	s	n
1	270	5	15	47	s	n
1	270	5	16	28	s	n
1	270	5	17	46	s	n
1	270	5	18	40	s	n
1	270	5	19	47	s	n
1	270	5	20	41	s	n
1	270	5	21	27	s	n
1	270	5	22	31	s	n
1	270	5	23	45	s	n
1	270	5	24	41	s	n
1	270	5	25	32	s	n
1	270	5	26	33	s	n
1	270	5	27	37	s	n
1	270	5	28	36	s	n
1	270	5	29	49	s	n
1	270	5	30	44	s	n
1	270	5	31	43	s	n
1	270	5	32	42	s	n
1	270	5	33	42	s	n
1	270	5	34	49	s	n
1	270	5	35	50	s	n
1	270	5	36	48	s	n
1	270	5	37	46	s	n
1	270	5	38	40	s	n
1	270	5	39	34	s	n
1	270	5	40	36	s	n
1	270	5	41	39	s	n
1	270	5	42	40	s	n
1	270	5	43	41	s	n
1	270	5	44	35	s	n
1	270	5	45	30	s	n
1	270	5	46	42	s	n
1	270	5	47	34	s	n
1	270	5	48	34	s	n
1	270	5	49	29	s	n
1	270	5	50	32	s	n
1	270	6	1	37	s	n
1	270	6	2	30	s	n
1	270	6	3	31	s	n
1	270	6	4	28	s	n
1	270	6	5	18	s	n
1	270	6	6	28	s	n
1	270	6	7	31	s	n
1	270	6	8	31	s	n
1	270	6	9	33	s	n
1	270	6	10	29	s	n
1	270	6	11	29	s	n
1	270	6	12	34	s	n
1	270	6	13	33	s	n
1	270	6	14	33	s	n
1	270	6	15	36	s	n
1	270	6	16	45	s	n
1	270	6	17	23	s	n
1	270	6	18	37	s	n
1	270	6	19	30	s	n
1	270	6	20	36	s	n
1	270	6	21	38	s	n
1	270	6	22	31	s	n
1	270	6	23	27	s	n
1	270	6	24	32	s	n
1	270	6	25	34	s	n
1	270	6	26	30	s	n
1	270	6	27	43	s	n
1	270	6	28	32	s	n
1	270	6	29	40	s	n
1	270	6	30	48	s	n
1	270	6	31	56	s	n
1	270	6	32	51	s	n
1	270	6	33	46	s	n
1	270	6	34	50	s	n
1	270	6	35	49	s	n
1	270	6	36	56	s	n
1	270	6	37	41	s	n
1	270	6	38	39	s	n
1	270	6	39	32	s	n
1	270	6	40	33	s	n
1	270	6	41	27	s	n
1	270	6	42	29	s	n
1	270	6	43	33	s	n
1	270	6	44	36	s	n
1	270	6	45	33	s	n
1	270	6	46	35	s	n
1	270	6	47	40	s	n
1	270	6	48	35	s	n
1	270	6	49	32	s	n
1	270	6	50	30	s	n
1	270	7	1	29	s	n
1	270	7	2	32	s	n
1	270	7	3	33	s	n
1	270	7	4	32	s	n
1	270	7	5	29	s	n
1	270	7	6	30	s	n
1	270	7	7	20	s	n
1	270	7	8	30	s	n
1	270	7	9	30	s	n
1	270	7	10	27	s	n
1	270	7	11	33	s	n
1	270	7	12	28	s	n
1	270	7	13	33	s	n
1	270	7	14	34	s	n
1	270	7	15	37	s	n
1	270	7	16	39	s	n
1	270	7	17	32	s	n
1	270	7	18	25	s	n
1	270	7	19	35	s	n
1	270	7	20	44	s	n
1	270	7	21	31	s	n
1	270	7	22	36	s	n
1	270	7	23	29	s	n
1	270	7	24	28	s	n
1	270	7	25	37	s	n
1	270	7	26	44	s	n
1	270	7	27	38	s	n
1	270	7	28	30	s	n
1	270	7	29	44	s	n
1	270	7	30	48	s	n
1	270	7	31	48	s	n
1	270	7	32	39	s	n
1	270	7	33	41	s	n
1	270	7	34	44	s	n
1	270	7	35	48	s	n
1	270	7	36	36	s	n
1	270	7	37	46	s	n
1	270	7	38	45	s	n
1	270	7	39	33	s	n
1	270	7	40	47	s	n
1	270	7	41	43	s	n
1	270	7	42	28	s	n
1	270	7	43	34	s	n
1	270	7	44	30	s	n
1	270	7	45	32	s	n
1	270	7	46	33	s	n
1	270	7	47	28	s	n
1	270	7	48	42	s	n
1	270	7	49	33	s	n
1	270	7	50	32	s	n
1	270	8	1	32	s	n
1	270	8	2	19	s	n
1	270	8	3	28	s	n
1	270	8	4	30	s	n
1	270	8	5	29	s	n
1	270	8	6	26	s	n
1	270	8	7	42	s	n
1	270	8	8	27	s	n
1	270	8	9	33	s	n
1	270	8	10	29	s	n
1	270	8	11	36	s	n
1	270	8	12	31	s	n
1	270	8	13	39	s	n
1	270	8	14	30	s	n
1	270	8	15	43	s	n
1	270	8	16	34	s	n
1	270	8	17	38	s	n
1	270	8	18	38	s	n
1	270	8	19	38	s	n
1	270	8	20	41	s	n
1	270	8	21	30	s	n
1	270	8	22	25	s	n
1	270	8	23	30	s	n
1	270	8	24	23	s	n
1	270	8	25	31	s	n
1	270	8	26	31	s	n
1	270	8	27	43	s	n
1	270	8	28	34	s	n
1	270	8	29	38	s	n
1	270	8	30	42	s	n
1	270	8	31	41	s	n
1	270	8	32	40	s	n
1	270	8	33	42	s	n
1	270	8	34	43	s	n
1	270	8	35	39	s	n
1	270	8	36	48	s	n
1	270	8	37	38	s	n
1	270	8	38	27	s	n
1	270	8	39	41	s	n
1	270	8	40	48	s	n
1	270	8	41	48	s	n
1	270	8	42	45	s	n
1	270	8	43	43	s	n
1	270	8	44	31	s	n
1	270	8	45	32	s	n
1	270	8	46	33	s	n
1	270	8	47	35	s	n
1	270	8	48	42	s	n
1	270	8	49	35	s	n
1	270	8	50	30	s	n
1	270	9	1	32	s	n
1	270	9	2	36	s	n
1	270	9	3	21	s	n
1	270	9	4	38	s	n
1	270	9	5	32	s	n
1	270	9	6	26	s	n
1	270	9	7	26	s	n
1	270	9	8	30	s	n
1	270	9	9	30	s	n
1	270	9	10	30	s	n
1	270	9	11	35	s	n
1	270	9	12	36	s	n
1	270	9	13	41	s	n
1	270	9	14	40	s	n
1	270	9	15	46	s	n
1	270	9	16	38	s	n
1	270	9	17	30	s	n
1	270	9	18	39	s	n
1	270	9	19	38	s	n
1	270	9	20	30	s	n
1	270	9	21	26	s	n
1	270	9	22	27	s	n
1	270	9	23	37	s	n
1	270	9	24	34	s	n
1	270	9	25	39	s	n
1	270	9	26	38	s	n
1	270	9	27	30	s	n
1	270	9	28	38	s	n
1	270	9	29	37	s	n
1	270	9	30	49	s	n
1	270	9	31	49	s	n
1	270	9	32	46	s	n
1	270	9	33	35	s	n
1	270	9	34	39	s	n
1	270	9	35	40	s	n
1	270	9	36	37	s	n
1	270	9	37	40	s	n
1	270	9	38	38	s	n
1	270	9	39	41	s	n
1	270	9	40	41	s	n
1	270	9	41	37	s	n
1	270	9	42	40	s	n
1	270	9	43	27	s	n
1	270	9	44	39	s	n
1	270	9	45	31	s	n
1	270	9	46	31	s	n
1	270	9	47	35	s	n
1	270	9	48	27	s	n
1	270	9	49	31	s	n
1	270	9	50	18	s	n
1	270	10	1	22	s	n
1	270	10	2	27	s	n
1	270	10	3	28	s	n
1	270	10	4	31	s	n
1	270	10	5	24	s	n
1	270	10	6	22	s	n
1	270	10	7	26	s	n
1	270	10	8	39	s	n
1	270	10	9	38	s	n
1	270	10	10	30	s	n
1	270	10	11	36	s	n
1	270	10	12	40	s	n
1	270	10	13	35	s	n
1	270	10	14	34	s	n
1	270	10	15	31	s	n
1	270	10	16	41	s	n
1	270	10	17	36	s	n
1	270	10	18	40	s	n
1	270	10	19	39	s	n
1	270	10	20	33	s	n
1	270	10	21	41	s	n
1	270	10	22	39	s	n
1	270	10	23	28	s	n
1	270	10	24	39	s	n
1	270	10	25	34	s	n
1	270	10	26	36	s	n
1	270	10	27	43	s	n
1	270	10	28	34	s	n
1	270	10	29	53	s	n
1	270	10	30	35	s	n
1	270	10	31	45	s	n
1	270	10	32	40	s	n
1	270	10	33	31	s	n
1	270	10	34	45	s	n
1	270	10	35	38	s	n
1	270	10	36	36	s	n
1	270	10	37	33	s	n
1	270	10	38	30	s	n
1	270	10	39	32	s	n
1	270	10	40	33	s	n
1	270	10	41	34	s	n
1	270	10	42	36	s	n
1	270	10	43	34	s	n
1	270	10	44	35	s	n
1	270	10	45	44	s	n
1	270	10	46	26	s	n
1	270	10	47	28	s	n
1	270	10	48	26	s	n
1	270	10	49	38	s	n
1	270	10	50	28	s	n
1	270	11	1	33	s	n
1	270	11	2	23	s	n
1	270	11	3	38	s	n
1	270	11	4	33	s	n
1	270	11	5	26	s	n
1	270	11	6	35	s	n
1	270	11	7	30	s	n
1	270	11	8	30	s	n
1	270	11	9	39	s	n
1	270	11	10	35	s	n
1	270	11	11	37	s	n
1	270	11	12	31	s	n
1	270	11	13	36	s	n
1	270	11	14	21	s	n
1	270	11	15	30	s	n
1	270	11	16	28	s	n
1	270	11	17	35	s	n
1	270	11	18	34	s	n
1	270	11	19	40	s	n
1	270	11	20	33	s	n
1	270	11	21	32	s	n
1	270	11	22	30	s	n
1	270	11	23	31	s	n
1	270	11	24	41	s	n
1	270	11	25	41	s	n
1	270	11	26	47	s	n
1	270	11	27	31	s	n
1	270	11	28	38	s	n
1	270	11	29	45	s	n
1	270	11	30	38	s	n
1	270	11	31	37	s	n
1	270	11	32	27	s	n
1	270	11	33	42	s	n
1	270	11	34	36	s	n
1	270	11	35	40	s	n
1	270	11	36	45	s	n
1	270	11	37	43	s	n
1	270	11	38	30	s	n
1	270	11	39	35	s	n
1	270	11	40	45	s	n
1	270	11	41	38	s	n
1	270	11	42	34	s	n
1	270	11	43	31	s	n
1	270	11	44	35	s	n
1	270	11	45	30	s	n
1	270	11	46	34	s	n
1	270	11	47	35	s	n
1	270	11	48	28	s	n
1	270	11	49	25	s	n
1	270	11	50	17	s	n
1	270	12	1	34	s	n
1	270	12	2	35	s	n
1	270	12	3	37	s	n
1	270	12	4	37	s	n
1	270	12	5	35	s	n
1	270	12	6	33	s	n
1	270	12	7	27	s	n
1	270	12	8	39	s	n
1	270	12	9	32	s	n
1	270	12	10	29	s	n
1	270	12	11	21	s	n
1	270	12	12	33	s	n
1	270	12	13	35	s	n
1	270	12	14	27	s	n
1	270	12	15	25	s	n
1	270	12	16	33	s	n
1	270	12	17	28	s	n
1	270	12	18	33	s	n
1	270	12	19	30	s	n
1	270	12	20	36	s	n
1	270	12	21	34	s	n
1	270	12	22	32	s	n
1	270	12	23	40	s	n
1	270	12	24	43	s	n
1	270	12	25	41	s	n
1	270	12	26	45	s	n
1	270	12	27	46	s	n
1	270	12	28	53	s	n
1	270	12	29	37	s	n
1	270	12	30	46	s	n
1	270	12	31	40	s	n
1	270	12	32	27	s	n
1	270	12	33	36	s	n
1	270	12	34	40	s	n
1	270	12	35	49	s	n
1	270	12	36	40	s	n
1	270	12	37	36	s	n
1	270	12	38	34	s	n
1	270	12	39	47	s	n
1	270	12	40	41	s	n
1	270	12	41	36	s	n
1	270	12	42	33	s	n
1	270	12	43	29	s	n
1	270	12	44	23	s	n
1	270	12	45	36	s	n
1	270	12	46	33	s	n
1	270	12	47	33	s	n
1	270	12	48	33	s	n
1	270	12	49	20	s	n
1	270	12	50	31	s	n
1	270	13	1	36	s	n
1	270	13	2	43	s	n
1	270	13	3	38	s	n
1	270	13	4	39	s	n
1	270	13	5	42	s	n
1	270	13	6	33	s	n
1	270	13	7	38	s	n
1	270	13	8	38	s	n
1	270	13	9	31	s	n
1	270	13	10	30	s	n
1	270	13	11	25	s	n
1	270	13	12	29	s	n
1	270	13	13	27	s	n
1	270	13	14	28	s	n
1	270	13	15	25	s	n
1	270	13	16	34	s	n
1	270	13	17	28	s	n
1	270	13	18	32	s	n
1	270	13	19	26	s	n
1	270	13	20	29	s	n
1	270	13	21	25	s	n
1	270	13	22	42	s	n
1	270	13	23	43	s	n
1	270	13	24	44	s	n
1	270	13	25	50	s	n
1	270	13	26	54	s	n
1	270	13	27	47	s	n
1	270	13	28	47	s	n
1	270	13	29	45	s	n
1	270	13	30	39	s	n
1	270	13	31	46	s	n
1	270	13	32	33	s	n
1	270	13	33	28	s	n
1	270	13	34	45	s	n
1	270	13	35	36	s	n
1	270	13	36	47	s	n
1	270	13	37	28	s	n
1	270	13	38	35	s	n
1	270	13	39	33	s	n
1	270	13	40	31	s	n
1	270	13	41	29	s	n
1	270	13	42	28	s	n
1	270	13	43	47	s	n
1	270	13	44	49	s	n
1	270	13	45	43	s	n
1	270	13	46	27	s	n
1	270	13	47	25	s	n
1	270	13	48	28	s	n
1	270	13	49	35	s	n
1	270	13	50	25	s	n
1	270	14	1	44	s	n
1	270	14	2	40	s	n
1	270	14	3	35	s	n
1	270	14	4	32	s	n
1	270	14	5	35	s	n
1	270	14	6	31	s	n
1	270	14	7	30	s	n
1	270	14	8	29	s	n
1	270	14	9	29	s	n
1	270	14	10	30	s	n
1	270	14	11	32	s	n
1	270	14	12	33	s	n
1	270	14	13	31	s	n
1	270	14	14	22	s	n
1	270	14	15	39	s	n
1	270	14	16	36	s	n
1	270	14	17	28	s	n
1	270	14	18	26	s	n
1	270	14	19	27	s	n
1	270	14	20	29	s	n
1	270	14	21	38	s	n
1	270	14	22	35	s	n
1	270	14	23	28	s	n
1	270	14	24	43	s	n
1	270	14	25	63	s	n
1	270	14	26	32	s	n
1	270	14	27	32	s	n
1	270	14	28	42	s	n
1	270	14	29	47	s	n
1	270	14	30	39	s	n
1	270	14	31	40	s	n
1	270	14	32	49	s	n
1	270	14	33	43	s	n
1	270	14	34	37	s	n
1	270	14	35	42	s	n
1	270	14	36	40	s	n
1	270	14	37	37	s	n
1	270	14	38	30	s	n
1	270	14	39	34	s	n
1	270	14	40	32	s	n
1	270	14	41	32	s	n
1	270	14	42	33	s	n
1	270	14	43	34	s	n
1	270	14	44	30	s	n
1	270	14	45	33	s	n
1	270	14	46	35	s	n
1	270	14	47	32	s	n
1	270	14	48	23	s	n
1	270	14	49	35	s	n
1	270	14	50	27	s	n
1	270	15	1	41	s	n
1	270	15	2	42	s	n
1	270	15	3	37	s	n
1	270	15	4	37	s	n
1	270	15	5	41	s	n
1	270	15	6	31	s	n
1	270	15	7	29	s	n
1	270	15	8	31	s	n
1	270	15	9	24	s	n
1	270	15	10	38	s	n
1	270	15	11	41	s	n
1	270	15	12	34	s	n
1	270	15	13	29	s	n
1	270	15	14	33	s	n
1	270	15	15	32	s	n
1	270	15	16	42	s	n
1	270	15	17	26	s	n
1	270	15	18	26	s	n
1	270	15	19	25	s	n
1	270	15	20	30	s	n
1	270	15	21	43	s	n
1	270	15	22	53	s	n
1	270	15	23	61	s	n
1	270	15	24	45	s	n
1	270	15	25	51	s	n
1	270	15	26	41	s	n
1	270	15	27	49	s	n
1	270	15	28	51	s	n
1	270	15	29	44	s	n
1	270	15	30	31	s	n
1	270	15	31	50	s	n
1	270	15	32	30	s	n
1	270	15	33	36	s	n
1	270	15	34	28	s	n
1	270	15	35	36	s	n
1	270	15	36	34	s	n
1	270	15	37	35	s	n
1	270	15	38	35	s	n
1	270	15	39	32	s	n
1	270	15	40	39	s	n
1	270	15	41	32	s	n
1	270	15	42	41	s	n
1	270	15	43	39	s	n
1	270	15	44	38	s	n
1	270	15	45	34	s	n
1	270	15	46	34	s	n
1	270	15	47	33	s	n
1	270	15	48	39	s	n
1	270	15	49	36	s	n
1	270	15	50	42	s	n
1	270	16	1	47	s	n
1	270	16	2	38	s	n
1	270	16	3	32	s	n
1	270	16	4	40	s	n
1	270	16	5	26	s	n
1	270	16	6	29	s	n
1	270	16	7	26	s	n
1	270	16	8	34	s	n
1	270	16	9	34	s	n
1	270	16	10	36	s	n
1	270	16	11	23	s	n
1	270	16	12	32	s	n
1	270	16	13	37	s	n
1	270	16	14	31	s	n
1	270	16	15	23	s	n
1	270	16	16	35	s	n
1	270	16	17	20	s	n
1	270	16	18	41	s	n
1	270	16	19	29	s	n
1	270	16	20	32	s	n
1	270	16	21	44	s	n
1	270	16	22	34	s	n
1	270	16	23	43	s	n
1	270	16	24	69	s	n
1	270	16	25	47	s	n
1	270	16	26	43	s	n
1	270	16	27	46	s	n
1	270	16	28	39	s	n
1	270	16	29	34	s	n
1	270	16	30	41	s	n
1	270	16	31	38	s	n
1	270	16	32	44	s	n
1	270	16	33	32	s	n
1	270	16	34	24	s	n
1	270	16	35	28	s	n
1	270	16	36	37	s	n
1	270	16	37	37	s	n
1	270	16	38	33	s	n
1	270	16	39	38	s	n
1	270	16	40	27	s	n
1	270	16	41	32	s	n
1	270	16	42	37	s	n
1	270	16	43	32	s	n
1	270	16	44	30	s	n
1	270	16	45	39	s	n
1	270	16	46	37	s	n
1	270	16	47	30	s	n
1	270	16	48	35	s	n
1	270	16	49	33	s	n
1	270	16	50	29	s	n
1	270	17	1	45	s	n
1	270	17	2	40	s	n
1	270	17	3	40	s	n
1	270	17	4	45	s	n
1	270	17	5	32	s	n
1	270	17	6	36	s	n
1	270	17	7	23	s	n
1	270	17	8	33	s	n
1	270	17	9	36	s	n
1	270	17	10	32	s	n
1	270	17	11	35	s	n
1	270	17	12	29	s	n
1	270	17	13	31	s	n
1	270	17	14	25	s	n
1	270	17	15	33	s	n
1	270	17	16	35	s	n
1	270	17	17	20	s	n
1	270	17	18	44	s	n
1	270	17	19	40	s	n
1	270	17	20	24	s	n
1	270	17	21	31	s	n
1	270	17	22	40	s	n
1	270	17	23	43	s	n
1	270	17	24	52	s	n
1	270	17	25	52	s	n
1	270	17	26	50	s	n
1	270	17	27	50	s	n
1	270	17	28	38	s	n
1	270	17	29	51	s	n
1	270	17	30	40	s	n
1	270	17	31	43	s	n
1	270	17	32	32	s	n
1	270	17	33	34	s	n
1	270	17	34	31	s	n
1	270	17	35	31	s	n
1	270	17	36	34	s	n
1	270	17	37	34	s	n
1	270	17	38	36	s	n
1	270	17	39	45	s	n
1	270	17	40	34	s	n
1	270	17	41	39	s	n
1	270	17	42	33	s	n
1	270	17	43	41	s	n
1	270	17	44	34	s	n
1	270	17	45	29	s	n
1	270	17	46	21	s	n
1	270	17	47	24	s	n
1	270	17	48	36	s	n
1	270	17	49	44	s	n
1	270	17	50	31	s	n
1	270	18	1	40	s	n
1	270	18	2	39	s	n
1	270	18	3	48	s	n
1	270	18	4	37	s	n
1	270	18	5	36	s	n
1	270	18	6	33	s	n
1	270	18	7	44	s	n
1	270	18	8	31	s	n
1	270	18	9	34	s	n
1	270	18	10	39	s	n
1	270	18	11	32	s	n
1	270	18	12	34	s	n
1	270	18	13	27	s	n
1	270	18	14	35	s	n
1	270	18	15	20	s	n
1	270	18	16	37	s	n
1	270	18	17	34	s	n
1	270	18	18	42	s	n
1	270	18	19	38	s	n
1	270	18	20	30	s	n
1	270	18	21	29	s	n
1	270	18	22	26	s	n
1	270	18	23	35	s	n
1	270	18	24	41	s	n
1	270	18	25	41	s	n
1	270	18	26	42	s	n
1	270	18	27	57	s	n
1	270	18	28	42	s	n
1	270	18	29	56	s	n
1	270	18	30	51	s	n
1	270	18	31	29	s	n
1	270	18	32	34	s	n
1	270	18	33	45	s	n
1	270	18	34	31	s	n
1	270	18	35	30	s	n
1	270	18	36	42	s	n
1	270	18	37	36	s	n
1	270	18	38	34	s	n
1	270	18	39	31	s	n
1	270	18	40	30	s	n
1	270	18	41	26	s	n
1	270	18	42	32	s	n
1	270	18	43	42	s	n
1	270	18	44	32	s	n
1	270	18	45	37	s	n
1	270	18	46	26	s	n
1	270	18	47	28	s	n
1	270	18	48	33	s	n
1	270	18	49	24	s	n
1	270	18	50	29	s	n
1	270	19	1	38	s	n
1	270	19	2	36	s	n
1	270	19	3	39	s	n
1	270	19	4	37	s	n
1	270	19	5	38	s	n
1	270	19	6	38	s	n
1	270	19	7	47	s	n
1	270	19	8	46	s	n
1	270	19	9	33	s	n
1	270	19	10	38	s	n
1	270	19	11	31	s	n
1	270	19	12	36	s	n
1	270	19	13	37	s	n
1	270	19	14	32	s	n
1	270	19	15	32	s	n
1	270	19	16	35	s	n
1	270	19	17	33	s	n
1	270	19	18	30	s	n
1	270	19	19	42	s	n
1	270	19	20	33	s	n
1	270	19	21	53	s	n
1	270	19	22	33	s	n
1	270	19	23	43	s	n
1	270	19	24	55	s	n
1	270	19	25	44	s	n
1	270	19	26	48	s	n
1	270	19	27	43	s	n
1	270	19	28	42	s	n
1	270	19	29	41	s	n
1	270	19	30	38	s	n
1	270	19	31	24	s	n
1	270	19	32	33	s	n
1	270	19	33	39	s	n
1	270	19	34	29	s	n
1	270	19	35	34	s	n
1	270	19	36	42	s	n
1	270	19	37	38	s	n
1	270	19	38	33	s	n
1	270	19	39	37	s	n
1	270	19	40	41	s	n
1	270	19	41	37	s	n
1	270	19	42	34	s	n
1	270	19	43	35	s	n
1	270	19	44	36	s	n
1	270	19	45	36	s	n
1	270	19	46	31	s	n
1	270	19	47	25	s	n
1	270	19	48	32	s	n
1	270	19	49	34	s	n
1	270	19	50	37	s	n
1	270	20	1	40	s	n
1	270	20	2	39	s	n
1	270	20	3	44	s	n
1	270	20	4	41	s	n
1	270	20	5	40	s	n
1	270	20	6	39	s	n
1	270	20	7	37	s	n
1	270	20	8	28	s	n
1	270	20	9	35	s	n
1	270	20	10	34	s	n
1	270	20	11	37	s	n
1	270	20	12	33	s	n
1	270	20	13	30	s	n
1	270	20	14	35	s	n
1	270	20	15	34	s	n
1	270	20	16	27	s	n
1	270	20	17	26	s	n
1	270	20	18	40	s	n
1	270	20	19	36	s	n
1	270	20	20	32	s	n
1	270	20	21	38	s	n
1	270	20	22	39	s	n
1	270	20	23	33	s	n
1	270	20	24	56	s	n
1	270	20	25	53	s	n
1	270	20	26	47	s	n
1	270	20	27	41	s	n
1	270	20	28	39	s	n
1	270	20	29	41	s	n
1	270	20	30	42	s	n
1	270	20	31	37	s	n
1	270	20	32	46	s	n
1	270	20	33	31	s	n
1	270	20	34	46	s	n
1	270	20	35	38	s	n
1	270	20	36	37	s	n
1	270	20	37	33	s	n
1	270	20	38	35	s	n
1	270	20	39	35	s	n
1	270	20	40	34	s	n
1	270	20	41	31	s	n
1	270	20	42	28	s	n
1	270	20	43	26	s	n
1	270	20	44	46	s	n
1	270	20	45	35	s	n
1	270	20	46	32	s	n
1	270	20	47	38	s	n
1	270	20	48	35	s	n
1	270	20	49	32	s	n
1	270	20	50	32	s	n
1	280	1	1	36	s	n
1	280	1	2	33	s	n
1	280	1	3	36	s	n
1	280	1	4	40	s	n
1	280	1	5	39	s	n
1	280	1	6	36	s	n
1	280	1	7	38	s	n
1	280	1	8	33	s	n
1	280	1	9	28	s	n
1	280	1	10	36	s	n
1	280	1	11	25	s	n
1	280	1	12	30	s	n
1	280	1	13	40	s	n
1	280	1	14	42	s	n
1	280	1	15	38	s	n
1	280	1	16	39	s	n
1	280	1	17	41	s	n
1	280	1	18	43	s	n
1	280	1	19	30	s	n
1	280	1	20	42	s	n
1	280	1	21	42	s	n
1	280	1	22	42	s	n
1	280	1	23	39	s	n
1	280	1	24	41	s	n
1	280	1	25	38	s	n
1	280	1	26	46	s	n
1	280	1	27	33	s	n
1	280	1	28	36	s	n
1	280	1	29	35	s	n
1	280	1	30	41	s	n
1	280	1	31	39	s	n
1	280	1	32	42	s	n
1	280	1	33	34	s	n
1	280	1	34	35	s	n
1	280	1	35	38	s	n
1	280	1	36	42	s	n
1	280	1	37	51	s	n
1	280	1	38	40	s	n
1	280	1	39	41	s	n
1	280	1	40	35	s	n
1	280	1	41	36	s	n
1	280	1	42	35	s	n
1	280	1	43	33	s	n
1	280	1	44	33	s	n
1	280	1	45	23	s	n
1	280	1	46	32	s	n
1	280	1	47	27	s	n
1	280	1	48	23	s	n
1	280	1	49	24	s	n
1	280	1	50	23	s	n
1	280	2	1	30	s	n
1	280	2	2	29	s	n
1	280	2	3	36	s	n
1	280	2	4	35	s	n
1	280	2	5	34	s	n
1	280	2	6	35	s	n
1	280	2	7	32	s	n
1	280	2	8	29	s	n
1	280	2	9	31	s	n
1	280	2	10	29	s	n
1	280	2	11	31	s	n
1	280	2	12	31	s	n
1	280	2	13	23	s	n
1	280	2	14	34	s	n
1	280	2	15	32	s	n
1	280	2	16	41	s	n
1	280	2	17	41	s	n
1	280	2	18	39	s	n
1	280	2	19	34	s	n
1	280	2	20	34	s	n
1	280	2	21	33	s	n
1	280	2	22	48	s	n
1	280	2	23	38	s	n
1	280	2	24	41	s	n
1	280	2	25	34	s	n
1	280	2	26	37	s	n
1	280	2	27	38	s	n
1	280	2	28	27	s	n
1	280	2	29	37	s	n
1	280	2	30	35	s	n
1	280	2	31	43	s	n
1	280	2	32	43	s	n
1	280	2	33	33	s	n
1	280	2	34	39	s	n
1	280	2	35	43	s	n
1	280	2	36	39	s	n
1	280	2	37	46	s	n
1	280	2	38	38	s	n
1	280	2	39	29	s	n
1	280	2	40	32	s	n
1	280	2	41	41	s	n
1	280	2	42	36	s	n
1	280	2	43	34	s	n
1	280	2	44	33	s	n
1	280	2	45	24	s	n
1	280	2	46	30	s	n
1	280	2	47	35	s	n
1	280	2	48	27	s	n
1	280	2	49	25	s	n
1	280	2	50	29	s	n
1	280	3	1	24	s	n
1	280	3	2	27	s	n
1	280	3	3	28	s	n
1	280	3	4	37	s	n
1	280	3	5	32	s	n
1	280	3	6	36	s	n
1	280	3	7	33	s	n
1	280	3	8	38	s	n
1	280	3	9	38	s	n
1	280	3	10	35	s	n
1	280	3	11	27	s	n
1	280	3	12	29	s	n
1	280	3	13	27	s	n
1	280	3	14	32	s	n
1	280	3	15	34	s	n
1	280	3	16	34	s	n
1	280	3	17	37	s	n
1	280	3	18	39	s	n
1	280	3	19	40	s	n
1	280	3	20	34	s	n
1	280	3	21	37	s	n
1	280	3	22	43	s	n
1	280	3	23	43	s	n
1	280	3	24	33	s	n
1	280	3	25	37	s	n
1	280	3	26	39	s	n
1	280	3	27	37	s	n
1	280	3	28	34	s	n
1	280	3	29	33	s	n
1	280	3	30	42	s	n
1	280	3	31	37	s	n
1	280	3	32	45	s	n
1	280	3	33	48	s	n
1	280	3	34	50	s	n
1	280	3	35	43	s	n
1	280	3	36	47	s	n
1	280	3	37	39	s	n
1	280	3	38	53	s	n
1	280	3	39	40	s	n
1	280	3	40	32	s	n
1	280	3	41	30	s	n
1	280	3	42	35	s	n
1	280	3	43	34	s	n
1	280	3	44	30	s	n
1	280	3	45	32	s	n
1	280	3	46	31	s	n
1	280	3	47	34	s	n
1	280	3	48	35	s	n
1	280	3	49	31	s	n
1	280	3	50	25	s	n
1	280	4	1	23	s	n
1	280	4	2	24	s	n
1	280	4	3	33	s	n
1	280	4	4	36	s	n
1	280	4	5	34	s	n
1	280	4	6	26	s	n
1	280	4	7	33	s	n
1	280	4	8	30	s	n
1	280	4	9	35	s	n
1	280	4	10	22	s	n
1	280	4	11	35	s	n
1	280	4	12	33	s	n
1	280	4	13	24	s	n
1	280	4	14	32	s	n
1	280	4	15	39	s	n
1	280	4	16	39	s	n
1	280	4	17	39	s	n
1	280	4	18	39	s	n
1	280	4	19	30	s	n
1	280	4	20	33	s	n
1	280	4	21	38	s	n
1	280	4	22	27	s	n
1	280	4	23	36	s	n
1	280	4	24	40	s	n
1	280	4	25	43	s	n
1	280	4	26	33	s	n
1	280	4	27	35	s	n
1	280	4	28	37	s	n
1	280	4	29	35	s	n
1	280	4	30	49	s	n
1	280	4	31	45	s	n
1	280	4	32	36	s	n
1	280	4	33	52	s	n
1	280	4	34	36	s	n
1	280	4	35	46	s	n
1	280	4	36	36	s	n
1	280	4	37	44	s	n
1	280	4	38	38	s	n
1	280	4	39	43	s	n
1	280	4	40	38	s	n
1	280	4	41	38	s	n
1	280	4	42	32	s	n
1	280	4	43	41	s	n
1	280	4	44	33	s	n
1	280	4	45	37	s	n
1	280	4	46	32	s	n
1	280	4	47	25	s	n
1	280	4	48	34	s	n
1	280	4	49	32	s	n
1	280	4	50	25	s	n
1	280	5	1	31	s	n
1	280	5	2	36	s	n
1	280	5	3	32	s	n
1	280	5	4	29	s	n
1	280	5	5	30	s	n
1	280	5	6	30	s	n
1	280	5	7	34	s	n
1	280	5	8	37	s	n
1	280	5	9	37	s	n
1	280	5	10	44	s	n
1	280	5	11	35	s	n
1	280	5	12	38	s	n
1	280	5	13	38	s	n
1	280	5	14	35	s	n
1	280	5	15	36	s	n
1	280	5	16	41	s	n
1	280	5	17	33	s	n
1	280	5	18	43	s	n
1	280	5	19	32	s	n
1	280	5	20	35	s	n
1	280	5	21	36	s	n
1	280	5	22	28	s	n
1	280	5	23	30	s	n
1	280	5	24	37	s	n
1	280	5	25	35	s	n
1	280	5	26	30	s	n
1	280	5	27	35	s	n
1	280	5	28	40	s	n
1	280	5	29	42	s	n
1	280	5	30	49	s	n
1	280	5	31	50	s	n
1	280	5	32	42	s	n
1	280	5	33	51	s	n
1	280	5	34	49	s	n
1	280	5	35	40	s	n
1	280	5	36	37	s	n
1	280	5	37	44	s	n
1	280	5	38	38	s	n
1	280	5	39	30	s	n
1	280	5	40	43	s	n
1	280	5	41	37	s	n
1	280	5	42	40	s	n
1	280	5	43	34	s	n
1	280	5	44	36	s	n
1	280	5	45	32	s	n
1	280	5	46	31	s	n
1	280	5	47	40	s	n
1	280	5	48	31	s	n
1	280	5	49	39	s	n
1	280	5	50	23	s	n
1	280	6	1	35	s	n
1	280	6	2	37	s	n
1	280	6	3	34	s	n
1	280	6	4	26	s	n
1	280	6	5	24	s	n
1	280	6	6	26	s	n
1	280	6	7	29	s	n
1	280	6	8	32	s	n
1	280	6	9	35	s	n
1	280	6	10	26	s	n
1	280	6	11	31	s	n
1	280	6	12	31	s	n
1	280	6	13	33	s	n
1	280	6	14	33	s	n
1	280	6	15	36	s	n
1	280	6	16	35	s	n
1	280	6	17	32	s	n
1	280	6	18	38	s	n
1	280	6	19	37	s	n
1	280	6	20	38	s	n
1	280	6	21	35	s	n
1	280	6	22	35	s	n
1	280	6	23	31	s	n
1	280	6	24	28	s	n
1	280	6	25	30	s	n
1	280	6	26	32	s	n
1	280	6	27	50	s	n
1	280	6	28	35	s	n
1	280	6	29	38	s	n
1	280	6	30	38	s	n
1	280	6	31	45	s	n
1	280	6	32	49	s	n
1	280	6	33	51	s	n
1	280	6	34	35	s	n
1	280	6	35	37	s	n
1	280	6	36	40	s	n
1	280	6	37	41	s	n
1	280	6	38	37	s	n
1	280	6	39	42	s	n
1	280	6	40	39	s	n
1	280	6	41	36	s	n
1	280	6	42	30	s	n
1	280	6	43	36	s	n
1	280	6	44	29	s	n
1	280	6	45	36	s	n
1	280	6	46	34	s	n
1	280	6	47	37	s	n
1	280	6	48	26	s	n
1	280	6	49	32	s	n
1	280	6	50	29	s	n
1	280	7	1	38	s	n
1	280	7	2	40	s	n
1	280	7	3	35	s	n
1	280	7	4	26	s	n
1	280	7	5	31	s	n
1	280	7	6	36	s	n
1	280	7	7	33	s	n
1	280	7	8	36	s	n
1	280	7	9	37	s	n
1	280	7	10	33	s	n
1	280	7	11	31	s	n
1	280	7	12	36	s	n
1	280	7	13	35	s	n
1	280	7	14	32	s	n
1	280	7	15	35	s	n
1	280	7	16	31	s	n
1	280	7	17	28	s	n
1	280	7	18	30	s	n
1	280	7	19	38	s	n
1	280	7	20	36	s	n
1	280	7	21	25	s	n
1	280	7	22	35	s	n
1	280	7	23	26	s	n
1	280	7	24	30	s	n
1	280	7	25	32	s	n
1	280	7	26	38	s	n
1	280	7	27	40	s	n
1	280	7	28	43	s	n
1	280	7	29	37	s	n
1	280	7	30	45	s	n
1	280	7	31	49	s	n
1	280	7	32	46	s	n
1	280	7	33	37	s	n
1	280	7	34	44	s	n
1	280	7	35	41	s	n
1	280	7	36	41	s	n
1	280	7	37	35	s	n
1	280	7	38	32	s	n
1	280	7	39	35	s	n
1	280	7	40	36	s	n
1	280	7	41	46	s	n
1	280	7	42	39	s	n
1	280	7	43	38	s	n
1	280	7	44	32	s	n
1	280	7	45	42	s	n
1	280	7	46	31	s	n
1	280	7	47	35	s	n
1	280	7	48	29	s	n
1	280	7	49	35	s	n
1	280	7	50	28	s	n
1	280	8	1	27	s	n
1	280	8	2	32	s	n
1	280	8	3	26	s	n
1	280	8	4	26	s	n
1	280	8	5	32	s	n
1	280	8	6	37	s	n
1	280	8	7	30	s	n
1	280	8	8	30	s	n
1	280	8	9	31	s	n
1	280	8	10	25	s	n
1	280	8	11	27	s	n
1	280	8	12	34	s	n
1	280	8	13	35	s	n
1	280	8	14	31	s	n
1	280	8	15	28	s	n
1	280	8	16	31	s	n
1	280	8	17	34	s	n
1	280	8	18	32	s	n
1	280	8	19	25	s	n
1	280	8	20	32	s	n
1	280	8	21	30	s	n
1	280	8	22	38	s	n
1	280	8	23	31	s	n
1	280	8	24	35	s	n
1	280	8	25	26	s	n
1	280	8	26	41	s	n
1	280	8	27	35	s	n
1	280	8	28	32	s	n
1	280	8	29	38	s	n
1	280	8	30	52	s	n
1	280	8	31	36	s	n
1	280	8	32	46	s	n
1	280	8	33	39	s	n
1	280	8	34	43	s	n
1	280	8	35	35	s	n
1	280	8	36	38	s	n
1	280	8	37	40	s	n
1	280	8	38	38	s	n
1	280	8	39	33	s	n
1	280	8	40	41	s	n
1	280	8	41	33	s	n
1	280	8	42	47	s	n
1	280	8	43	48	s	n
1	280	8	44	37	s	n
1	280	8	45	40	s	n
1	280	8	46	33	s	n
1	280	8	47	32	s	n
1	280	8	48	34	s	n
1	280	8	49	27	s	n
1	280	8	50	30	s	n
1	280	9	1	31	s	n
1	280	9	2	33	s	n
1	280	9	3	36	s	n
1	280	9	4	34	s	n
1	280	9	5	27	s	n
1	280	9	6	38	s	n
1	280	9	7	31	s	n
1	280	9	8	31	s	n
1	280	9	9	34	s	n
1	280	9	10	34	s	n
1	280	9	11	20	s	n
1	280	9	12	40	s	n
1	280	9	13	40	s	n
1	280	9	14	25	s	n
1	280	9	15	39	s	n
1	280	9	16	29	s	n
1	280	9	17	34	s	n
1	280	9	18	25	s	n
1	280	9	19	36	s	n
1	280	9	20	27	s	n
1	280	9	21	24	s	n
1	280	9	22	30	s	n
1	280	9	23	27	s	n
1	280	9	24	37	s	n
1	280	9	25	37	s	n
1	280	9	26	42	s	n
1	280	9	27	50	s	n
1	280	9	28	41	s	n
1	280	9	29	42	s	n
1	280	9	30	43	s	n
1	280	9	31	39	s	n
1	280	9	32	41	s	n
1	280	9	33	40	s	n
1	280	9	34	29	s	n
1	280	9	35	40	s	n
1	280	9	36	35	s	n
1	280	9	37	41	s	n
1	280	9	38	39	s	n
1	280	9	39	52	s	n
1	280	9	40	39	s	n
1	280	9	41	41	s	n
1	280	9	42	44	s	n
1	280	9	43	37	s	n
1	280	9	44	43	s	n
1	280	9	45	39	s	n
1	280	9	46	40	s	n
1	280	9	47	37	s	n
1	280	9	48	32	s	n
1	280	9	49	31	s	n
1	280	9	50	29	s	n
1	280	10	1	31	s	n
1	280	10	2	31	s	n
1	280	10	3	27	s	n
1	280	10	4	31	s	n
1	280	10	5	27	s	n
1	280	10	6	28	s	n
1	280	10	7	31	s	n
1	280	10	8	39	s	n
1	280	10	9	28	s	n
1	280	10	10	34	s	n
1	280	10	11	39	s	n
1	280	10	12	33	s	n
1	280	10	13	43	s	n
1	280	10	14	36	s	n
1	280	10	15	35	s	n
1	280	10	16	30	s	n
1	280	10	17	23	s	n
1	280	10	18	29	s	n
1	280	10	19	36	s	n
1	280	10	20	38	s	n
1	280	10	21	32	s	n
1	280	10	22	34	s	n
1	280	10	23	35	s	n
1	280	10	24	46	s	n
1	280	10	25	42	s	n
1	280	10	26	51	s	n
1	280	10	27	37	s	n
1	280	10	28	45	s	n
1	280	10	29	48	s	n
1	280	10	30	35	s	n
1	280	10	31	33	s	n
1	280	10	32	39	s	n
1	280	10	33	37	s	n
1	280	10	34	39	s	n
1	280	10	35	41	s	n
1	280	10	36	32	s	n
1	280	10	37	36	s	n
1	280	10	38	43	s	n
1	280	10	39	43	s	n
1	280	10	40	36	s	n
1	280	10	41	37	s	n
1	280	10	42	36	s	n
1	280	10	43	33	s	n
1	280	10	44	36	s	n
1	280	10	45	31	s	n
1	280	10	46	30	s	n
1	280	10	47	40	s	n
1	280	10	48	27	s	n
1	280	10	49	32	s	n
1	280	10	50	28	s	n
1	280	11	1	33	s	n
1	280	11	2	33	s	n
1	280	11	3	36	s	n
1	280	11	4	42	s	n
1	280	11	5	25	s	n
1	280	11	6	37	s	n
1	280	11	7	26	s	n
1	280	11	8	25	s	n
1	280	11	9	31	s	n
1	280	11	10	46	s	n
1	280	11	11	41	s	n
1	280	11	12	38	s	n
1	280	11	13	37	s	n
1	280	11	14	39	s	n
1	280	11	15	32	s	n
1	280	11	16	29	s	n
1	280	11	17	35	s	n
1	280	11	18	24	s	n
1	280	11	19	36	s	n
1	280	11	20	40	s	n
1	280	11	21	23	s	n
1	280	11	22	39	s	n
1	280	11	23	31	s	n
1	280	11	24	32	s	n
1	280	11	25	44	s	n
1	280	11	26	39	s	n
1	280	11	27	38	s	n
1	280	11	28	39	s	n
1	280	11	29	48	s	n
1	280	11	30	44	s	n
1	280	11	31	39	s	n
1	280	11	32	34	s	n
1	280	11	33	29	s	n
1	280	11	34	35	s	n
1	280	11	35	43	s	n
1	280	11	36	33	s	n
1	280	11	37	37	s	n
1	280	11	38	32	s	n
1	280	11	39	52	s	n
1	280	11	40	38	s	n
1	280	11	41	44	s	n
1	280	11	42	35	s	n
1	280	11	43	39	s	n
1	280	11	44	35	s	n
1	280	11	45	43	s	n
1	280	11	46	25	s	n
1	280	11	47	23	s	n
1	280	11	48	38	s	n
1	280	11	49	39	s	n
1	280	11	50	29	s	n
1	280	12	1	37	s	n
1	280	12	2	40	s	n
1	280	12	3	42	s	n
1	280	12	4	40	s	n
1	280	12	5	34	s	n
1	280	12	6	23	s	n
1	280	12	7	25	s	n
1	280	12	8	19	s	n
1	280	12	9	36	s	n
1	280	12	10	31	s	n
1	280	12	11	38	s	n
1	280	12	12	36	s	n
1	280	12	13	40	s	n
1	280	12	14	38	s	n
1	280	12	15	40	s	n
1	280	12	16	30	s	n
1	280	12	17	25	s	n
1	280	12	18	32	s	n
1	280	12	19	29	s	n
1	280	12	20	30	s	n
1	280	12	21	53	s	n
1	280	12	22	32	s	n
1	280	12	23	35	s	n
1	280	12	24	45	s	n
1	280	12	25	32	s	n
1	280	12	26	39	s	n
1	280	12	27	37	s	n
1	280	12	28	43	s	n
1	280	12	29	46	s	n
1	280	12	30	40	s	n
1	280	12	31	52	s	n
1	280	12	32	30	s	n
1	280	12	33	30	s	n
1	280	12	34	46	s	n
1	280	12	35	35	s	n
1	280	12	36	37	s	n
1	280	12	37	39	s	n
1	280	12	38	42	s	n
1	280	12	39	38	s	n
1	280	12	40	32	s	n
1	280	12	41	33	s	n
1	280	12	42	34	s	n
1	280	12	43	44	s	n
1	280	12	44	46	s	n
1	280	12	45	38	s	n
1	280	12	46	32	s	n
1	280	12	47	41	s	n
1	280	12	48	35	s	n
1	280	12	49	31	s	n
1	280	12	50	32	s	n
1	280	13	1	42	s	n
1	280	13	2	40	s	n
1	280	13	3	40	s	n
1	280	13	4	37	s	n
1	280	13	5	42	s	n
1	280	13	6	40	s	n
1	280	13	7	41	s	n
1	280	13	8	23	s	n
1	280	13	9	34	s	n
1	280	13	10	19	s	n
1	280	13	11	37	s	n
1	280	13	12	31	s	n
1	280	13	13	34	s	n
1	280	13	14	31	s	n
1	280	13	15	33	s	n
1	280	13	16	37	s	n
1	280	13	17	22	s	n
1	280	13	18	32	s	n
1	280	13	19	29	s	n
1	280	13	20	38	s	n
1	280	13	21	48	s	n
1	280	13	22	29	s	n
1	280	13	23	37	s	n
1	280	13	24	45	s	n
1	280	13	25	30	s	n
1	280	13	26	47	s	n
1	280	13	27	27	s	n
1	280	13	28	51	s	n
1	280	13	29	46	s	n
1	280	13	30	52	s	n
1	280	13	31	52	s	n
1	280	13	32	43	s	n
1	280	13	33	37	s	n
1	280	13	34	45	s	n
1	280	13	35	32	s	n
1	280	13	36	37	s	n
1	280	13	37	40	s	n
1	280	13	38	35	s	n
1	280	13	39	36	s	n
1	280	13	40	44	s	n
1	280	13	41	47	s	n
1	280	13	42	29	s	n
1	280	13	43	39	s	n
1	280	13	44	41	s	n
1	280	13	45	34	s	n
1	280	13	46	30	s	n
1	280	13	47	35	s	n
1	280	13	48	37	s	n
1	280	13	49	32	s	n
1	280	13	50	36	s	n
1	280	14	1	41	s	n
1	280	14	2	40	s	n
1	280	14	3	32	s	n
1	280	14	4	34	s	n
1	280	14	5	39	s	n
1	280	14	6	35	s	n
1	280	14	7	25	s	n
1	280	14	8	28	s	n
1	280	14	9	40	s	n
1	280	14	10	31	s	n
1	280	14	11	41	s	n
1	280	14	12	34	s	n
1	280	14	13	32	s	n
1	280	14	14	37	s	n
1	280	14	15	30	s	n
1	280	14	16	30	s	n
1	280	14	17	30	s	n
1	280	14	18	34	s	n
1	280	14	19	29	s	n
1	280	14	20	38	s	n
1	280	14	21	34	s	n
1	280	14	22	38	s	n
1	280	14	23	38	s	n
1	280	14	24	33	s	n
1	280	14	25	33	s	n
1	280	14	26	30	s	n
1	280	14	27	52	s	n
1	280	14	28	46	s	n
1	280	14	29	51	s	n
1	280	14	30	38	s	n
1	280	14	31	25	s	n
1	280	14	32	35	s	n
1	280	14	33	35	s	n
1	280	14	34	33	s	n
1	280	14	35	34	s	n
1	280	14	36	43	s	n
1	280	14	37	39	s	n
1	280	14	38	41	s	n
1	280	14	39	37	s	n
1	280	14	40	42	s	n
1	280	14	41	38	s	n
1	280	14	42	45	s	n
1	280	14	43	47	s	n
1	280	14	44	35	s	n
1	280	14	45	45	s	n
1	280	14	46	33	s	n
1	280	14	47	41	s	n
1	280	14	48	37	s	n
1	280	14	49	34	s	n
1	280	14	50	37	s	n
1	280	15	1	32	s	n
1	280	15	2	36	s	n
1	280	15	3	40	s	n
1	280	15	4	46	s	n
1	280	15	5	42	s	n
1	280	15	6	36	s	n
1	280	15	7	40	s	n
1	280	15	8	30	s	n
1	280	15	9	38	s	n
1	280	15	10	35	s	n
1	280	15	11	31	s	n
1	280	15	12	28	s	n
1	280	15	13	43	s	n
1	280	15	14	25	s	n
1	280	15	15	22	s	n
1	280	15	16	39	s	n
1	280	15	17	29	s	n
1	280	15	18	34	s	n
1	280	15	19	43	s	n
1	280	15	20	34	s	n
1	280	15	21	35	s	n
1	280	15	22	33	s	n
1	280	15	23	43	s	n
1	280	15	24	44	s	n
1	280	15	25	51	s	n
1	280	15	26	35	s	n
1	280	15	27	37	s	n
1	280	15	28	60	s	n
1	280	15	29	65	s	n
1	280	15	30	39	s	n
1	280	15	31	33	s	n
1	280	15	32	41	s	n
1	280	15	33	36	s	n
1	280	15	34	39	s	n
1	280	15	35	34	s	n
1	280	15	36	35	s	n
1	280	15	37	38	s	n
1	280	15	38	41	s	n
1	280	15	39	33	s	n
1	280	15	40	38	s	n
1	280	15	41	36	s	n
1	280	15	42	36	s	n
1	280	15	43	32	s	n
1	280	15	44	38	s	n
1	280	15	45	43	s	n
1	280	15	46	45	s	n
1	280	15	47	37	s	n
1	280	15	48	29	s	n
1	280	15	49	33	s	n
1	280	15	50	40	s	n
1	280	16	1	41	s	n
1	280	16	2	43	s	n
1	280	16	3	42	s	n
1	280	16	4	45	s	n
1	280	16	5	38	s	n
1	280	16	6	38	s	n
1	280	16	7	35	s	n
1	280	16	8	31	s	n
1	280	16	9	32	s	n
1	280	16	10	32	s	n
1	280	16	11	32	s	n
1	280	16	12	33	s	n
1	280	16	13	43	s	n
1	280	16	14	32	s	n
1	280	16	15	25	s	n
1	280	16	16	31	s	n
1	280	16	17	45	s	n
1	280	16	18	33	s	n
1	280	16	19	31	s	n
1	280	16	20	38	s	n
1	280	16	21	49	s	n
1	280	16	22	45	s	n
1	280	16	23	41	s	n
1	280	16	24	41	s	n
1	280	16	25	39	s	n
1	280	16	26	34	s	n
1	280	16	27	48	s	n
1	280	16	28	45	s	n
1	280	16	29	46	s	n
1	280	16	30	35	s	n
1	280	16	31	49	s	n
1	280	16	32	44	s	n
1	280	16	33	44	s	n
1	280	16	34	34	s	n
1	280	16	35	40	s	n
1	280	16	36	46	s	n
1	280	16	37	40	s	n
1	280	16	38	34	s	n
1	280	16	39	33	s	n
1	280	16	40	42	s	n
1	280	16	41	43	s	n
1	280	16	42	31	s	n
1	280	16	43	45	s	n
1	280	16	44	49	s	n
1	280	16	45	33	s	n
1	280	16	46	38	s	n
1	280	16	47	41	s	n
1	280	16	48	29	s	n
1	280	16	49	38	s	n
1	280	16	50	32	s	n
1	280	17	1	36	s	n
1	280	17	2	32	s	n
1	280	17	3	36	s	n
1	280	17	4	34	s	n
1	280	17	5	44	s	n
1	280	17	6	35	s	n
1	280	17	7	40	s	n
1	280	17	8	33	s	n
1	280	17	9	34	s	n
1	280	17	10	37	s	n
1	280	17	11	33	s	n
1	280	17	12	35	s	n
1	280	17	13	35	s	n
1	280	17	14	33	s	n
1	280	17	15	37	s	n
1	280	17	16	23	s	n
1	280	17	17	26	s	n
1	280	17	18	28	s	n
1	280	17	19	24	s	n
1	280	17	20	29	s	n
1	280	17	21	49	s	n
1	280	17	22	32	s	n
1	280	17	23	60	s	n
1	280	17	24	28	s	n
1	280	17	25	30	s	n
1	280	17	26	32	s	n
1	280	17	27	46	s	n
1	280	17	28	32	s	n
1	280	17	29	43	s	n
1	280	17	30	28	s	n
1	280	17	31	33	s	n
1	280	17	32	51	s	n
1	280	17	33	35	s	n
1	280	17	34	33	s	n
1	280	17	35	39	s	n
1	280	17	36	35	s	n
1	280	17	37	31	s	n
1	280	17	38	36	s	n
1	280	17	39	40	s	n
1	280	17	40	34	s	n
1	280	17	41	29	s	n
1	280	17	42	44	s	n
1	280	17	43	39	s	n
1	280	17	44	38	s	n
1	280	17	45	23	s	n
1	280	17	46	39	s	n
1	280	17	47	31	s	n
1	280	17	48	34	s	n
1	280	17	49	28	s	n
1	280	17	50	33	s	n
1	280	18	1	36	s	n
1	280	18	2	34	s	n
1	280	18	3	38	s	n
1	280	18	4	47	s	n
1	280	18	5	39	s	n
1	280	18	6	39	s	n
1	280	18	7	22	s	n
1	280	18	8	37	s	n
1	280	18	9	37	s	n
1	280	18	10	44	s	n
1	280	18	11	32	s	n
1	280	18	12	35	s	n
1	280	18	13	38	s	n
1	280	18	14	35	s	n
1	280	18	15	34	s	n
1	280	18	16	30	s	n
1	280	18	17	29	s	n
1	280	18	18	24	s	n
1	280	18	19	30	s	n
1	280	18	20	34	s	n
1	280	18	21	33	s	n
1	280	18	22	49	s	n
1	280	18	23	49	s	n
1	280	18	24	58	s	n
1	280	18	25	38	s	n
1	280	18	26	50	s	n
1	280	18	27	37	s	n
1	280	18	28	39	s	n
1	280	18	29	25	s	n
1	280	18	30	27	s	n
1	280	18	31	29	s	n
1	280	18	32	49	s	n
1	280	18	33	38	s	n
1	280	18	34	37	s	n
1	280	18	35	44	s	n
1	280	18	36	40	s	n
1	280	18	37	48	s	n
1	280	18	38	27	s	n
1	280	18	39	32	s	n
1	280	18	40	46	s	n
1	280	18	41	41	s	n
1	280	18	42	25	s	n
1	280	18	43	39	s	n
1	280	18	44	43	s	n
1	280	18	45	29	s	n
1	280	18	46	28	s	n
1	280	18	47	35	s	n
1	280	18	48	40	s	n
1	280	18	49	40	s	n
1	280	18	50	38	s	n
1	280	19	1	31	s	n
1	280	19	2	43	s	n
1	280	19	3	31	s	n
1	280	19	4	40	s	n
1	280	19	5	34	s	n
1	280	19	6	39	s	n
1	280	19	7	37	s	n
1	280	19	8	30	s	n
1	280	19	9	42	s	n
1	280	19	10	37	s	n
1	280	19	11	39	s	n
1	280	19	12	40	s	n
1	280	19	13	30	s	n
1	280	19	14	28	s	n
1	280	19	15	30	s	n
1	280	19	16	33	s	n
1	280	19	17	33	s	n
1	280	19	18	31	s	n
1	280	19	19	36	s	n
1	280	19	20	39	s	n
1	280	19	21	50	s	n
1	280	19	22	47	s	n
1	280	19	23	52	s	n
1	280	19	24	42	s	n
1	280	19	25	40	s	n
1	280	19	26	39	s	n
1	280	19	27	35	s	n
1	280	19	28	36	s	n
1	280	19	29	40	s	n
1	280	19	30	34	s	n
1	280	19	31	31	s	n
1	280	19	32	45	s	n
1	280	19	33	37	s	n
1	280	19	34	42	s	n
1	280	19	35	35	s	n
1	280	19	36	38	s	n
1	280	19	37	38	s	n
1	280	19	38	40	s	n
1	280	19	39	30	s	n
1	280	19	40	39	s	n
1	280	19	41	36	s	n
1	280	19	42	37	s	n
1	280	19	43	37	s	n
1	280	19	44	42	s	n
1	280	19	45	36	s	n
1	280	19	46	35	s	n
1	280	19	47	31	s	n
1	280	19	48	32	s	n
1	280	19	49	35	s	n
1	280	19	50	27	s	n
1	280	20	1	47	s	n
1	280	20	2	41	s	n
1	280	20	3	42	s	n
1	280	20	4	37	s	n
1	280	20	5	45	s	n
1	280	20	6	37	s	n
1	280	20	7	38	s	n
1	280	20	8	36	s	n
1	280	20	9	47	s	n
1	280	20	10	35	s	n
1	280	20	11	31	s	n
1	280	20	12	34	s	n
1	280	20	13	33	s	n
1	280	20	14	30	s	n
1	280	20	15	37	s	n
1	280	20	16	34	s	n
1	280	20	17	36	s	n
1	280	20	18	39	s	n
1	280	20	19	40	s	n
1	280	20	20	45	s	n
1	280	20	21	44	s	n
1	280	20	22	40	s	n
1	280	20	23	53	s	n
1	280	20	24	61	s	n
1	280	20	25	65	s	n
1	280	20	26	45	s	n
1	280	20	27	41	s	n
1	280	20	28	41	s	n
1	280	20	29	48	s	n
1	280	20	30	53	s	n
1	280	20	31	39	s	n
1	280	20	32	50	s	n
1	280	20	33	38	s	n
1	280	20	34	42	s	n
1	280	20	35	37	s	n
1	280	20	36	37	s	n
1	280	20	37	36	s	n
1	280	20	38	30	s	n
1	280	20	39	36	s	n
1	280	20	40	33	s	n
1	280	20	41	38	s	n
1	280	20	42	40	s	n
1	280	20	43	39	s	n
1	280	20	44	42	s	n
1	280	20	45	39	s	n
1	280	20	46	35	s	n
1	280	20	47	32	s	n
1	280	20	48	34	s	n
1	280	20	49	33	s	n
1	280	20	50	33	s	n
1	290	1	1	28	s	n
1	290	1	2	30	s	n
1	290	1	3	34	s	n
1	290	1	4	32	s	n
1	290	1	5	27	s	n
1	290	1	6	37	s	n
1	290	1	7	31	s	n
1	290	1	8	41	s	n
1	290	1	9	30	s	n
1	290	1	10	39	s	n
1	290	1	11	32	s	n
1	290	1	12	31	s	n
1	290	1	13	42	s	n
1	290	1	14	28	s	n
1	290	1	15	37	s	n
1	290	1	16	40	s	n
1	290	1	17	43	s	n
1	290	1	18	48	s	n
1	290	1	19	42	s	n
1	290	1	20	33	s	n
1	290	1	21	35	s	n
1	290	1	22	41	s	n
1	290	1	23	46	s	n
1	290	1	24	36	s	n
1	290	1	25	46	s	n
1	290	1	26	38	s	n
1	290	1	27	49	s	n
1	290	1	28	34	s	n
1	290	1	29	33	s	n
1	290	1	30	34	s	n
1	290	1	31	38	s	n
1	290	1	32	39	s	n
1	290	1	33	48	s	n
1	290	1	34	53	s	n
1	290	1	35	49	s	n
1	290	1	36	50	s	n
1	290	1	37	40	s	n
1	290	1	38	47	s	n
1	290	1	39	39	s	n
1	290	1	40	40	s	n
1	290	1	41	40	s	n
1	290	1	42	28	s	n
1	290	1	43	39	s	n
1	290	1	44	31	s	n
1	290	1	45	38	s	n
1	290	1	46	36	s	n
1	290	1	47	27	s	n
1	290	1	48	27	s	n
1	290	1	49	28	s	n
1	290	1	50	24	s	n
1	290	2	1	33	s	n
1	290	2	2	32	s	n
1	290	2	3	31	s	n
1	290	2	4	33	s	n
1	290	2	5	38	s	n
1	290	2	6	36	s	n
1	290	2	7	37	s	n
1	290	2	8	32	s	n
1	290	2	9	43	s	n
1	290	2	10	37	s	n
1	290	2	11	36	s	n
1	290	2	12	34	s	n
1	290	2	13	28	s	n
1	290	2	14	30	s	n
1	290	2	15	29	s	n
1	290	2	16	35	s	n
1	290	2	17	48	s	n
1	290	2	18	42	s	n
1	290	2	19	42	s	n
1	290	2	20	43	s	n
1	290	2	21	40	s	n
1	290	2	22	51	s	n
1	290	2	23	37	s	n
1	290	2	24	32	s	n
1	290	2	25	39	s	n
1	290	2	26	35	s	n
1	290	2	27	38	s	n
1	290	2	28	32	s	n
1	290	2	29	30	s	n
1	290	2	30	33	s	n
1	290	2	31	41	s	n
1	290	2	32	43	s	n
1	290	2	33	36	s	n
1	290	2	34	47	s	n
1	290	2	35	43	s	n
1	290	2	36	46	s	n
1	290	2	37	46	s	n
1	290	2	38	46	s	n
1	290	2	39	41	s	n
1	290	2	40	36	s	n
1	290	2	41	29	s	n
1	290	2	42	42	s	n
1	290	2	43	35	s	n
1	290	2	44	25	s	n
1	290	2	45	35	s	n
1	290	2	46	34	s	n
1	290	2	47	28	s	n
1	290	2	48	26	s	n
1	290	2	49	34	s	n
1	290	2	50	25	s	n
1	290	3	1	30	s	n
1	290	3	2	42	s	n
1	290	3	3	34	s	n
1	290	3	4	35	s	n
1	290	3	5	32	s	n
1	290	3	6	34	s	n
1	290	3	7	32	s	n
1	290	3	8	39	s	n
1	290	3	9	37	s	n
1	290	3	10	32	s	n
1	290	3	11	38	s	n
1	290	3	12	24	s	n
1	290	3	13	35	s	n
1	290	3	14	26	s	n
1	290	3	15	30	s	n
1	290	3	16	36	s	n
1	290	3	17	39	s	n
1	290	3	18	42	s	n
1	290	3	19	38	s	n
1	290	3	20	34	s	n
1	290	3	21	53	s	n
1	290	3	22	39	s	n
1	290	3	23	37	s	n
1	290	3	24	34	s	n
1	290	3	25	28	s	n
1	290	3	26	35	s	n
1	290	3	27	44	s	n
1	290	3	28	35	s	n
1	290	3	29	33	s	n
1	290	3	30	37	s	n
1	290	3	31	30	s	n
1	290	3	32	37	s	n
1	290	3	33	39	s	n
1	290	3	34	52	s	n
1	290	3	35	52	s	n
1	290	3	36	43	s	n
1	290	3	37	35	s	n
1	290	3	38	43	s	n
1	290	3	39	41	s	n
1	290	3	40	32	s	n
1	290	3	41	49	s	n
1	290	3	42	45	s	n
1	290	3	43	35	s	n
1	290	3	44	29	s	n
1	290	3	45	26	s	n
1	290	3	46	32	s	n
1	290	3	47	26	s	n
1	290	3	48	28	s	n
1	290	3	49	25	s	n
1	290	3	50	28	s	n
1	290	4	1	28	s	n
1	290	4	2	29	s	n
1	290	4	3	33	s	n
1	290	4	4	36	s	n
1	290	4	5	29	s	n
1	290	4	6	26	s	n
1	290	4	7	34	s	n
1	290	4	8	38	s	n
1	290	4	9	36	s	n
1	290	4	10	39	s	n
1	290	4	11	34	s	n
1	290	4	12	36	s	n
1	290	4	13	26	s	n
1	290	4	14	28	s	n
1	290	4	15	22	s	n
1	290	4	16	37	s	n
1	290	4	17	41	s	n
1	290	4	18	42	s	n
1	290	4	19	36	s	n
1	290	4	20	31	s	n
1	290	4	21	35	s	n
1	290	4	22	35	s	n
1	290	4	23	40	s	n
1	290	4	24	39	s	n
1	290	4	25	40	s	n
1	290	4	26	42	s	n
1	290	4	27	41	s	n
1	290	4	28	35	s	n
1	290	4	29	39	s	n
1	290	4	30	37	s	n
1	290	4	31	37	s	n
1	290	4	32	38	s	n
1	290	4	33	41	s	n
1	290	4	34	37	s	n
1	290	4	35	30	s	n
1	290	4	36	39	s	n
1	290	4	37	47	s	n
1	290	4	38	39	s	n
1	290	4	39	43	s	n
1	290	4	40	42	s	n
1	290	4	41	34	s	n
1	290	4	42	31	s	n
1	290	4	43	32	s	n
1	290	4	44	40	s	n
1	290	4	45	31	s	n
1	290	4	46	26	s	n
1	290	4	47	28	s	n
1	290	4	48	27	s	n
1	290	4	49	35	s	n
1	290	4	50	25	s	n
1	290	5	1	30	s	n
1	290	5	2	26	s	n
1	290	5	3	30	s	n
1	290	5	4	39	s	n
1	290	5	5	37	s	n
1	290	5	6	17	s	n
1	290	5	7	23	s	n
1	290	5	8	36	s	n
1	290	5	9	43	s	n
1	290	5	10	33	s	n
1	290	5	11	40	s	n
1	290	5	12	30	s	n
1	290	5	13	31	s	n
1	290	5	14	32	s	n
1	290	5	15	33	s	n
1	290	5	16	32	s	n
1	290	5	17	36	s	n
1	290	5	18	41	s	n
1	290	5	19	38	s	n
1	290	5	20	42	s	n
1	290	5	21	38	s	n
1	290	5	22	33	s	n
1	290	5	23	35	s	n
1	290	5	24	30	s	n
1	290	5	25	24	s	n
1	290	5	26	44	s	n
1	290	5	27	33	s	n
1	290	5	28	46	s	n
1	290	5	29	36	s	n
1	290	5	30	47	s	n
1	290	5	31	41	s	n
1	290	5	32	37	s	n
1	290	5	33	46	s	n
1	290	5	34	54	s	n
1	290	5	35	40	s	n
1	290	5	36	57	s	n
1	290	5	37	51	s	n
1	290	5	38	27	s	n
1	290	5	39	28	s	n
1	290	5	40	35	s	n
1	290	5	41	35	s	n
1	290	5	42	45	s	n
1	290	5	43	38	s	n
1	290	5	44	32	s	n
1	290	5	45	33	s	n
1	290	5	46	27	s	n
1	290	5	47	36	s	n
1	290	5	48	27	s	n
1	290	5	49	34	s	n
1	290	5	50	31	s	n
1	290	6	1	31	s	n
1	290	6	2	36	s	n
1	290	6	3	36	s	n
1	290	6	4	39	s	n
1	290	6	5	30	s	n
1	290	6	6	33	s	n
1	290	6	7	37	s	n
1	290	6	8	39	s	n
1	290	6	9	26	s	n
1	290	6	10	30	s	n
1	290	6	11	24	s	n
1	290	6	12	38	s	n
1	290	6	13	27	s	n
1	290	6	14	28	s	n
1	290	6	15	45	s	n
1	290	6	16	30	s	n
1	290	6	17	35	s	n
1	290	6	18	37	s	n
1	290	6	19	39	s	n
1	290	6	20	29	s	n
1	290	6	21	26	s	n
1	290	6	22	38	s	n
1	290	6	23	41	s	n
1	290	6	24	28	s	n
1	290	6	25	35	s	n
1	290	6	26	38	s	n
1	290	6	27	37	s	n
1	290	6	28	41	s	n
1	290	6	29	46	s	n
1	290	6	30	47	s	n
1	290	6	31	36	s	n
1	290	6	32	43	s	n
1	290	6	33	45	s	n
1	290	6	34	40	s	n
1	290	6	35	50	s	n
1	290	6	36	36	s	n
1	290	6	37	37	s	n
1	290	6	38	33	s	n
1	290	6	39	45	s	n
1	290	6	40	25	s	n
1	290	6	41	30	s	n
1	290	6	42	38	s	n
1	290	6	43	30	s	n
1	290	6	44	32	s	n
1	290	6	45	26	s	n
1	290	6	46	27	s	n
1	290	6	47	38	s	n
1	290	6	48	38	s	n
1	290	6	49	29	s	n
1	290	6	50	30	s	n
1	290	7	1	35	s	n
1	290	7	2	43	s	n
1	290	7	3	33	s	n
1	290	7	4	29	s	n
1	290	7	5	30	s	n
1	290	7	6	27	s	n
1	290	7	7	27	s	n
1	290	7	8	33	s	n
1	290	7	9	32	s	n
1	290	7	10	35	s	n
1	290	7	11	31	s	n
1	290	7	12	27	s	n
1	290	7	13	29	s	n
1	290	7	14	38	s	n
1	290	7	15	29	s	n
1	290	7	16	35	s	n
1	290	7	17	39	s	n
1	290	7	18	38	s	n
1	290	7	19	37	s	n
1	290	7	20	38	s	n
1	290	7	21	35	s	n
1	290	7	22	35	s	n
1	290	7	23	33	s	n
1	290	7	24	42	s	n
1	290	7	25	41	s	n
1	290	7	26	40	s	n
1	290	7	27	45	s	n
1	290	7	28	43	s	n
1	290	7	29	45	s	n
1	290	7	30	47	s	n
1	290	7	31	53	s	n
1	290	7	32	46	s	n
1	290	7	33	32	s	n
1	290	7	34	38	s	n
1	290	7	35	33	s	n
1	290	7	36	47	s	n
1	290	7	37	46	s	n
1	290	7	38	31	s	n
1	290	7	39	33	s	n
1	290	7	40	30	s	n
1	290	7	41	27	s	n
1	290	7	42	40	s	n
1	290	7	43	35	s	n
1	290	7	44	40	s	n
1	290	7	45	37	s	n
1	290	7	46	25	s	n
1	290	7	47	37	s	n
1	290	7	48	27	s	n
1	290	7	49	35	s	n
1	290	7	50	32	s	n
1	290	8	1	28	s	n
1	290	8	2	30	s	n
1	290	8	3	36	s	n
1	290	8	4	30	s	n
1	290	8	5	37	s	n
1	290	8	6	26	s	n
1	290	8	7	40	s	n
1	290	8	8	22	s	n
1	290	8	9	30	s	n
1	290	8	10	21	s	n
1	290	8	11	31	s	n
1	290	8	12	33	s	n
1	290	8	13	37	s	n
1	290	8	14	40	s	n
1	290	8	15	35	s	n
1	290	8	16	41	s	n
1	290	8	17	24	s	n
1	290	8	18	26	s	n
1	290	8	19	29	s	n
1	290	8	20	25	s	n
1	290	8	21	29	s	n
1	290	8	22	37	s	n
1	290	8	23	27	s	n
1	290	8	24	34	s	n
1	290	8	25	32	s	n
1	290	8	26	30	s	n
1	290	8	27	35	s	n
1	290	8	28	47	s	n
1	290	8	29	47	s	n
1	290	8	30	38	s	n
1	290	8	31	51	s	n
1	290	8	32	43	s	n
1	290	8	33	39	s	n
1	290	8	34	39	s	n
1	290	8	35	31	s	n
1	290	8	36	48	s	n
1	290	8	37	41	s	n
1	290	8	38	42	s	n
1	290	8	39	37	s	n
1	290	8	40	28	s	n
1	290	8	41	36	s	n
1	290	8	42	33	s	n
1	290	8	43	28	s	n
1	290	8	44	33	s	n
1	290	8	45	36	s	n
1	290	8	46	31	s	n
1	290	8	47	33	s	n
1	290	8	48	36	s	n
1	290	8	49	32	s	n
1	290	8	50	33	s	n
1	290	9	1	29	s	n
1	290	9	2	36	s	n
1	290	9	3	27	s	n
1	290	9	4	32	s	n
1	290	9	5	31	s	n
1	290	9	6	41	s	n
1	290	9	7	41	s	n
1	290	9	8	22	s	n
1	290	9	9	29	s	n
1	290	9	10	37	s	n
1	290	9	11	42	s	n
1	290	9	12	32	s	n
1	290	9	13	24	s	n
1	290	9	14	38	s	n
1	290	9	15	26	s	n
1	290	9	16	28	s	n
1	290	9	17	25	s	n
1	290	9	18	20	s	n
1	290	9	19	15	s	n
1	290	9	20	32	s	n
1	290	9	21	36	s	n
1	290	9	22	35	s	n
1	290	9	23	39	s	n
1	290	9	24	36	s	n
1	290	9	25	41	s	n
1	290	9	26	43	s	n
1	290	9	27	44	s	n
1	290	9	28	42	s	n
1	290	9	29	47	s	n
1	290	9	30	50	s	n
1	290	9	31	47	s	n
1	290	9	32	44	s	n
1	290	9	33	54	s	n
1	290	9	34	48	s	n
1	290	9	35	32	s	n
1	290	9	36	46	s	n
1	290	9	37	42	s	n
1	290	9	38	32	s	n
1	290	9	39	29	s	n
1	290	9	40	37	s	n
1	290	9	41	37	s	n
1	290	9	42	37	s	n
1	290	9	43	24	s	n
1	290	9	44	33	s	n
1	290	9	45	29	s	n
1	290	9	46	33	s	n
1	290	9	47	39	s	n
1	290	9	48	46	s	n
1	290	9	49	34	s	n
1	290	9	50	27	s	n
1	290	10	1	38	s	n
1	290	10	2	43	s	n
1	290	10	3	36	s	n
1	290	10	4	31	s	n
1	290	10	5	45	s	n
1	290	10	6	38	s	n
1	290	10	7	26	s	n
1	290	10	8	26	s	n
1	290	10	9	37	s	n
1	290	10	10	27	s	n
1	290	10	11	29	s	n
1	290	10	12	39	s	n
1	290	10	13	25	s	n
1	290	10	14	36	s	n
1	290	10	15	30	s	n
1	290	10	16	30	s	n
1	290	10	17	28	s	n
1	290	10	18	33	s	n
1	290	10	19	31	s	n
1	290	10	20	16	s	n
1	290	10	21	30	s	n
1	290	10	22	41	s	n
1	290	10	23	44	s	n
1	290	10	24	28	s	n
1	290	10	25	33	s	n
1	290	10	26	39	s	n
1	290	10	27	38	s	n
1	290	10	28	43	s	n
1	290	10	29	40	s	n
1	290	10	30	48	s	n
1	290	10	31	45	s	n
1	290	10	32	50	s	n
1	290	10	33	46	s	n
1	290	10	34	46	s	n
1	290	10	35	32	s	n
1	290	10	36	29	s	n
1	290	10	37	42	s	n
1	290	10	38	33	s	n
1	290	10	39	32	s	n
1	290	10	40	39	s	n
1	290	10	41	26	s	n
1	290	10	42	29	s	n
1	290	10	43	30	s	n
1	290	10	44	41	s	n
1	290	10	45	35	s	n
1	290	10	46	37	s	n
1	290	10	47	43	s	n
1	290	10	48	35	s	n
1	290	10	49	33	s	n
1	290	10	50	37	s	n
1	290	11	1	35	s	n
1	290	11	2	46	s	n
1	290	11	3	29	s	n
1	290	11	4	40	s	n
1	290	11	5	35	s	n
1	290	11	6	21	s	n
1	290	11	7	31	s	n
1	290	11	8	27	s	n
1	290	11	9	28	s	n
1	290	11	10	34	s	n
1	290	11	11	31	s	n
1	290	11	12	34	s	n
1	290	11	13	24	s	n
1	290	11	14	32	s	n
1	290	11	15	30	s	n
1	290	11	16	31	s	n
1	290	11	17	32	s	n
1	290	11	18	33	s	n
1	290	11	19	28	s	n
1	290	11	20	29	s	n
1	290	11	21	26	s	n
1	290	11	22	32	s	n
1	290	11	23	40	s	n
1	290	11	24	46	s	n
1	290	11	25	42	s	n
1	290	11	26	36	s	n
1	290	11	27	51	s	n
1	290	11	28	43	s	n
1	290	11	29	48	s	n
1	290	11	30	32	s	n
1	290	11	31	44	s	n
1	290	11	32	48	s	n
1	290	11	33	40	s	n
1	290	11	34	45	s	n
1	290	11	35	48	s	n
1	290	11	36	43	s	n
1	290	11	37	41	s	n
1	290	11	38	46	s	n
1	290	11	39	41	s	n
1	290	11	40	40	s	n
1	290	11	41	25	s	n
1	290	11	42	39	s	n
1	290	11	43	32	s	n
1	290	11	44	30	s	n
1	290	11	45	28	s	n
1	290	11	46	40	s	n
1	290	11	47	39	s	n
1	290	11	48	45	s	n
1	290	11	49	36	s	n
1	290	11	50	24	s	n
1	290	12	1	42	s	n
1	290	12	2	39	s	n
1	290	12	3	33	s	n
1	290	12	4	34	s	n
1	290	12	5	36	s	n
1	290	12	6	24	s	n
1	290	12	7	35	s	n
1	290	12	8	29	s	n
1	290	12	9	41	s	n
1	290	12	10	34	s	n
1	290	12	11	36	s	n
1	290	12	12	32	s	n
1	290	12	13	27	s	n
1	290	12	14	25	s	n
1	290	12	15	30	s	n
1	290	12	16	30	s	n
1	290	12	17	26	s	n
1	290	12	18	28	s	n
1	290	12	19	31	s	n
1	290	12	20	29	s	n
1	290	12	21	28	s	n
1	290	12	22	40	s	n
1	290	12	23	42	s	n
1	290	12	24	31	s	n
1	290	12	25	41	s	n
1	290	12	26	47	s	n
1	290	12	27	40	s	n
1	290	12	28	55	s	n
1	290	12	29	44	s	n
1	290	12	30	53	s	n
1	290	12	31	45	s	n
1	290	12	32	36	s	n
1	290	12	33	41	s	n
1	290	12	34	30	s	n
1	290	12	35	47	s	n
1	290	12	36	38	s	n
1	290	12	37	50	s	n
1	290	12	38	50	s	n
1	290	12	39	32	s	n
1	290	12	40	29	s	n
1	290	12	41	34	s	n
1	290	12	42	33	s	n
1	290	12	43	31	s	n
1	290	12	44	43	s	n
1	290	12	45	44	s	n
1	290	12	46	43	s	n
1	290	12	47	42	s	n
1	290	12	48	48	s	n
1	290	12	49	33	s	n
1	290	12	50	30	s	n
1	290	13	1	38	s	n
1	290	13	2	38	s	n
1	290	13	3	41	s	n
1	290	13	4	52	s	n
1	290	13	5	37	s	n
1	290	13	6	32	s	n
1	290	13	7	28	s	n
1	290	13	8	31	s	n
1	290	13	9	31	s	n
1	290	13	10	31	s	n
1	290	13	11	27	s	n
1	290	13	12	43	s	n
1	290	13	13	22	s	n
1	290	13	14	32	s	n
1	290	13	15	28	s	n
1	290	13	16	32	s	n
1	290	13	17	35	s	n
1	290	13	18	35	s	n
1	290	13	19	24	s	n
1	290	13	20	28	s	n
1	290	13	21	40	s	n
1	290	13	22	44	s	n
1	290	13	23	49	s	n
1	290	13	24	50	s	n
1	290	13	25	44	s	n
1	290	13	26	46	s	n
1	290	13	27	45	s	n
1	290	13	28	43	s	n
1	290	13	29	34	s	n
1	290	13	30	45	s	n
1	290	13	31	37	s	n
1	290	13	32	37	s	n
1	290	13	33	38	s	n
1	290	13	34	33	s	n
1	290	13	35	41	s	n
1	290	13	36	39	s	n
1	290	13	37	37	s	n
1	290	13	38	38	s	n
1	290	13	39	43	s	n
1	290	13	40	36	s	n
1	290	13	41	35	s	n
1	290	13	42	36	s	n
1	290	13	43	29	s	n
1	290	13	44	33	s	n
1	290	13	45	32	s	n
1	290	13	46	38	s	n
1	290	13	47	30	s	n
1	290	13	48	34	s	n
1	290	13	49	33	s	n
1	290	13	50	29	s	n
1	290	14	1	44	s	n
1	290	14	2	41	s	n
1	290	14	3	38	s	n
1	290	14	4	43	s	n
1	290	14	5	34	s	n
1	290	14	6	32	s	n
1	290	14	7	41	s	n
1	290	14	8	34	s	n
1	290	14	9	34	s	n
1	290	14	10	24	s	n
1	290	14	11	29	s	n
1	290	14	12	31	s	n
1	290	14	13	40	s	n
1	290	14	14	24	s	n
1	290	14	15	25	s	n
1	290	14	16	34	s	n
1	290	14	17	29	s	n
1	290	14	18	30	s	n
1	290	14	19	27	s	n
1	290	14	20	35	s	n
1	290	14	21	51	s	n
1	290	14	22	42	s	n
1	290	14	23	48	s	n
1	290	14	24	41	s	n
1	290	14	25	46	s	n
1	290	14	26	46	s	n
1	290	14	27	49	s	n
1	290	14	28	51	s	n
1	290	14	29	42	s	n
1	290	14	30	44	s	n
1	290	14	31	40	s	n
1	290	14	32	46	s	n
1	290	14	33	32	s	n
1	290	14	34	34	s	n
1	290	14	35	35	s	n
1	290	14	36	37	s	n
1	290	14	37	34	s	n
1	290	14	38	34	s	n
1	290	14	39	31	s	n
1	290	14	40	40	s	n
1	290	14	41	28	s	n
1	290	14	42	39	s	n
1	290	14	43	31	s	n
1	290	14	44	17	s	n
1	290	14	45	43	s	n
1	290	14	46	31	s	n
1	290	14	47	25	s	n
1	290	14	48	35	s	n
1	290	14	49	33	s	n
1	290	14	50	30	s	n
1	290	15	1	40	s	n
1	290	15	2	42	s	n
1	290	15	3	42	s	n
1	290	15	4	44	s	n
1	290	15	5	36	s	n
1	290	15	6	28	s	n
1	290	15	7	41	s	n
1	290	15	8	34	s	n
1	290	15	9	33	s	n
1	290	15	10	41	s	n
1	290	15	11	38	s	n
1	290	15	12	35	s	n
1	290	15	13	34	s	n
1	290	15	14	25	s	n
1	290	15	15	28	s	n
1	290	15	16	28	s	n
1	290	15	17	38	s	n
1	290	15	18	33	s	n
1	290	15	19	29	s	n
1	290	15	20	34	s	n
1	290	15	21	48	s	n
1	290	15	22	43	s	n
1	290	15	23	28	s	n
1	290	15	24	42	s	n
1	290	15	25	44	s	n
1	290	15	26	43	s	n
1	290	15	27	44	s	n
1	290	15	28	35	s	n
1	290	15	29	44	s	n
1	290	15	30	53	s	n
1	290	15	31	43	s	n
1	290	15	32	36	s	n
1	290	15	33	39	s	n
1	290	15	34	33	s	n
1	290	15	35	32	s	n
1	290	15	36	34	s	n
1	290	15	37	37	s	n
1	290	15	38	37	s	n
1	290	15	39	40	s	n
1	290	15	40	43	s	n
1	290	15	41	41	s	n
1	290	15	42	39	s	n
1	290	15	43	25	s	n
1	290	15	44	35	s	n
1	290	15	45	33	s	n
1	290	15	46	39	s	n
1	290	15	47	36	s	n
1	290	15	48	36	s	n
1	290	15	49	33	s	n
1	290	15	50	40	s	n
1	290	16	1	44	s	n
1	290	16	2	42	s	n
1	290	16	3	44	s	n
1	290	16	4	40	s	n
1	290	16	5	44	s	n
1	290	16	6	38	s	n
1	290	16	7	34	s	n
1	290	16	8	26	s	n
1	290	16	9	36	s	n
1	290	16	10	33	s	n
1	290	16	11	28	s	n
1	290	16	12	33	s	n
1	290	16	13	28	s	n
1	290	16	14	30	s	n
1	290	16	15	25	s	n
1	290	16	16	28	s	n
1	290	16	17	29	s	n
1	290	16	18	27	s	n
1	290	16	19	31	s	n
1	290	16	20	37	s	n
1	290	16	21	47	s	n
1	290	16	22	50	s	n
1	290	16	23	39	s	n
1	290	16	24	42	s	n
1	290	16	25	47	s	n
1	290	16	26	37	s	n
1	290	16	27	41	s	n
1	290	16	28	38	s	n
1	290	16	29	38	s	n
1	290	16	30	39	s	n
1	290	16	31	42	s	n
1	290	16	32	31	s	n
1	290	16	33	36	s	n
1	290	16	34	20	s	n
1	290	16	35	39	s	n
1	290	16	36	32	s	n
1	290	16	37	34	s	n
1	290	16	38	36	s	n
1	290	16	39	33	s	n
1	290	16	40	39	s	n
1	290	16	41	34	s	n
1	290	16	42	35	s	n
1	290	16	43	36	s	n
1	290	16	44	32	s	n
1	290	16	45	24	s	n
1	290	16	46	27	s	n
1	290	16	47	35	s	n
1	290	16	48	40	s	n
1	290	16	49	34	s	n
1	290	16	50	38	s	n
1	290	17	1	42	s	n
1	290	17	2	47	s	n
1	290	17	3	37	s	n
1	290	17	4	45	s	n
1	290	17	5	41	s	n
1	290	17	6	41	s	n
1	290	17	7	32	s	n
1	290	17	8	34	s	n
1	290	17	9	31	s	n
1	290	17	10	30	s	n
1	290	17	11	28	s	n
1	290	17	12	36	s	n
1	290	17	13	32	s	n
1	290	17	14	21	s	n
1	290	17	15	28	s	n
1	290	17	16	32	s	n
1	290	17	17	31	s	n
1	290	17	18	30	s	n
1	290	17	19	46	s	n
1	290	17	20	30	s	n
1	290	17	21	36	s	n
1	290	17	22	47	s	n
1	290	17	23	46	s	n
1	290	17	24	44	s	n
1	290	17	25	40	s	n
1	290	17	26	39	s	n
1	290	17	27	39	s	n
1	290	17	28	43	s	n
1	290	17	29	33	s	n
1	290	17	30	41	s	n
1	290	17	31	29	s	n
1	290	17	32	38	s	n
1	290	17	33	29	s	n
1	290	17	34	41	s	n
1	290	17	35	26	s	n
1	290	17	36	42	s	n
1	290	17	37	36	s	n
1	290	17	38	40	s	n
1	290	17	39	32	s	n
1	290	17	40	43	s	n
1	290	17	41	39	s	n
1	290	17	42	35	s	n
1	290	17	43	30	s	n
1	290	17	44	40	s	n
1	290	17	45	31	s	n
1	290	17	46	34	s	n
1	290	17	47	41	s	n
1	290	17	48	41	s	n
1	290	17	49	38	s	n
1	290	17	50	45	s	n
1	290	18	1	42	s	n
1	290	18	2	34	s	n
1	290	18	3	48	s	n
1	290	18	4	39	s	n
1	290	18	5	37	s	n
1	290	18	6	45	s	n
1	290	18	7	37	s	n
1	290	18	8	26	s	n
1	290	18	9	25	s	n
1	290	18	10	39	s	n
1	290	18	11	32	s	n
1	290	18	12	38	s	n
1	290	18	13	31	s	n
1	290	18	14	28	s	n
1	290	18	15	28	s	n
1	290	18	16	21	s	n
1	290	18	17	32	s	n
1	290	18	18	33	s	n
1	290	18	19	37	s	n
1	290	18	20	50	s	n
1	290	18	21	36	s	n
1	290	18	22	34	s	n
1	290	18	23	47	s	n
1	290	18	24	29	s	n
1	290	18	25	41	s	n
1	290	18	26	36	s	n
1	290	18	27	39	s	n
1	290	18	28	32	s	n
1	290	18	29	33	s	n
1	290	18	30	29	s	n
1	290	18	31	39	s	n
1	290	18	32	43	s	n
1	290	18	33	36	s	n
1	290	18	34	30	s	n
1	290	18	35	29	s	n
1	290	18	36	37	s	n
1	290	18	37	29	s	n
1	290	18	38	30	s	n
1	290	18	39	39	s	n
1	290	18	40	28	s	n
1	290	18	41	27	s	n
1	290	18	42	43	s	n
1	290	18	43	28	s	n
1	290	18	44	45	s	n
1	290	18	45	39	s	n
1	290	18	46	37	s	n
1	290	18	47	46	s	n
1	290	18	48	42	s	n
1	290	18	49	32	s	n
1	290	18	50	36	s	n
1	290	19	1	39	s	n
1	290	19	2	43	s	n
1	290	19	3	42	s	n
1	290	19	4	37	s	n
1	290	19	5	33	s	n
1	290	19	6	38	s	n
1	290	19	7	32	s	n
1	290	19	8	38	s	n
1	290	19	9	32	s	n
1	290	19	10	40	s	n
1	290	19	11	29	s	n
1	290	19	12	32	s	n
1	290	19	13	33	s	n
1	290	19	14	31	s	n
1	290	19	15	33	s	n
1	290	19	16	32	s	n
1	290	19	17	36	s	n
1	290	19	18	38	s	n
1	290	19	19	38	s	n
1	290	19	20	36	s	n
1	290	19	21	53	s	n
1	290	19	22	45	s	n
1	290	19	23	48	s	n
1	290	19	24	40	s	n
1	290	19	25	43	s	n
1	290	19	26	37	s	n
1	290	19	27	30	s	n
1	290	19	28	41	s	n
1	290	19	29	34	s	n
1	290	19	30	28	s	n
1	290	19	31	32	s	n
1	290	19	32	39	s	n
1	290	19	33	30	s	n
1	290	19	34	37	s	n
1	290	19	35	37	s	n
1	290	19	36	42	s	n
1	290	19	37	41	s	n
1	290	19	38	34	s	n
1	290	19	39	45	s	n
1	290	19	40	36	s	n
1	290	19	41	36	s	n
1	290	19	42	36	s	n
1	290	19	43	28	s	n
1	290	19	44	35	s	n
1	290	19	45	36	s	n
1	290	19	46	37	s	n
1	290	19	47	31	s	n
1	290	19	48	44	s	n
1	290	19	49	38	s	n
1	290	19	50	44	s	n
1	290	20	1	45	s	n
1	290	20	2	40	s	n
1	290	20	3	39	s	n
1	290	20	4	39	s	n
1	290	20	5	43	s	n
1	290	20	6	40	s	n
1	290	20	7	36	s	n
1	290	20	8	39	s	n
1	290	20	9	33	s	n
1	290	20	10	23	s	n
1	290	20	11	30	s	n
1	290	20	12	28	s	n
1	290	20	13	31	s	n
1	290	20	14	27	s	n
1	290	20	15	36	s	n
1	290	20	16	40	s	n
1	290	20	17	36	s	n
1	290	20	18	35	s	n
1	290	20	19	35	s	n
1	290	20	20	49	s	n
1	290	20	21	47	s	n
1	290	20	22	52	s	n
1	290	20	23	27	s	n
1	290	20	24	32	s	n
1	290	20	25	40	s	n
1	290	20	26	33	s	n
1	290	20	27	38	s	n
1	290	20	28	37	s	n
1	290	20	29	30	s	n
1	290	20	30	33	s	n
1	290	20	31	43	s	n
1	290	20	32	42	s	n
1	290	20	33	36	s	n
1	290	20	34	33	s	n
1	290	20	35	30	s	n
1	290	20	36	52	s	n
1	290	20	37	36	s	n
1	290	20	38	31	s	n
1	290	20	39	30	s	n
1	290	20	40	39	s	n
1	290	20	41	36	s	n
1	290	20	42	36	s	n
1	290	20	43	37	s	n
1	290	20	44	35	s	n
1	290	20	45	48	s	n
1	290	20	46	32	s	n
1	290	20	47	39	s	n
1	290	20	48	42	s	n
1	290	20	49	35	s	n
1	290	20	50	35	s	n
1	300	1	1	37	s	n
1	300	1	2	37	s	n
1	300	1	3	35	s	n
1	300	1	4	30	s	n
1	300	1	5	34	s	n
1	300	1	6	33	s	n
1	300	1	7	34	s	n
1	300	1	8	36	s	n
1	300	1	9	28	s	n
1	300	1	10	47	s	n
1	300	1	11	38	s	n
1	300	1	12	30	s	n
1	300	1	13	31	s	n
1	300	1	14	42	s	n
1	300	1	15	35	s	n
1	300	1	16	39	s	n
1	300	1	17	45	s	n
1	300	1	18	37	s	n
1	300	1	19	35	s	n
1	300	1	20	38	s	n
1	300	1	21	38	s	n
1	300	1	22	44	s	n
1	300	1	23	52	s	n
1	300	1	24	47	s	n
1	300	1	25	35	s	n
1	300	1	26	35	s	n
1	300	1	27	34	s	n
1	300	1	28	30	s	n
1	300	1	29	29	s	n
1	300	1	30	27	s	n
1	300	1	31	42	s	n
1	300	1	32	40	s	n
1	300	1	33	37	s	n
1	300	1	34	28	s	n
1	300	1	35	39	s	n
1	300	1	36	38	s	n
1	300	1	37	46	s	n
1	300	1	38	44	s	n
1	300	1	39	43	s	n
1	300	1	40	34	s	n
1	300	1	41	39	s	n
1	300	1	42	32	s	n
1	300	1	43	29	s	n
1	300	1	44	27	s	n
1	300	1	45	28	s	n
1	300	1	46	31	s	n
1	300	1	47	37	s	n
1	300	1	48	37	s	n
1	300	1	49	31	s	n
1	300	1	50	29	s	n
1	300	2	1	39	s	n
1	300	2	2	32	s	n
1	300	2	3	33	s	n
1	300	2	4	23	s	n
1	300	2	5	35	s	n
1	300	2	6	39	s	n
1	300	2	7	35	s	n
1	300	2	8	46	s	n
1	300	2	9	39	s	n
1	300	2	10	36	s	n
1	300	2	11	42	s	n
1	300	2	12	28	s	n
1	300	2	13	34	s	n
1	300	2	14	34	s	n
1	300	2	15	37	s	n
1	300	2	16	46	s	n
1	300	2	17	42	s	n
1	300	2	18	36	s	n
1	300	2	19	42	s	n
1	300	2	20	34	s	n
1	300	2	21	35	s	n
1	300	2	22	45	s	n
1	300	2	23	46	s	n
1	300	2	24	41	s	n
1	300	2	25	42	s	n
1	300	2	26	33	s	n
1	300	2	27	37	s	n
1	300	2	28	36	s	n
1	300	2	29	37	s	n
1	300	2	30	33	s	n
1	300	2	31	43	s	n
1	300	2	32	40	s	n
1	300	2	33	38	s	n
1	300	2	34	42	s	n
1	300	2	35	46	s	n
1	300	2	36	45	s	n
1	300	2	37	45	s	n
1	300	2	38	50	s	n
1	300	2	39	37	s	n
1	300	2	40	34	s	n
1	300	2	41	42	s	n
1	300	2	42	33	s	n
1	300	2	43	34	s	n
1	300	2	44	31	s	n
1	300	2	45	31	s	n
1	300	2	46	25	s	n
1	300	2	47	29	s	n
1	300	2	48	36	s	n
1	300	2	49	29	s	n
1	300	2	50	33	s	n
1	300	3	1	32	s	n
1	300	3	2	35	s	n
1	300	3	3	36	s	n
1	300	3	4	34	s	n
1	300	3	5	31	s	n
1	300	3	6	38	s	n
1	300	3	7	38	s	n
1	300	3	8	38	s	n
1	300	3	9	37	s	n
1	300	3	10	44	s	n
1	300	3	11	42	s	n
1	300	3	12	39	s	n
1	300	3	13	32	s	n
1	300	3	14	39	s	n
1	300	3	15	37	s	n
1	300	3	16	42	s	n
1	300	3	17	30	s	n
1	300	3	18	35	s	n
1	300	3	19	37	s	n
1	300	3	20	46	s	n
1	300	3	21	40	s	n
1	300	3	22	42	s	n
1	300	3	23	59	s	n
1	300	3	24	40	s	n
1	300	3	25	30	s	n
1	300	3	26	31	s	n
1	300	3	27	24	s	n
1	300	3	28	32	s	n
1	300	3	29	34	s	n
1	300	3	30	29	s	n
1	300	3	31	40	s	n
1	300	3	32	36	s	n
1	300	3	33	46	s	n
1	300	3	34	36	s	n
1	300	3	35	46	s	n
1	300	3	36	43	s	n
1	300	3	37	49	s	n
1	300	3	38	52	s	n
1	300	3	39	41	s	n
1	300	3	40	33	s	n
1	300	3	41	37	s	n
1	300	3	42	31	s	n
1	300	3	43	36	s	n
1	300	3	44	30	s	n
1	300	3	45	23	s	n
1	300	3	46	36	s	n
1	300	3	47	34	s	n
1	300	3	48	33	s	n
1	300	3	49	35	s	n
1	300	3	50	35	s	n
1	300	4	1	33	s	n
1	300	4	2	29	s	n
1	300	4	3	34	s	n
1	300	4	4	32	s	n
1	300	4	5	27	s	n
1	300	4	6	37	s	n
1	300	4	7	42	s	n
1	300	4	8	36	s	n
1	300	4	9	41	s	n
1	300	4	10	37	s	n
1	300	4	11	43	s	n
1	300	4	12	33	s	n
1	300	4	13	35	s	n
1	300	4	14	38	s	n
1	300	4	15	36	s	n
1	300	4	16	39	s	n
1	300	4	17	40	s	n
1	300	4	18	35	s	n
1	300	4	19	39	s	n
1	300	4	20	35	s	n
1	300	4	21	31	s	n
1	300	4	22	52	s	n
1	300	4	23	38	s	n
1	300	4	24	35	s	n
1	300	4	25	38	s	n
1	300	4	26	36	s	n
1	300	4	27	43	s	n
1	300	4	28	35	s	n
1	300	4	29	39	s	n
1	300	4	30	36	s	n
1	300	4	31	39	s	n
1	300	4	32	41	s	n
1	300	4	33	50	s	n
1	300	4	34	50	s	n
1	300	4	35	38	s	n
1	300	4	36	49	s	n
1	300	4	37	47	s	n
1	300	4	38	44	s	n
1	300	4	39	42	s	n
1	300	4	40	43	s	n
1	300	4	41	33	s	n
1	300	4	42	37	s	n
1	300	4	43	32	s	n
1	300	4	44	32	s	n
1	300	4	45	28	s	n
1	300	4	46	30	s	n
1	300	4	47	30	s	n
1	300	4	48	32	s	n
1	300	4	49	26	s	n
1	300	4	50	37	s	n
1	300	5	1	36	s	n
1	300	5	2	34	s	n
1	300	5	3	31	s	n
1	300	5	4	31	s	n
1	300	5	5	37	s	n
1	300	5	6	37	s	n
1	300	5	7	37	s	n
1	300	5	8	30	s	n
1	300	5	9	39	s	n
1	300	5	10	43	s	n
1	300	5	11	35	s	n
1	300	5	12	34	s	n
1	300	5	13	37	s	n
1	300	5	14	44	s	n
1	300	5	15	39	s	n
1	300	5	16	30	s	n
1	300	5	17	35	s	n
1	300	5	18	33	s	n
1	300	5	19	30	s	n
1	300	5	20	41	s	n
1	300	5	21	51	s	n
1	300	5	22	42	s	n
1	300	5	23	23	s	n
1	300	5	24	35	s	n
1	300	5	25	32	s	n
1	300	5	26	34	s	n
1	300	5	27	40	s	n
1	300	5	28	35	s	n
1	300	5	29	35	s	n
1	300	5	30	44	s	n
1	300	5	31	42	s	n
1	300	5	32	41	s	n
1	300	5	33	47	s	n
1	300	5	34	43	s	n
1	300	5	35	47	s	n
1	300	5	36	36	s	n
1	300	5	37	42	s	n
1	300	5	38	46	s	n
1	300	5	39	45	s	n
1	300	5	40	31	s	n
1	300	5	41	45	s	n
1	300	5	42	36	s	n
1	300	5	43	37	s	n
1	300	5	44	27	s	n
1	300	5	45	33	s	n
1	300	5	46	36	s	n
1	300	5	47	36	s	n
1	300	5	48	30	s	n
1	300	5	49	34	s	n
1	300	5	50	40	s	n
1	300	6	1	26	s	n
1	300	6	2	37	s	n
1	300	6	3	26	s	n
1	300	6	4	34	s	n
1	300	6	5	26	s	n
1	300	6	6	34	s	n
1	300	6	7	34	s	n
1	300	6	8	33	s	n
1	300	6	9	33	s	n
1	300	6	10	38	s	n
1	300	6	11	27	s	n
1	300	6	12	38	s	n
1	300	6	13	30	s	n
1	300	6	14	40	s	n
1	300	6	15	27	s	n
1	300	6	16	32	s	n
1	300	6	17	27	s	n
1	300	6	18	38	s	n
1	300	6	19	25	s	n
1	300	6	20	34	s	n
1	300	6	21	39	s	n
1	300	6	22	30	s	n
1	300	6	23	33	s	n
1	300	6	24	31	s	n
1	300	6	25	29	s	n
1	300	6	26	39	s	n
1	300	6	27	39	s	n
1	300	6	28	34	s	n
1	300	6	29	33	s	n
1	300	6	30	26	s	n
1	300	6	31	46	s	n
1	300	6	32	46	s	n
1	300	6	33	46	s	n
1	300	6	34	52	s	n
1	300	6	35	42	s	n
1	300	6	36	44	s	n
1	300	6	37	43	s	n
1	300	6	38	34	s	n
1	300	6	39	44	s	n
1	300	6	40	29	s	n
1	300	6	41	35	s	n
1	300	6	42	25	s	n
1	300	6	43	27	s	n
1	300	6	44	36	s	n
1	300	6	45	23	s	n
1	300	6	46	38	s	n
1	300	6	47	26	s	n
1	300	6	48	34	s	n
1	300	6	49	36	s	n
1	300	6	50	32	s	n
1	300	7	1	24	s	n
1	300	7	2	32	s	n
1	300	7	3	35	s	n
1	300	7	4	39	s	n
1	300	7	5	34	s	n
1	300	7	6	45	s	n
1	300	7	7	40	s	n
1	300	7	8	50	s	n
1	300	7	9	40	s	n
1	300	7	10	34	s	n
1	300	7	11	38	s	n
1	300	7	12	39	s	n
1	300	7	13	31	s	n
1	300	7	14	27	s	n
1	300	7	15	39	s	n
1	300	7	16	29	s	n
1	300	7	17	33	s	n
1	300	7	18	35	s	n
1	300	7	19	33	s	n
1	300	7	20	44	s	n
1	300	7	21	39	s	n
1	300	7	22	38	s	n
1	300	7	23	31	s	n
1	300	7	24	38	s	n
1	300	7	25	34	s	n
1	300	7	26	32	s	n
1	300	7	27	33	s	n
1	300	7	28	38	s	n
1	300	7	29	41	s	n
1	300	7	30	41	s	n
1	300	7	31	52	s	n
1	300	7	32	45	s	n
1	300	7	33	44	s	n
1	300	7	34	46	s	n
1	300	7	35	54	s	n
1	300	7	36	44	s	n
1	300	7	37	31	s	n
1	300	7	38	39	s	n
1	300	7	39	41	s	n
1	300	7	40	36	s	n
1	300	7	41	34	s	n
1	300	7	42	34	s	n
1	300	7	43	29	s	n
1	300	7	44	33	s	n
1	300	7	45	32	s	n
1	300	7	46	28	s	n
1	300	7	47	27	s	n
1	300	7	48	27	s	n
1	300	7	49	34	s	n
1	300	7	50	35	s	n
1	300	8	1	32	s	n
1	300	8	2	33	s	n
1	300	8	3	38	s	n
1	300	8	4	28	s	n
1	300	8	5	25	s	n
1	300	8	6	35	s	n
1	300	8	7	44	s	n
1	300	8	8	35	s	n
1	300	8	9	38	s	n
1	300	8	10	38	s	n
1	300	8	11	33	s	n
1	300	8	12	45	s	n
1	300	8	13	31	s	n
1	300	8	14	36	s	n
1	300	8	15	33	s	n
1	300	8	16	45	s	n
1	300	8	17	29	s	n
1	300	8	18	24	s	n
1	300	8	19	19	s	n
1	300	8	20	34	s	n
1	300	8	21	42	s	n
1	300	8	22	30	s	n
1	300	8	23	24	s	n
1	300	8	24	23	s	n
1	300	8	25	34	s	n
1	300	8	26	40	s	n
1	300	8	27	35	s	n
1	300	8	28	31	s	n
1	300	8	29	33	s	n
1	300	8	30	53	s	n
1	300	8	31	35	s	n
1	300	8	32	40	s	n
1	300	8	33	40	s	n
1	300	8	34	55	s	n
1	300	8	35	37	s	n
1	300	8	36	35	s	n
1	300	8	37	36	s	n
1	300	8	38	42	s	n
1	300	8	39	35	s	n
1	300	8	40	38	s	n
1	300	8	41	40	s	n
1	300	8	42	40	s	n
1	300	8	43	36	s	n
1	300	8	44	28	s	n
1	300	8	45	33	s	n
1	300	8	46	28	s	n
1	300	8	47	38	s	n
1	300	8	48	31	s	n
1	300	8	49	29	s	n
1	300	8	50	28	s	n
1	300	9	1	34	s	n
1	300	9	2	37	s	n
1	300	9	3	38	s	n
1	300	9	4	36	s	n
1	300	9	5	35	s	n
1	300	9	6	28	s	n
1	300	9	7	36	s	n
1	300	9	8	37	s	n
1	300	9	9	47	s	n
1	300	9	10	39	s	n
1	300	9	11	37	s	n
1	300	9	12	38	s	n
1	300	9	13	30	s	n
1	300	9	14	36	s	n
1	300	9	15	27	s	n
1	300	9	16	34	s	n
1	300	9	17	23	s	n
1	300	9	18	26	s	n
1	300	9	19	36	s	n
1	300	9	20	34	s	n
1	300	9	21	32	s	n
1	300	9	22	34	s	n
1	300	9	23	29	s	n
1	300	9	24	30	s	n
1	300	9	25	28	s	n
1	300	9	26	49	s	n
1	300	9	27	51	s	n
1	300	9	28	39	s	n
1	300	9	29	46	s	n
1	300	9	30	45	s	n
1	300	9	31	44	s	n
1	300	9	32	46	s	n
1	300	9	33	44	s	n
1	300	9	34	47	s	n
1	300	9	35	57	s	n
1	300	9	36	50	s	n
1	300	9	37	39	s	n
1	300	9	38	41	s	n
1	300	9	39	34	s	n
1	300	9	40	37	s	n
1	300	9	41	36	s	n
1	300	9	42	34	s	n
1	300	9	43	34	s	n
1	300	9	44	34	s	n
1	300	9	45	22	s	n
1	300	9	46	30	s	n
1	300	9	47	38	s	n
1	300	9	48	32	s	n
1	300	9	49	39	s	n
1	300	9	50	37	s	n
1	300	10	1	26	s	n
1	300	10	2	37	s	n
1	300	10	3	29	s	n
1	300	10	4	32	s	n
1	300	10	5	29	s	n
1	300	10	6	27	s	n
1	300	10	7	39	s	n
1	300	10	8	26	s	n
1	300	10	9	38	s	n
1	300	10	10	35	s	n
1	300	10	11	41	s	n
1	300	10	12	24	s	n
1	300	10	13	35	s	n
1	300	10	14	33	s	n
1	300	10	15	33	s	n
1	300	10	16	28	s	n
1	300	10	17	27	s	n
1	300	10	18	22	s	n
1	300	10	19	30	s	n
1	300	10	20	34	s	n
1	300	10	21	35	s	n
1	300	10	22	44	s	n
1	300	10	23	44	s	n
1	300	10	24	35	s	n
1	300	10	25	38	s	n
1	300	10	26	53	s	n
1	300	10	27	42	s	n
1	300	10	28	46	s	n
1	300	10	29	40	s	n
1	300	10	30	51	s	n
1	300	10	31	37	s	n
1	300	10	32	33	s	n
1	300	10	33	39	s	n
1	300	10	34	48	s	n
1	300	10	35	42	s	n
1	300	10	36	48	s	n
1	300	10	37	47	s	n
1	300	10	38	51	s	n
1	300	10	39	50	s	n
1	300	10	40	34	s	n
1	300	10	41	29	s	n
1	300	10	42	35	s	n
1	300	10	43	38	s	n
1	300	10	44	44	s	n
1	300	10	45	33	s	n
1	300	10	46	38	s	n
1	300	10	47	35	s	n
1	300	10	48	31	s	n
1	300	10	49	35	s	n
1	300	10	50	36	s	n
1	300	11	1	32	s	n
1	300	11	2	36	s	n
1	300	11	3	33	s	n
1	300	11	4	37	s	n
1	300	11	5	43	s	n
1	300	11	6	29	s	n
1	300	11	7	33	s	n
1	300	11	8	37	s	n
1	300	11	9	40	s	n
1	300	11	10	32	s	n
1	300	11	11	27	s	n
1	300	11	12	33	s	n
1	300	11	13	38	s	n
1	300	11	14	30	s	n
1	300	11	15	31	s	n
1	300	11	16	28	s	n
1	300	11	17	28	s	n
1	300	11	18	37	s	n
1	300	11	19	23	s	n
1	300	11	20	49	s	n
1	300	11	21	36	s	n
1	300	11	22	31	s	n
1	300	11	23	52	s	n
1	300	11	24	41	s	n
1	300	11	25	42	s	n
1	300	11	26	43	s	n
1	300	11	27	40	s	n
1	300	11	28	42	s	n
1	300	11	29	40	s	n
1	300	11	30	38	s	n
1	300	11	31	39	s	n
1	300	11	32	41	s	n
1	300	11	33	48	s	n
1	300	11	34	51	s	n
1	300	11	35	52	s	n
1	300	11	36	46	s	n
1	300	11	37	44	s	n
1	300	11	38	43	s	n
1	300	11	39	42	s	n
1	300	11	40	33	s	n
1	300	11	41	36	s	n
1	300	11	42	34	s	n
1	300	11	43	34	s	n
1	300	11	44	36	s	n
1	300	11	45	38	s	n
1	300	11	46	36	s	n
1	300	11	47	29	s	n
1	300	11	48	37	s	n
1	300	11	49	24	s	n
1	300	11	50	28	s	n
1	300	12	1	44	s	n
1	300	12	2	36	s	n
1	300	12	3	28	s	n
1	300	12	4	36	s	n
1	300	12	5	46	s	n
1	300	12	6	28	s	n
1	300	12	7	25	s	n
1	300	12	8	24	s	n
1	300	12	9	32	s	n
1	300	12	10	28	s	n
1	300	12	11	22	s	n
1	300	12	12	28	s	n
1	300	12	13	27	s	n
1	300	12	14	35	s	n
1	300	12	15	32	s	n
1	300	12	16	32	s	n
1	300	12	17	36	s	n
1	300	12	18	31	s	n
1	300	12	19	31	s	n
1	300	12	20	25	s	n
1	300	12	21	46	s	n
1	300	12	22	42	s	n
1	300	12	23	46	s	n
1	300	12	24	43	s	n
1	300	12	25	48	s	n
1	300	12	26	31	s	n
1	300	12	27	47	s	n
1	300	12	28	45	s	n
1	300	12	29	39	s	n
1	300	12	30	45	s	n
1	300	12	31	38	s	n
1	300	12	32	33	s	n
1	300	12	33	44	s	n
1	300	12	34	53	s	n
1	300	12	35	34	s	n
1	300	12	36	47	s	n
1	300	12	37	54	s	n
1	300	12	38	43	s	n
1	300	12	39	31	s	n
1	300	12	40	27	s	n
1	300	12	41	33	s	n
1	300	12	42	37	s	n
1	300	12	43	38	s	n
1	300	12	44	38	s	n
1	300	12	45	37	s	n
1	300	12	46	39	s	n
1	300	12	47	30	s	n
1	300	12	48	38	s	n
1	300	12	49	38	s	n
1	300	12	50	31	s	n
1	300	13	1	42	s	n
1	300	13	2	39	s	n
1	300	13	3	29	s	n
1	300	13	4	42	s	n
1	300	13	5	35	s	n
1	300	13	6	45	s	n
1	300	13	7	35	s	n
1	300	13	8	37	s	n
1	300	13	9	25	s	n
1	300	13	10	29	s	n
1	300	13	11	32	s	n
1	300	13	12	26	s	n
1	300	13	13	32	s	n
1	300	13	14	34	s	n
1	300	13	15	30	s	n
1	300	13	16	28	s	n
1	300	13	17	32	s	n
1	300	13	18	25	s	n
1	300	13	19	23	s	n
1	300	13	20	22	s	n
1	300	13	21	31	s	n
1	300	13	22	45	s	n
1	300	13	23	40	s	n
1	300	13	24	42	s	n
1	300	13	25	45	s	n
1	300	13	26	52	s	n
1	300	13	27	46	s	n
1	300	13	28	41	s	n
1	300	13	29	36	s	n
1	300	13	30	34	s	n
1	300	13	31	32	s	n
1	300	13	32	41	s	n
1	300	13	33	32	s	n
1	300	13	34	41	s	n
1	300	13	35	48	s	n
1	300	13	36	33	s	n
1	300	13	37	36	s	n
1	300	13	38	41	s	n
1	300	13	39	35	s	n
1	300	13	40	49	s	n
1	300	13	41	30	s	n
1	300	13	42	32	s	n
1	300	13	43	35	s	n
1	300	13	44	39	s	n
1	300	13	45	27	s	n
1	300	13	46	36	s	n
1	300	13	47	25	s	n
1	300	13	48	32	s	n
1	300	13	49	37	s	n
1	300	13	50	37	s	n
1	300	14	1	32	s	n
1	300	14	2	36	s	n
1	300	14	3	36	s	n
1	300	14	4	37	s	n
1	300	14	5	33	s	n
1	300	14	6	38	s	n
1	300	14	7	24	s	n
1	300	14	8	31	s	n
1	300	14	9	25	s	n
1	300	14	10	30	s	n
1	300	14	11	26	s	n
1	300	14	12	33	s	n
1	300	14	13	25	s	n
1	300	14	14	34	s	n
1	300	14	15	30	s	n
1	300	14	16	33	s	n
1	300	14	17	29	s	n
1	300	14	18	35	s	n
1	300	14	19	33	s	n
1	300	14	20	33	s	n
1	300	14	21	39	s	n
1	300	14	22	35	s	n
1	300	14	23	39	s	n
1	300	14	24	36	s	n
1	300	14	25	45	s	n
1	300	14	26	53	s	n
1	300	14	27	38	s	n
1	300	14	28	58	s	n
1	300	14	29	36	s	n
1	300	14	30	36	s	n
1	300	14	31	37	s	n
1	300	14	32	33	s	n
1	300	14	33	35	s	n
1	300	14	34	34	s	n
1	300	14	35	27	s	n
1	300	14	36	38	s	n
1	300	14	37	28	s	n
1	300	14	38	39	s	n
1	300	14	39	38	s	n
1	300	14	40	38	s	n
1	300	14	41	35	s	n
1	300	14	42	26	s	n
1	300	14	43	31	s	n
1	300	14	44	26	s	n
1	300	14	45	23	s	n
1	300	14	46	35	s	n
1	300	14	47	24	s	n
1	300	14	48	43	s	n
1	300	14	49	37	s	n
1	300	14	50	33	s	n
1	300	15	1	31	s	n
1	300	15	2	34	s	n
1	300	15	3	34	s	n
1	300	15	4	37	s	n
1	300	15	5	33	s	n
1	300	15	6	29	s	n
1	300	15	7	35	s	n
1	300	15	8	28	s	n
1	300	15	9	33	s	n
1	300	15	10	28	s	n
1	300	15	11	23	s	n
1	300	15	12	35	s	n
1	300	15	13	27	s	n
1	300	15	14	31	s	n
1	300	15	15	38	s	n
1	300	15	16	32	s	n
1	300	15	17	35	s	n
1	300	15	18	31	s	n
1	300	15	19	32	s	n
1	300	15	20	38	s	n
1	300	15	21	35	s	n
1	300	15	22	36	s	n
1	300	15	23	36	s	n
1	300	15	24	40	s	n
1	300	15	25	40	s	n
1	300	15	26	47	s	n
1	300	15	27	38	s	n
1	300	15	28	39	s	n
1	300	15	29	40	s	n
1	300	15	30	33	s	n
1	300	15	31	34	s	n
1	300	15	32	33	s	n
1	300	15	33	33	s	n
1	300	15	34	34	s	n
1	300	15	35	32	s	n
1	300	15	36	38	s	n
1	300	15	37	40	s	n
1	300	15	38	37	s	n
1	300	15	39	36	s	n
1	300	15	40	19	s	n
1	300	15	41	17	s	n
1	300	15	42	31	s	n
1	300	15	43	30	s	n
1	300	15	44	23	s	n
1	300	15	45	24	s	n
1	300	15	46	34	s	n
1	300	15	47	37	s	n
1	300	15	48	29	s	n
1	300	15	49	27	s	n
1	300	15	50	34	s	n
1	300	16	1	36	s	n
1	300	16	2	40	s	n
1	300	16	3	34	s	n
1	300	16	4	40	s	n
1	300	16	5	37	s	n
1	300	16	6	30	s	n
1	300	16	7	29	s	n
1	300	16	8	38	s	n
1	300	16	9	45	s	n
1	300	16	10	35	s	n
1	300	16	11	30	s	n
1	300	16	12	30	s	n
1	300	16	13	30	s	n
1	300	16	14	30	s	n
1	300	16	15	34	s	n
1	300	16	16	31	s	n
1	300	16	17	36	s	n
1	300	16	18	38	s	n
1	300	16	19	36	s	n
1	300	16	20	44	s	n
1	300	16	21	51	s	n
1	300	16	22	39	s	n
1	300	16	23	46	s	n
1	300	16	24	33	s	n
1	300	16	25	49	s	n
1	300	16	26	47	s	n
1	300	16	27	42	s	n
1	300	16	28	40	s	n
1	300	16	29	35	s	n
1	300	16	30	43	s	n
1	300	16	31	34	s	n
1	300	16	32	34	s	n
1	300	16	33	30	s	n
1	300	16	34	33	s	n
1	300	16	35	39	s	n
1	300	16	36	37	s	n
1	300	16	37	30	s	n
1	300	16	38	28	s	n
1	300	16	39	21	s	n
1	300	16	40	26	s	n
1	300	16	41	32	s	n
1	300	16	42	42	s	n
1	300	16	43	35	s	n
1	300	16	44	27	s	n
1	300	16	45	41	s	n
1	300	16	46	30	s	n
1	300	16	47	36	s	n
1	300	16	48	37	s	n
1	300	16	49	40	s	n
1	300	16	50	30	s	n
1	300	17	1	40	s	n
1	300	17	2	29	s	n
1	300	17	3	46	s	n
1	300	17	4	42	s	n
1	300	17	5	38	s	n
1	300	17	6	33	s	n
1	300	17	7	32	s	n
1	300	17	8	30	s	n
1	300	17	9	43	s	n
1	300	17	10	35	s	n
1	300	17	11	31	s	n
1	300	17	12	32	s	n
1	300	17	13	30	s	n
1	300	17	14	28	s	n
1	300	17	15	37	s	n
1	300	17	16	29	s	n
1	300	17	17	35	s	n
1	300	17	18	32	s	n
1	300	17	19	40	s	n
1	300	17	20	43	s	n
1	300	17	21	41	s	n
1	300	17	22	39	s	n
1	300	17	23	32	s	n
1	300	17	24	41	s	n
1	300	17	25	49	s	n
1	300	17	26	46	s	n
1	300	17	27	29	s	n
1	300	17	28	56	s	n
1	300	17	29	52	s	n
1	300	17	30	30	s	n
1	300	17	31	33	s	n
1	300	17	32	36	s	n
1	300	17	33	30	s	n
1	300	17	34	34	s	n
1	300	17	35	32	s	n
1	300	17	36	36	s	n
1	300	17	37	32	s	n
1	300	17	38	31	s	n
1	300	17	39	41	s	n
1	300	17	40	25	s	n
1	300	17	41	37	s	n
1	300	17	42	35	s	n
1	300	17	43	35	s	n
1	300	17	44	24	s	n
1	300	17	45	30	s	n
1	300	17	46	29	s	n
1	300	17	47	36	s	n
1	300	17	48	40	s	n
1	300	17	49	38	s	n
1	300	17	50	40	s	n
1	300	18	1	41	s	n
1	300	18	2	43	s	n
1	300	18	3	37	s	n
1	300	18	4	36	s	n
1	300	18	5	36	s	n
1	300	18	6	30	s	n
1	300	18	7	35	s	n
1	300	18	8	38	s	n
1	300	18	9	37	s	n
1	300	18	10	20	s	n
1	300	18	11	30	s	n
1	300	18	12	37	s	n
1	300	18	13	29	s	n
1	300	18	14	29	s	n
1	300	18	15	29	s	n
1	300	18	16	30	s	n
1	300	18	17	32	s	n
1	300	18	18	36	s	n
1	300	18	19	35	s	n
1	300	18	20	42	s	n
1	300	18	21	38	s	n
1	300	18	22	42	s	n
1	300	18	23	40	s	n
1	300	18	24	32	s	n
1	300	18	25	49	s	n
1	300	18	26	46	s	n
1	300	18	27	43	s	n
1	300	18	28	42	s	n
1	300	18	29	39	s	n
1	300	18	30	46	s	n
1	300	18	31	41	s	n
1	300	18	32	38	s	n
1	300	18	33	34	s	n
1	300	18	34	38	s	n
1	300	18	35	28	s	n
1	300	18	36	24	s	n
1	300	18	37	30	s	n
1	300	18	38	25	s	n
1	300	18	39	38	s	n
1	300	18	40	20	s	n
1	300	18	41	34	s	n
1	300	18	42	39	s	n
1	300	18	43	38	s	n
1	300	18	44	36	s	n
1	300	18	45	40	s	n
1	300	18	46	38	s	n
1	300	18	47	32	s	n
1	300	18	48	36	s	n
1	300	18	49	30	s	n
1	300	18	50	33	s	n
1	300	19	1	41	s	n
1	300	19	2	43	s	n
1	300	19	3	39	s	n
1	300	19	4	37	s	n
1	300	19	5	31	s	n
1	300	19	6	39	s	n
1	300	19	7	39	s	n
1	300	19	8	36	s	n
1	300	19	9	34	s	n
1	300	19	10	39	s	n
1	300	19	11	26	s	n
1	300	19	12	34	s	n
1	300	19	13	32	s	n
1	300	19	14	29	s	n
1	300	19	15	29	s	n
1	300	19	16	31	s	n
1	300	19	17	33	s	n
1	300	19	18	45	s	n
1	300	19	19	34	s	n
1	300	19	20	34	s	n
1	300	19	21	38	s	n
1	300	19	22	40	s	n
1	300	19	23	44	s	n
1	300	19	24	50	s	n
1	300	19	25	37	s	n
1	300	19	26	30	s	n
1	300	19	27	43	s	n
1	300	19	28	32	s	n
1	300	19	29	40	s	n
1	300	19	30	30	s	n
1	300	19	31	28	s	n
1	300	19	32	28	s	n
1	300	19	33	39	s	n
1	300	19	34	44	s	n
1	300	19	35	38	s	n
1	300	19	36	27	s	n
1	300	19	37	22	s	n
1	300	19	38	28	s	n
1	300	19	39	35	s	n
1	300	19	40	34	s	n
1	300	19	41	34	s	n
1	300	19	42	42	s	n
1	300	19	43	36	s	n
1	300	19	44	25	s	n
1	300	19	45	37	s	n
1	300	19	46	33	s	n
1	300	19	47	38	s	n
1	300	19	48	34	s	n
1	300	19	49	42	s	n
1	300	19	50	38	s	n
1	300	20	1	46	s	n
1	300	20	2	44	s	n
1	300	20	3	37	s	n
1	300	20	4	38	s	n
1	300	20	5	40	s	n
1	300	20	6	42	s	n
1	300	20	7	39	s	n
1	300	20	8	37	s	n
1	300	20	9	29	s	n
1	300	20	10	32	s	n
1	300	20	11	28	s	n
1	300	20	12	31	s	n
1	300	20	13	33	s	n
1	300	20	14	30	s	n
1	300	20	15	27	s	n
1	300	20	16	31	s	n
1	300	20	17	39	s	n
1	300	20	18	32	s	n
1	300	20	19	32	s	n
1	300	20	20	39	s	n
1	300	20	21	33	s	n
1	300	20	22	40	s	n
1	300	20	23	40	s	n
1	300	20	24	39	s	n
1	300	20	25	27	s	n
1	300	20	26	44	s	n
1	300	20	27	35	s	n
1	300	20	28	33	s	n
1	300	20	29	28	s	n
1	300	20	30	26	s	n
1	300	20	31	33	s	n
1	300	20	32	37	s	n
1	300	20	33	41	s	n
1	300	20	34	35	s	n
1	300	20	35	35	s	n
1	300	20	36	30	s	n
1	300	20	37	31	s	n
1	300	20	38	29	s	n
1	300	20	39	36	s	n
1	300	20	40	32	s	n
1	300	20	41	33	s	n
1	300	20	42	31	s	n
1	300	20	43	37	s	n
1	300	20	44	33	s	n
1	300	20	45	49	s	n
1	300	20	46	36	s	n
1	300	20	47	44	s	n
1	300	20	48	34	s	n
1	300	20	49	23	s	n
1	300	20	50	40	s	n
